2026-09-17 13:26:35 [ERROR] sync.pushers.fromation_pusher - Error in push FormationAdd: 'NoneType' object is not subscriptable
Traceback (most recent call last):
  File "/home/kernelsipc/Bureau/unistudious_local/sync_data_local_server/sync/pushers/fromation_pusher.py", line 128, in push_formationAdd
    accountLevelIdProd = result['id_prod']
TypeError: 'NoneType' object is not subscriptable
2026-09-17 13:26:35 [ERROR] sync.data_pusher - formation_audit audit #1 failed — will retry next cycle
2026-09-17 14:02:25 [ERROR] sync.pushers.fromation_pusher - Error in push FormationAdd: 'NoneType' object is not subscriptable
Traceback (most recent call last):
  File "/home/kernelsipc/Bureau/unistudious_local/sync_data_local_server/sync/pushers/fromation_pusher.py", line 128, in push_formationAdd
    accountLevelIdProd = result['id_prod']
TypeError: 'NoneType' object is not subscriptable
2026-09-17 14:02:25 [ERROR] sync.data_pusher - formation_audit audit #1 failed — will retry next cycle
2026-09-17 14:03:26 [ERROR] sync.pushers.fromation_pusher - Error in push FormationAdd: 'NoneType' object is not subscriptable
Traceback (most recent call last):
  File "/home/kernelsipc/Bureau/unistudious_local/sync_data_local_server/sync/pushers/fromation_pusher.py", line 128, in push_formationAdd
    accountLevelIdProd = result['id_prod']
TypeError: 'NoneType' object is not subscriptable
2026-09-17 14:03:26 [ERROR] sync.data_pusher - formation_audit audit #1 failed — will retry next cycle
2026-09-17 14:04:27 [ERROR] sync.pushers.fromation_pusher - Error in push FormationAdd: 'NoneType' object is not subscriptable
Traceback (most recent call last):
  File "/home/kernelsipc/Bureau/unistudious_local/sync_data_local_server/sync/pushers/fromation_pusher.py", line 128, in push_formationAdd
    accountLevelIdProd = result['id_prod']
TypeError: 'NoneType' object is not subscriptable
2026-09-17 14:04:27 [ERROR] sync.data_pusher - formation_audit audit #1 failed — will retry next cycle
2026-09-17 14:05:28 [ERROR] sync.pushers.fromation_pusher - Error in push FormationAdd: 'NoneType' object is not subscriptable
Traceback (most recent call last):
  File "/home/kernelsipc/Bureau/unistudious_local/sync_data_local_server/sync/pushers/fromation_pusher.py", line 128, in push_formationAdd
    accountLevelIdProd = result['id_prod']
TypeError: 'NoneType' object is not subscriptable
2026-09-17 14:05:28 [ERROR] sync.data_pusher - formation_audit audit #1 failed — will retry next cycle
2026-09-17 14:06:29 [ERROR] sync.pushers.fromation_pusher - Error in push FormationAdd: 'NoneType' object is not subscriptable
Traceback (most recent call last):
  File "/home/kernelsipc/Bureau/unistudious_local/sync_data_local_server/sync/pushers/fromation_pusher.py", line 128, in push_formationAdd
    accountLevelIdProd = result['id_prod']
TypeError: 'NoneType' object is not subscriptable
2026-09-17 14:06:29 [ERROR] sync.data_pusher - formation_audit audit #1 failed — will retry next cycle
2026-09-17 14:07:30 [ERROR] sync.pushers.fromation_pusher - Error in push FormationAdd: 'NoneType' object is not subscriptable
Traceback (most recent call last):
  File "/home/kernelsipc/Bureau/unistudious_local/sync_data_local_server/sync/pushers/fromation_pusher.py", line 128, in push_formationAdd
    accountLevelIdProd = result['id_prod']
TypeError: 'NoneType' object is not subscriptable
2026-09-17 14:07:30 [ERROR] sync.data_pusher - formation_audit audit #1 failed — will retry next cycle
2026-09-17 14:08:31 [ERROR] sync.pushers.fromation_pusher - Error in push FormationAdd: 'NoneType' object is not subscriptable
Traceback (most recent call last):
  File "/home/kernelsipc/Bureau/unistudious_local/sync_data_local_server/sync/pushers/fromation_pusher.py", line 128, in push_formationAdd
    accountLevelIdProd = result['id_prod']
TypeError: 'NoneType' object is not subscriptable
2026-09-17 14:08:31 [ERROR] sync.data_pusher - formation_audit audit #1 failed — will retry next cycle
2026-09-17 14:09:32 [ERROR] sync.pushers.fromation_pusher - Error in push FormationAdd: 'NoneType' object is not subscriptable
Traceback (most recent call last):
  File "/home/kernelsipc/Bureau/unistudious_local/sync_data_local_server/sync/pushers/fromation_pusher.py", line 128, in push_formationAdd
    accountLevelIdProd = result['id_prod']
TypeError: 'NoneType' object is not subscriptable
2026-09-17 14:09:32 [ERROR] sync.data_pusher - formation_audit audit #1 failed — will retry next cycle
2026-09-17 14:10:33 [ERROR] sync.pushers.fromation_pusher - Error in push FormationAdd: 'NoneType' object is not subscriptable
Traceback (most recent call last):
  File "/home/kernelsipc/Bureau/unistudious_local/sync_data_local_server/sync/pushers/fromation_pusher.py", line 128, in push_formationAdd
    accountLevelIdProd = result['id_prod']
TypeError: 'NoneType' object is not subscriptable
2026-09-17 14:10:33 [ERROR] sync.data_pusher - formation_audit audit #1 failed — will retry next cycle
2026-09-17 14:11:34 [ERROR] sync.pushers.fromation_pusher - Error in push FormationAdd: 'NoneType' object is not subscriptable
Traceback (most recent call last):
  File "/home/kernelsipc/Bureau/unistudious_local/sync_data_local_server/sync/pushers/fromation_pusher.py", line 128, in push_formationAdd
    accountLevelIdProd = result['id_prod']
TypeError: 'NoneType' object is not subscriptable
2026-09-17 14:11:34 [ERROR] sync.data_pusher - formation_audit audit #1 failed — will retry next cycle
2026-09-17 14:12:35 [ERROR] sync.pushers.fromation_pusher - Error in push FormationAdd: 'NoneType' object is not subscriptable
Traceback (most recent call last):
  File "/home/kernelsipc/Bureau/unistudious_local/sync_data_local_server/sync/pushers/fromation_pusher.py", line 128, in push_formationAdd
    accountLevelIdProd = result['id_prod']
TypeError: 'NoneType' object is not subscriptable
2026-09-17 14:12:35 [ERROR] sync.data_pusher - formation_audit audit #1 failed — will retry next cycle
2026-09-17 14:13:36 [ERROR] sync.pushers.fromation_pusher - Error in push FormationAdd: 'NoneType' object is not subscriptable
Traceback (most recent call last):
  File "/home/kernelsipc/Bureau/unistudious_local/sync_data_local_server/sync/pushers/fromation_pusher.py", line 128, in push_formationAdd
    accountLevelIdProd = result['id_prod']
TypeError: 'NoneType' object is not subscriptable
2026-09-17 14:13:36 [ERROR] sync.data_pusher - formation_audit audit #1 failed — will retry next cycle
2026-09-17 14:14:37 [ERROR] sync.pushers.fromation_pusher - Error in push FormationAdd: 'NoneType' object is not subscriptable
Traceback (most recent call last):
  File "/home/kernelsipc/Bureau/unistudious_local/sync_data_local_server/sync/pushers/fromation_pusher.py", line 128, in push_formationAdd
    accountLevelIdProd = result['id_prod']
TypeError: 'NoneType' object is not subscriptable
2026-09-17 14:14:37 [ERROR] sync.data_pusher - formation_audit audit #1 failed — will retry next cycle
2026-09-17 14:15:38 [ERROR] sync.pushers.fromation_pusher - Error in push FormationAdd: 'NoneType' object is not subscriptable
Traceback (most recent call last):
  File "/home/kernelsipc/Bureau/unistudious_local/sync_data_local_server/sync/pushers/fromation_pusher.py", line 128, in push_formationAdd
    accountLevelIdProd = result['id_prod']
TypeError: 'NoneType' object is not subscriptable
2026-09-17 14:15:38 [ERROR] sync.data_pusher - formation_audit audit #1 failed — will retry next cycle
2026-09-17 14:16:38 [ERROR] sync.pushers.fromation_pusher - Error in push FormationAdd: 'NoneType' object is not subscriptable
Traceback (most recent call last):
  File "/home/kernelsipc/Bureau/unistudious_local/sync_data_local_server/sync/pushers/fromation_pusher.py", line 128, in push_formationAdd
    accountLevelIdProd = result['id_prod']
TypeError: 'NoneType' object is not subscriptable
2026-09-17 14:16:38 [ERROR] sync.data_pusher - formation_audit audit #1 failed — will retry next cycle
2026-09-17 14:17:39 [ERROR] sync.pushers.fromation_pusher - Error in push FormationAdd: 'NoneType' object is not subscriptable
Traceback (most recent call last):
  File "/home/kernelsipc/Bureau/unistudious_local/sync_data_local_server/sync/pushers/fromation_pusher.py", line 128, in push_formationAdd
    accountLevelIdProd = result['id_prod']
TypeError: 'NoneType' object is not subscriptable
2026-09-17 14:17:39 [ERROR] sync.data_pusher - formation_audit audit #1 failed — will retry next cycle
2026-09-17 14:18:40 [ERROR] sync.pushers.fromation_pusher - Error in push FormationAdd: 'NoneType' object is not subscriptable
Traceback (most recent call last):
  File "/home/kernelsipc/Bureau/unistudious_local/sync_data_local_server/sync/pushers/fromation_pusher.py", line 128, in push_formationAdd
    accountLevelIdProd = result['id_prod']
TypeError: 'NoneType' object is not subscriptable
2026-09-17 14:18:40 [ERROR] sync.data_pusher - formation_audit audit #1 failed — will retry next cycle
2026-09-17 14:19:41 [ERROR] sync.pushers.fromation_pusher - Error in push FormationAdd: 'NoneType' object is not subscriptable
Traceback (most recent call last):
  File "/home/kernelsipc/Bureau/unistudious_local/sync_data_local_server/sync/pushers/fromation_pusher.py", line 128, in push_formationAdd
    accountLevelIdProd = result['id_prod']
TypeError: 'NoneType' object is not subscriptable
2026-09-17 14:19:41 [ERROR] sync.data_pusher - formation_audit audit #1 failed — will retry next cycle
2026-09-17 14:20:42 [ERROR] sync.pushers.fromation_pusher - Error in push FormationAdd: 'NoneType' object is not subscriptable
Traceback (most recent call last):
  File "/home/kernelsipc/Bureau/unistudious_local/sync_data_local_server/sync/pushers/fromation_pusher.py", line 128, in push_formationAdd
    accountLevelIdProd = result['id_prod']
TypeError: 'NoneType' object is not subscriptable
2026-09-17 14:20:42 [ERROR] sync.data_pusher - formation_audit audit #1 failed — will retry next cycle
2026-09-17 14:21:43 [ERROR] sync.pushers.fromation_pusher - Error in push FormationAdd: 'NoneType' object is not subscriptable
Traceback (most recent call last):
  File "/home/kernelsipc/Bureau/unistudious_local/sync_data_local_server/sync/pushers/fromation_pusher.py", line 128, in push_formationAdd
    accountLevelIdProd = result['id_prod']
TypeError: 'NoneType' object is not subscriptable
2026-09-17 14:21:43 [ERROR] sync.data_pusher - formation_audit audit #1 failed — will retry next cycle
2026-09-17 14:22:49 [ERROR] sync.pushers.fromation_pusher - Error in push FormationAdd: 'NoneType' object is not subscriptable
Traceback (most recent call last):
  File "/home/kernelsipc/Bureau/unistudious_local/sync_data_local_server/sync/pushers/fromation_pusher.py", line 128, in push_formationAdd
    accountLevelIdProd = result['id_prod']
TypeError: 'NoneType' object is not subscriptable
2026-09-17 14:22:49 [ERROR] sync.data_pusher - formation_audit audit #1 failed — will retry next cycle
2026-09-17 14:23:50 [ERROR] sync.pushers.fromation_pusher - Error in push FormationAdd: 'NoneType' object is not subscriptable
Traceback (most recent call last):
  File "/home/kernelsipc/Bureau/unistudious_local/sync_data_local_server/sync/pushers/fromation_pusher.py", line 128, in push_formationAdd
    accountLevelIdProd = result['id_prod']
TypeError: 'NoneType' object is not subscriptable
2026-09-17 14:23:50 [ERROR] sync.data_pusher - formation_audit audit #1 failed — will retry next cycle
2026-09-17 14:24:51 [ERROR] sync.pushers.fromation_pusher - Error in push FormationAdd: 'NoneType' object is not subscriptable
Traceback (most recent call last):
  File "/home/kernelsipc/Bureau/unistudious_local/sync_data_local_server/sync/pushers/fromation_pusher.py", line 128, in push_formationAdd
    accountLevelIdProd = result['id_prod']
TypeError: 'NoneType' object is not subscriptable
2026-09-17 14:24:51 [ERROR] sync.data_pusher - formation_audit audit #1 failed — will retry next cycle
2026-09-17 14:25:52 [ERROR] sync.pushers.fromation_pusher - Error in push FormationAdd: 'NoneType' object is not subscriptable
Traceback (most recent call last):
  File "/home/kernelsipc/Bureau/unistudious_local/sync_data_local_server/sync/pushers/fromation_pusher.py", line 128, in push_formationAdd
    accountLevelIdProd = result['id_prod']
TypeError: 'NoneType' object is not subscriptable
2026-09-17 14:25:52 [ERROR] sync.data_pusher - formation_audit audit #1 failed — will retry next cycle
2026-09-17 14:26:52 [ERROR] sync.pushers.fromation_pusher - Error in push FormationAdd: 'NoneType' object is not subscriptable
Traceback (most recent call last):
  File "/home/kernelsipc/Bureau/unistudious_local/sync_data_local_server/sync/pushers/fromation_pusher.py", line 128, in push_formationAdd
    accountLevelIdProd = result['id_prod']
TypeError: 'NoneType' object is not subscriptable
2026-09-17 14:26:52 [ERROR] sync.data_pusher - formation_audit audit #1 failed — will retry next cycle
2026-09-17 14:27:53 [ERROR] sync.pushers.fromation_pusher - Error in push FormationAdd: 'NoneType' object is not subscriptable
Traceback (most recent call last):
  File "/home/kernelsipc/Bureau/unistudious_local/sync_data_local_server/sync/pushers/fromation_pusher.py", line 128, in push_formationAdd
    accountLevelIdProd = result['id_prod']
TypeError: 'NoneType' object is not subscriptable
2026-09-17 14:27:53 [ERROR] sync.data_pusher - formation_audit audit #1 failed — will retry next cycle
2026-09-17 14:28:54 [ERROR] sync.pushers.fromation_pusher - Error in push FormationAdd: 'NoneType' object is not subscriptable
Traceback (most recent call last):
  File "/home/kernelsipc/Bureau/unistudious_local/sync_data_local_server/sync/pushers/fromation_pusher.py", line 128, in push_formationAdd
    accountLevelIdProd = result['id_prod']
TypeError: 'NoneType' object is not subscriptable
2026-09-17 14:28:54 [ERROR] sync.data_pusher - formation_audit audit #1 failed — will retry next cycle
2026-09-17 14:29:55 [ERROR] sync.pushers.fromation_pusher - Error in push FormationAdd: 'NoneType' object is not subscriptable
Traceback (most recent call last):
  File "/home/kernelsipc/Bureau/unistudious_local/sync_data_local_server/sync/pushers/fromation_pusher.py", line 128, in push_formationAdd
    accountLevelIdProd = result['id_prod']
TypeError: 'NoneType' object is not subscriptable
2026-09-17 14:29:55 [ERROR] sync.data_pusher - formation_audit audit #1 failed — will retry next cycle
2026-09-17 14:30:56 [ERROR] sync.pushers.fromation_pusher - Error in push FormationAdd: 'NoneType' object is not subscriptable
Traceback (most recent call last):
  File "/home/kernelsipc/Bureau/unistudious_local/sync_data_local_server/sync/pushers/fromation_pusher.py", line 128, in push_formationAdd
    accountLevelIdProd = result['id_prod']
TypeError: 'NoneType' object is not subscriptable
2026-09-17 14:30:56 [ERROR] sync.data_pusher - formation_audit audit #1 failed — will retry next cycle
2026-09-17 14:31:57 [ERROR] sync.pushers.fromation_pusher - Error in push FormationAdd: 'NoneType' object is not subscriptable
Traceback (most recent call last):
  File "/home/kernelsipc/Bureau/unistudious_local/sync_data_local_server/sync/pushers/fromation_pusher.py", line 128, in push_formationAdd
    accountLevelIdProd = result['id_prod']
TypeError: 'NoneType' object is not subscriptable
2026-09-17 14:31:57 [ERROR] sync.data_pusher - formation_audit audit #1 failed — will retry next cycle
2026-09-17 14:32:58 [ERROR] sync.pushers.fromation_pusher - Error in push FormationAdd: 'NoneType' object is not subscriptable
Traceback (most recent call last):
  File "/home/kernelsipc/Bureau/unistudious_local/sync_data_local_server/sync/pushers/fromation_pusher.py", line 128, in push_formationAdd
    accountLevelIdProd = result['id_prod']
TypeError: 'NoneType' object is not subscriptable
2026-09-17 14:32:58 [ERROR] sync.data_pusher - formation_audit audit #1 failed — will retry next cycle
2026-09-17 14:33:59 [ERROR] sync.pushers.fromation_pusher - Error in push FormationAdd: 'NoneType' object is not subscriptable
Traceback (most recent call last):
  File "/home/kernelsipc/Bureau/unistudious_local/sync_data_local_server/sync/pushers/fromation_pusher.py", line 128, in push_formationAdd
    accountLevelIdProd = result['id_prod']
TypeError: 'NoneType' object is not subscriptable
2026-09-17 14:33:59 [ERROR] sync.data_pusher - formation_audit audit #1 failed — will retry next cycle
2026-09-17 14:35:00 [ERROR] sync.pushers.fromation_pusher - Error in push FormationAdd: 'NoneType' object is not subscriptable
Traceback (most recent call last):
  File "/home/kernelsipc/Bureau/unistudious_local/sync_data_local_server/sync/pushers/fromation_pusher.py", line 128, in push_formationAdd
    accountLevelIdProd = result['id_prod']
TypeError: 'NoneType' object is not subscriptable
2026-09-17 14:35:00 [ERROR] sync.data_pusher - formation_audit audit #1 failed — will retry next cycle
2026-09-17 14:36:01 [ERROR] sync.pushers.fromation_pusher - Error in push FormationAdd: 'NoneType' object is not subscriptable
Traceback (most recent call last):
  File "/home/kernelsipc/Bureau/unistudious_local/sync_data_local_server/sync/pushers/fromation_pusher.py", line 128, in push_formationAdd
    accountLevelIdProd = result['id_prod']
TypeError: 'NoneType' object is not subscriptable
2026-09-17 14:36:01 [ERROR] sync.data_pusher - formation_audit audit #1 failed — will retry next cycle
2026-09-17 14:37:02 [ERROR] sync.pushers.fromation_pusher - Error in push FormationAdd: 'NoneType' object is not subscriptable
Traceback (most recent call last):
  File "/home/kernelsipc/Bureau/unistudious_local/sync_data_local_server/sync/pushers/fromation_pusher.py", line 128, in push_formationAdd
    accountLevelIdProd = result['id_prod']
TypeError: 'NoneType' object is not subscriptable
2026-09-17 14:37:02 [ERROR] sync.data_pusher - formation_audit audit #1 failed — will retry next cycle
2026-09-17 14:38:03 [ERROR] sync.pushers.fromation_pusher - Error in push FormationAdd: 'NoneType' object is not subscriptable
Traceback (most recent call last):
  File "/home/kernelsipc/Bureau/unistudious_local/sync_data_local_server/sync/pushers/fromation_pusher.py", line 128, in push_formationAdd
    accountLevelIdProd = result['id_prod']
TypeError: 'NoneType' object is not subscriptable
2026-09-17 14:38:03 [ERROR] sync.data_pusher - formation_audit audit #1 failed — will retry next cycle
2026-09-17 14:39:04 [ERROR] sync.pushers.fromation_pusher - Error in push FormationAdd: 'NoneType' object is not subscriptable
Traceback (most recent call last):
  File "/home/kernelsipc/Bureau/unistudious_local/sync_data_local_server/sync/pushers/fromation_pusher.py", line 128, in push_formationAdd
    accountLevelIdProd = result['id_prod']
TypeError: 'NoneType' object is not subscriptable
2026-09-17 14:39:04 [ERROR] sync.data_pusher - formation_audit audit #1 failed — will retry next cycle
2026-09-17 14:40:05 [ERROR] sync.pushers.fromation_pusher - Error in push FormationAdd: 'NoneType' object is not subscriptable
Traceback (most recent call last):
  File "/home/kernelsipc/Bureau/unistudious_local/sync_data_local_server/sync/pushers/fromation_pusher.py", line 128, in push_formationAdd
    accountLevelIdProd = result['id_prod']
TypeError: 'NoneType' object is not subscriptable
2026-09-17 14:40:05 [ERROR] sync.data_pusher - formation_audit audit #1 failed — will retry next cycle
2026-09-17 14:41:06 [ERROR] sync.pushers.fromation_pusher - Error in push FormationAdd: 'NoneType' object is not subscriptable
Traceback (most recent call last):
  File "/home/kernelsipc/Bureau/unistudious_local/sync_data_local_server/sync/pushers/fromation_pusher.py", line 128, in push_formationAdd
    accountLevelIdProd = result['id_prod']
TypeError: 'NoneType' object is not subscriptable
2026-09-17 14:41:06 [ERROR] sync.data_pusher - formation_audit audit #1 failed — will retry next cycle
2026-09-17 14:42:07 [ERROR] sync.pushers.fromation_pusher - Error in push FormationAdd: 'NoneType' object is not subscriptable
Traceback (most recent call last):
  File "/home/kernelsipc/Bureau/unistudious_local/sync_data_local_server/sync/pushers/fromation_pusher.py", line 128, in push_formationAdd
    accountLevelIdProd = result['id_prod']
TypeError: 'NoneType' object is not subscriptable
2026-09-17 14:42:07 [ERROR] sync.data_pusher - formation_audit audit #1 failed — will retry next cycle
2026-09-17 14:43:08 [ERROR] sync.pushers.fromation_pusher - Error in push FormationAdd: 'NoneType' object is not subscriptable
Traceback (most recent call last):
  File "/home/kernelsipc/Bureau/unistudious_local/sync_data_local_server/sync/pushers/fromation_pusher.py", line 128, in push_formationAdd
    accountLevelIdProd = result['id_prod']
TypeError: 'NoneType' object is not subscriptable
2026-09-17 14:43:08 [ERROR] sync.data_pusher - formation_audit audit #1 failed — will retry next cycle
2026-09-17 14:44:09 [ERROR] sync.pushers.fromation_pusher - Error in push FormationAdd: 'NoneType' object is not subscriptable
Traceback (most recent call last):
  File "/home/kernelsipc/Bureau/unistudious_local/sync_data_local_server/sync/pushers/fromation_pusher.py", line 128, in push_formationAdd
    accountLevelIdProd = result['id_prod']
TypeError: 'NoneType' object is not subscriptable
2026-09-17 14:44:09 [ERROR] sync.data_pusher - formation_audit audit #1 failed — will retry next cycle
2026-09-17 14:45:10 [ERROR] sync.pushers.fromation_pusher - Error in push FormationAdd: 'NoneType' object is not subscriptable
Traceback (most recent call last):
  File "/home/kernelsipc/Bureau/unistudious_local/sync_data_local_server/sync/pushers/fromation_pusher.py", line 128, in push_formationAdd
    accountLevelIdProd = result['id_prod']
TypeError: 'NoneType' object is not subscriptable
2026-09-17 14:45:10 [ERROR] sync.data_pusher - formation_audit audit #1 failed — will retry next cycle
2026-09-17 14:46:11 [ERROR] sync.pushers.fromation_pusher - Error in push FormationAdd: 'NoneType' object is not subscriptable
Traceback (most recent call last):
  File "/home/kernelsipc/Bureau/unistudious_local/sync_data_local_server/sync/pushers/fromation_pusher.py", line 128, in push_formationAdd
    accountLevelIdProd = result['id_prod']
TypeError: 'NoneType' object is not subscriptable
2026-09-17 14:46:11 [ERROR] sync.data_pusher - formation_audit audit #1 failed — will retry next cycle
2026-09-17 14:47:12 [ERROR] sync.pushers.fromation_pusher - Error in push FormationAdd: 'NoneType' object is not subscriptable
Traceback (most recent call last):
  File "/home/kernelsipc/Bureau/unistudious_local/sync_data_local_server/sync/pushers/fromation_pusher.py", line 128, in push_formationAdd
    accountLevelIdProd = result['id_prod']
TypeError: 'NoneType' object is not subscriptable
2026-09-17 14:47:12 [ERROR] sync.data_pusher - formation_audit audit #1 failed — will retry next cycle
2026-09-17 14:48:13 [ERROR] sync.pushers.fromation_pusher - Error in push FormationAdd: 'NoneType' object is not subscriptable
Traceback (most recent call last):
  File "/home/kernelsipc/Bureau/unistudious_local/sync_data_local_server/sync/pushers/fromation_pusher.py", line 128, in push_formationAdd
    accountLevelIdProd = result['id_prod']
TypeError: 'NoneType' object is not subscriptable
2026-09-17 14:48:13 [ERROR] sync.data_pusher - formation_audit audit #1 failed — will retry next cycle
2026-09-17 14:49:20 [ERROR] sync.pushers.fromation_pusher - Error in push FormationAdd: 'NoneType' object is not subscriptable
Traceback (most recent call last):
  File "/home/kernelsipc/Bureau/unistudious_local/sync_data_local_server/sync/pushers/fromation_pusher.py", line 128, in push_formationAdd
    accountLevelIdProd = result['id_prod']
TypeError: 'NoneType' object is not subscriptable
2026-09-17 14:49:20 [ERROR] sync.data_pusher - formation_audit audit #1 failed — will retry next cycle
2026-09-17 14:50:22 [ERROR] sync.pushers.fromation_pusher - Error in push FormationAdd: 'NoneType' object is not subscriptable
Traceback (most recent call last):
  File "/home/kernelsipc/Bureau/unistudious_local/sync_data_local_server/sync/pushers/fromation_pusher.py", line 128, in push_formationAdd
    accountLevelIdProd = result['id_prod']
TypeError: 'NoneType' object is not subscriptable
2026-09-17 14:50:22 [ERROR] sync.data_pusher - formation_audit audit #1 failed — will retry next cycle
2026-09-17 14:51:23 [ERROR] sync.pushers.fromation_pusher - Error in push FormationAdd: 'NoneType' object is not subscriptable
Traceback (most recent call last):
  File "/home/kernelsipc/Bureau/unistudious_local/sync_data_local_server/sync/pushers/fromation_pusher.py", line 128, in push_formationAdd
    accountLevelIdProd = result['id_prod']
TypeError: 'NoneType' object is not subscriptable
2026-09-17 14:51:23 [ERROR] sync.data_pusher - formation_audit audit #1 failed — will retry next cycle
2026-09-17 14:52:24 [ERROR] sync.pushers.fromation_pusher - Error in push FormationAdd: 'NoneType' object is not subscriptable
Traceback (most recent call last):
  File "/home/kernelsipc/Bureau/unistudious_local/sync_data_local_server/sync/pushers/fromation_pusher.py", line 128, in push_formationAdd
    accountLevelIdProd = result['id_prod']
TypeError: 'NoneType' object is not subscriptable
2026-09-17 14:52:24 [ERROR] sync.data_pusher - formation_audit audit #1 failed — will retry next cycle
2026-09-17 14:53:26 [ERROR] sync.pushers.fromation_pusher - Error in push FormationAdd: 'NoneType' object is not subscriptable
Traceback (most recent call last):
  File "/home/kernelsipc/Bureau/unistudious_local/sync_data_local_server/sync/pushers/fromation_pusher.py", line 128, in push_formationAdd
    accountLevelIdProd = result['id_prod']
TypeError: 'NoneType' object is not subscriptable
2026-09-17 14:53:26 [ERROR] sync.data_pusher - formation_audit audit #1 failed — will retry next cycle
2026-09-17 14:54:28 [ERROR] sync.pushers.fromation_pusher - Error in push FormationAdd: 'NoneType' object is not subscriptable
Traceback (most recent call last):
  File "/home/kernelsipc/Bureau/unistudious_local/sync_data_local_server/sync/pushers/fromation_pusher.py", line 128, in push_formationAdd
    accountLevelIdProd = result['id_prod']
TypeError: 'NoneType' object is not subscriptable
2026-09-17 14:54:28 [ERROR] sync.data_pusher - formation_audit audit #1 failed — will retry next cycle
2026-09-17 14:55:28 [ERROR] sync.pushers.fromation_pusher - Error in push FormationAdd: 'NoneType' object is not subscriptable
Traceback (most recent call last):
  File "/home/kernelsipc/Bureau/unistudious_local/sync_data_local_server/sync/pushers/fromation_pusher.py", line 128, in push_formationAdd
    accountLevelIdProd = result['id_prod']
TypeError: 'NoneType' object is not subscriptable
2026-09-17 14:55:28 [ERROR] sync.data_pusher - formation_audit audit #1 failed — will retry next cycle
2026-09-17 14:56:29 [ERROR] sync.pushers.fromation_pusher - Error in push FormationAdd: 'NoneType' object is not subscriptable
Traceback (most recent call last):
  File "/home/kernelsipc/Bureau/unistudious_local/sync_data_local_server/sync/pushers/fromation_pusher.py", line 128, in push_formationAdd
    accountLevelIdProd = result['id_prod']
TypeError: 'NoneType' object is not subscriptable
2026-09-17 14:56:29 [ERROR] sync.data_pusher - formation_audit audit #1 failed — will retry next cycle
2026-09-17 14:57:30 [ERROR] sync.pushers.fromation_pusher - Error in push FormationAdd: 'NoneType' object is not subscriptable
Traceback (most recent call last):
  File "/home/kernelsipc/Bureau/unistudious_local/sync_data_local_server/sync/pushers/fromation_pusher.py", line 128, in push_formationAdd
    accountLevelIdProd = result['id_prod']
TypeError: 'NoneType' object is not subscriptable
2026-09-17 14:57:30 [ERROR] sync.data_pusher - formation_audit audit #1 failed — will retry next cycle
2026-09-17 14:58:31 [ERROR] sync.pushers.fromation_pusher - Error in push FormationAdd: 'NoneType' object is not subscriptable
Traceback (most recent call last):
  File "/home/kernelsipc/Bureau/unistudious_local/sync_data_local_server/sync/pushers/fromation_pusher.py", line 128, in push_formationAdd
    accountLevelIdProd = result['id_prod']
TypeError: 'NoneType' object is not subscriptable
2026-09-17 14:58:31 [ERROR] sync.data_pusher - formation_audit audit #1 failed — will retry next cycle
2026-09-17 14:59:32 [ERROR] sync.pushers.fromation_pusher - Error in push FormationAdd: 'NoneType' object is not subscriptable
Traceback (most recent call last):
  File "/home/kernelsipc/Bureau/unistudious_local/sync_data_local_server/sync/pushers/fromation_pusher.py", line 128, in push_formationAdd
    accountLevelIdProd = result['id_prod']
TypeError: 'NoneType' object is not subscriptable
2026-09-17 14:59:32 [ERROR] sync.data_pusher - formation_audit audit #1 failed — will retry next cycle
2026-09-17 15:00:33 [ERROR] sync.pushers.fromation_pusher - Error in push FormationAdd: 'NoneType' object is not subscriptable
Traceback (most recent call last):
  File "/home/kernelsipc/Bureau/unistudious_local/sync_data_local_server/sync/pushers/fromation_pusher.py", line 128, in push_formationAdd
    accountLevelIdProd = result['id_prod']
TypeError: 'NoneType' object is not subscriptable
2026-09-17 15:00:33 [ERROR] sync.data_pusher - formation_audit audit #1 failed — will retry next cycle
2026-09-17 15:01:34 [ERROR] sync.pushers.fromation_pusher - Error in push FormationAdd: 'NoneType' object is not subscriptable
Traceback (most recent call last):
  File "/home/kernelsipc/Bureau/unistudious_local/sync_data_local_server/sync/pushers/fromation_pusher.py", line 128, in push_formationAdd
    accountLevelIdProd = result['id_prod']
TypeError: 'NoneType' object is not subscriptable
2026-09-17 15:01:34 [ERROR] sync.data_pusher - formation_audit audit #1 failed — will retry next cycle
2026-09-17 15:02:36 [ERROR] sync.pushers.fromation_pusher - Error in push FormationAdd: 'NoneType' object is not subscriptable
Traceback (most recent call last):
  File "/home/kernelsipc/Bureau/unistudious_local/sync_data_local_server/sync/pushers/fromation_pusher.py", line 128, in push_formationAdd
    accountLevelIdProd = result['id_prod']
TypeError: 'NoneType' object is not subscriptable
2026-09-17 15:02:36 [ERROR] sync.data_pusher - formation_audit audit #1 failed — will retry next cycle
2026-09-17 15:03:36 [ERROR] sync.pushers.fromation_pusher - Error in push FormationAdd: 'NoneType' object is not subscriptable
Traceback (most recent call last):
  File "/home/kernelsipc/Bureau/unistudious_local/sync_data_local_server/sync/pushers/fromation_pusher.py", line 128, in push_formationAdd
    accountLevelIdProd = result['id_prod']
TypeError: 'NoneType' object is not subscriptable
2026-09-17 15:03:36 [ERROR] sync.data_pusher - formation_audit audit #1 failed — will retry next cycle
2026-09-17 15:04:37 [ERROR] sync.pushers.fromation_pusher - Error in push FormationAdd: 'NoneType' object is not subscriptable
Traceback (most recent call last):
  File "/home/kernelsipc/Bureau/unistudious_local/sync_data_local_server/sync/pushers/fromation_pusher.py", line 128, in push_formationAdd
    accountLevelIdProd = result['id_prod']
TypeError: 'NoneType' object is not subscriptable
2026-09-17 15:04:37 [ERROR] sync.data_pusher - formation_audit audit #1 failed — will retry next cycle
2026-09-17 15:05:38 [ERROR] sync.pushers.fromation_pusher - Error in push FormationAdd: 'NoneType' object is not subscriptable
Traceback (most recent call last):
  File "/home/kernelsipc/Bureau/unistudious_local/sync_data_local_server/sync/pushers/fromation_pusher.py", line 128, in push_formationAdd
    accountLevelIdProd = result['id_prod']
TypeError: 'NoneType' object is not subscriptable
2026-09-17 15:05:38 [ERROR] sync.data_pusher - formation_audit audit #1 failed — will retry next cycle
2026-09-17 15:06:39 [ERROR] sync.pushers.fromation_pusher - Error in push FormationAdd: 'NoneType' object is not subscriptable
Traceback (most recent call last):
  File "/home/kernelsipc/Bureau/unistudious_local/sync_data_local_server/sync/pushers/fromation_pusher.py", line 128, in push_formationAdd
    accountLevelIdProd = result['id_prod']
TypeError: 'NoneType' object is not subscriptable
2026-09-17 15:06:39 [ERROR] sync.data_pusher - formation_audit audit #1 failed — will retry next cycle
2026-09-17 15:07:40 [ERROR] sync.pushers.fromation_pusher - Error in push FormationAdd: 'NoneType' object is not subscriptable
Traceback (most recent call last):
  File "/home/kernelsipc/Bureau/unistudious_local/sync_data_local_server/sync/pushers/fromation_pusher.py", line 128, in push_formationAdd
    accountLevelIdProd = result['id_prod']
TypeError: 'NoneType' object is not subscriptable
2026-09-17 15:07:40 [ERROR] sync.data_pusher - formation_audit audit #1 failed — will retry next cycle
2026-09-17 15:08:42 [ERROR] sync.pushers.fromation_pusher - Error in push FormationAdd: 'NoneType' object is not subscriptable
Traceback (most recent call last):
  File "/home/kernelsipc/Bureau/unistudious_local/sync_data_local_server/sync/pushers/fromation_pusher.py", line 128, in push_formationAdd
    accountLevelIdProd = result['id_prod']
TypeError: 'NoneType' object is not subscriptable
2026-09-17 15:08:42 [ERROR] sync.data_pusher - formation_audit audit #1 failed — will retry next cycle
2026-09-17 15:09:43 [ERROR] sync.pushers.fromation_pusher - Error in push FormationAdd: 'NoneType' object is not subscriptable
Traceback (most recent call last):
  File "/home/kernelsipc/Bureau/unistudious_local/sync_data_local_server/sync/pushers/fromation_pusher.py", line 128, in push_formationAdd
    accountLevelIdProd = result['id_prod']
TypeError: 'NoneType' object is not subscriptable
2026-09-17 15:09:43 [ERROR] sync.data_pusher - formation_audit audit #1 failed — will retry next cycle
2026-09-17 15:10:44 [ERROR] sync.pushers.fromation_pusher - Error in push FormationAdd: 'NoneType' object is not subscriptable
Traceback (most recent call last):
  File "/home/kernelsipc/Bureau/unistudious_local/sync_data_local_server/sync/pushers/fromation_pusher.py", line 128, in push_formationAdd
    accountLevelIdProd = result['id_prod']
TypeError: 'NoneType' object is not subscriptable
2026-09-17 15:10:44 [ERROR] sync.data_pusher - formation_audit audit #1 failed — will retry next cycle
2026-09-17 15:11:46 [ERROR] sync.pushers.fromation_pusher - Error in push FormationAdd: 'NoneType' object is not subscriptable
Traceback (most recent call last):
  File "/home/kernelsipc/Bureau/unistudious_local/sync_data_local_server/sync/pushers/fromation_pusher.py", line 128, in push_formationAdd
    accountLevelIdProd = result['id_prod']
TypeError: 'NoneType' object is not subscriptable
2026-09-17 15:11:46 [ERROR] sync.data_pusher - formation_audit audit #1 failed — will retry next cycle
2026-09-17 15:12:47 [ERROR] sync.pushers.fromation_pusher - Error in push FormationAdd: 'NoneType' object is not subscriptable
Traceback (most recent call last):
  File "/home/kernelsipc/Bureau/unistudious_local/sync_data_local_server/sync/pushers/fromation_pusher.py", line 128, in push_formationAdd
    accountLevelIdProd = result['id_prod']
TypeError: 'NoneType' object is not subscriptable
2026-09-17 15:12:47 [ERROR] sync.data_pusher - formation_audit audit #1 failed — will retry next cycle
2026-09-17 15:13:48 [ERROR] sync.pushers.fromation_pusher - Error in push FormationAdd: 'NoneType' object is not subscriptable
Traceback (most recent call last):
  File "/home/kernelsipc/Bureau/unistudious_local/sync_data_local_server/sync/pushers/fromation_pusher.py", line 128, in push_formationAdd
    accountLevelIdProd = result['id_prod']
TypeError: 'NoneType' object is not subscriptable
2026-09-17 15:13:48 [ERROR] sync.data_pusher - formation_audit audit #1 failed — will retry next cycle
2026-09-17 15:14:49 [ERROR] sync.pushers.fromation_pusher - Error in push FormationAdd: 'NoneType' object is not subscriptable
Traceback (most recent call last):
  File "/home/kernelsipc/Bureau/unistudious_local/sync_data_local_server/sync/pushers/fromation_pusher.py", line 128, in push_formationAdd
    accountLevelIdProd = result['id_prod']
TypeError: 'NoneType' object is not subscriptable
2026-09-17 15:14:49 [ERROR] sync.data_pusher - formation_audit audit #1 failed — will retry next cycle
2026-09-17 15:15:52 [ERROR] sync.pushers.fromation_pusher - Error in push FormationAdd: 'NoneType' object is not subscriptable
Traceback (most recent call last):
  File "/home/kernelsipc/Bureau/unistudious_local/sync_data_local_server/sync/pushers/fromation_pusher.py", line 128, in push_formationAdd
    accountLevelIdProd = result['id_prod']
TypeError: 'NoneType' object is not subscriptable
2026-09-17 15:15:52 [ERROR] sync.data_pusher - formation_audit audit #1 failed — will retry next cycle
2026-09-17 15:16:53 [ERROR] sync.pushers.fromation_pusher - Error in push FormationAdd: 'NoneType' object is not subscriptable
Traceback (most recent call last):
  File "/home/kernelsipc/Bureau/unistudious_local/sync_data_local_server/sync/pushers/fromation_pusher.py", line 128, in push_formationAdd
    accountLevelIdProd = result['id_prod']
TypeError: 'NoneType' object is not subscriptable
2026-09-17 15:16:53 [ERROR] sync.data_pusher - formation_audit audit #1 failed — will retry next cycle
2026-09-17 15:17:54 [ERROR] sync.pushers.fromation_pusher - Error in push FormationAdd: 'NoneType' object is not subscriptable
Traceback (most recent call last):
  File "/home/kernelsipc/Bureau/unistudious_local/sync_data_local_server/sync/pushers/fromation_pusher.py", line 128, in push_formationAdd
    accountLevelIdProd = result['id_prod']
TypeError: 'NoneType' object is not subscriptable
2026-09-17 15:17:54 [ERROR] sync.data_pusher - formation_audit audit #1 failed — will retry next cycle
2026-09-17 15:18:55 [ERROR] sync.pushers.fromation_pusher - Error in push FormationAdd: 'NoneType' object is not subscriptable
Traceback (most recent call last):
  File "/home/kernelsipc/Bureau/unistudious_local/sync_data_local_server/sync/pushers/fromation_pusher.py", line 128, in push_formationAdd
    accountLevelIdProd = result['id_prod']
TypeError: 'NoneType' object is not subscriptable
2026-09-17 15:18:55 [ERROR] sync.data_pusher - formation_audit audit #1 failed — will retry next cycle
2026-09-17 15:19:56 [ERROR] sync.pushers.fromation_pusher - Error in push FormationAdd: 'NoneType' object is not subscriptable
Traceback (most recent call last):
  File "/home/kernelsipc/Bureau/unistudious_local/sync_data_local_server/sync/pushers/fromation_pusher.py", line 128, in push_formationAdd
    accountLevelIdProd = result['id_prod']
TypeError: 'NoneType' object is not subscriptable
2026-09-17 15:19:56 [ERROR] sync.data_pusher - formation_audit audit #1 failed — will retry next cycle
2026-09-17 15:20:58 [ERROR] sync.pushers.fromation_pusher - Error in push FormationAdd: 'NoneType' object is not subscriptable
Traceback (most recent call last):
  File "/home/kernelsipc/Bureau/unistudious_local/sync_data_local_server/sync/pushers/fromation_pusher.py", line 128, in push_formationAdd
    accountLevelIdProd = result['id_prod']
TypeError: 'NoneType' object is not subscriptable
2026-09-17 15:20:58 [ERROR] sync.data_pusher - formation_audit audit #1 failed — will retry next cycle
2026-09-17 15:21:59 [ERROR] sync.pushers.fromation_pusher - Error in push FormationAdd: 'NoneType' object is not subscriptable
Traceback (most recent call last):
  File "/home/kernelsipc/Bureau/unistudious_local/sync_data_local_server/sync/pushers/fromation_pusher.py", line 128, in push_formationAdd
    accountLevelIdProd = result['id_prod']
TypeError: 'NoneType' object is not subscriptable
2026-09-17 15:21:59 [ERROR] sync.data_pusher - formation_audit audit #1 failed — will retry next cycle
2026-09-17 15:23:00 [ERROR] sync.pushers.fromation_pusher - Error in push FormationAdd: 'NoneType' object is not subscriptable
Traceback (most recent call last):
  File "/home/kernelsipc/Bureau/unistudious_local/sync_data_local_server/sync/pushers/fromation_pusher.py", line 128, in push_formationAdd
    accountLevelIdProd = result['id_prod']
TypeError: 'NoneType' object is not subscriptable
2026-09-17 15:23:00 [ERROR] sync.data_pusher - formation_audit audit #1 failed — will retry next cycle
2026-09-17 15:24:01 [ERROR] sync.pushers.fromation_pusher - Error in push FormationAdd: 'NoneType' object is not subscriptable
Traceback (most recent call last):
  File "/home/kernelsipc/Bureau/unistudious_local/sync_data_local_server/sync/pushers/fromation_pusher.py", line 128, in push_formationAdd
    accountLevelIdProd = result['id_prod']
TypeError: 'NoneType' object is not subscriptable
2026-09-17 15:24:01 [ERROR] sync.data_pusher - formation_audit audit #1 failed — will retry next cycle
2026-09-17 15:25:02 [ERROR] sync.pushers.fromation_pusher - Error in push FormationAdd: 'NoneType' object is not subscriptable
Traceback (most recent call last):
  File "/home/kernelsipc/Bureau/unistudious_local/sync_data_local_server/sync/pushers/fromation_pusher.py", line 128, in push_formationAdd
    accountLevelIdProd = result['id_prod']
TypeError: 'NoneType' object is not subscriptable
2026-09-17 15:25:02 [ERROR] sync.data_pusher - formation_audit audit #1 failed — will retry next cycle
2026-09-17 15:26:03 [ERROR] sync.pushers.fromation_pusher - Error in push FormationAdd: 'NoneType' object is not subscriptable
Traceback (most recent call last):
  File "/home/kernelsipc/Bureau/unistudious_local/sync_data_local_server/sync/pushers/fromation_pusher.py", line 128, in push_formationAdd
    accountLevelIdProd = result['id_prod']
TypeError: 'NoneType' object is not subscriptable
2026-09-17 15:26:03 [ERROR] sync.data_pusher - formation_audit audit #1 failed — will retry next cycle
2026-09-17 15:27:04 [ERROR] sync.pushers.fromation_pusher - Error in push FormationAdd: 'NoneType' object is not subscriptable
Traceback (most recent call last):
  File "/home/kernelsipc/Bureau/unistudious_local/sync_data_local_server/sync/pushers/fromation_pusher.py", line 128, in push_formationAdd
    accountLevelIdProd = result['id_prod']
TypeError: 'NoneType' object is not subscriptable
2026-09-17 15:27:04 [ERROR] sync.data_pusher - formation_audit audit #1 failed — will retry next cycle
2026-09-17 15:28:05 [ERROR] sync.pushers.fromation_pusher - Error in push FormationAdd: 'NoneType' object is not subscriptable
Traceback (most recent call last):
  File "/home/kernelsipc/Bureau/unistudious_local/sync_data_local_server/sync/pushers/fromation_pusher.py", line 128, in push_formationAdd
    accountLevelIdProd = result['id_prod']
TypeError: 'NoneType' object is not subscriptable
2026-09-17 15:28:05 [ERROR] sync.data_pusher - formation_audit audit #1 failed — will retry next cycle
2026-09-17 15:29:06 [ERROR] sync.pushers.fromation_pusher - Error in push FormationAdd: 'NoneType' object is not subscriptable
Traceback (most recent call last):
  File "/home/kernelsipc/Bureau/unistudious_local/sync_data_local_server/sync/pushers/fromation_pusher.py", line 128, in push_formationAdd
    accountLevelIdProd = result['id_prod']
TypeError: 'NoneType' object is not subscriptable
2026-09-17 15:29:06 [ERROR] sync.data_pusher - formation_audit audit #1 failed — will retry next cycle
2026-09-17 15:30:07 [ERROR] sync.pushers.fromation_pusher - Error in push FormationAdd: 'NoneType' object is not subscriptable
Traceback (most recent call last):
  File "/home/kernelsipc/Bureau/unistudious_local/sync_data_local_server/sync/pushers/fromation_pusher.py", line 128, in push_formationAdd
    accountLevelIdProd = result['id_prod']
TypeError: 'NoneType' object is not subscriptable
2026-09-17 15:30:07 [ERROR] sync.data_pusher - formation_audit audit #1 failed — will retry next cycle
2026-09-22 09:32:01 [ERROR] sync.pushers.fromation_pusher - Error in push FormationAdd: 'NoneType' object is not subscriptable
Traceback (most recent call last):
  File "/home/kernelsipc/Bureau/unistudious_local/sync_data_local_server/sync/pushers/fromation_pusher.py", line 128, in push_formationAdd
    accountLevelIdProd = result['id_prod']
TypeError: 'NoneType' object is not subscriptable
2026-09-22 09:32:01 [ERROR] sync.data_pusher - formation_audit audit #1 failed — will retry next cycle
2026-09-22 09:33:02 [ERROR] sync.pushers.fromation_pusher - Error in push FormationAdd: 'NoneType' object is not subscriptable
Traceback (most recent call last):
  File "/home/kernelsipc/Bureau/unistudious_local/sync_data_local_server/sync/pushers/fromation_pusher.py", line 128, in push_formationAdd
    accountLevelIdProd = result['id_prod']
TypeError: 'NoneType' object is not subscriptable
2026-09-22 09:33:02 [ERROR] sync.data_pusher - formation_audit audit #1 failed — will retry next cycle
2026-09-22 09:34:03 [ERROR] sync.pushers.fromation_pusher - Error in push FormationAdd: 'NoneType' object is not subscriptable
Traceback (most recent call last):
  File "/home/kernelsipc/Bureau/unistudious_local/sync_data_local_server/sync/pushers/fromation_pusher.py", line 128, in push_formationAdd
    accountLevelIdProd = result['id_prod']
TypeError: 'NoneType' object is not subscriptable
2026-09-22 09:34:03 [ERROR] sync.data_pusher - formation_audit audit #1 failed — will retry next cycle
2026-09-22 09:35:04 [ERROR] sync.pushers.fromation_pusher - Error in push FormationAdd: 'NoneType' object is not subscriptable
Traceback (most recent call last):
  File "/home/kernelsipc/Bureau/unistudious_local/sync_data_local_server/sync/pushers/fromation_pusher.py", line 128, in push_formationAdd
    accountLevelIdProd = result['id_prod']
TypeError: 'NoneType' object is not subscriptable
2026-09-22 09:35:04 [ERROR] sync.data_pusher - formation_audit audit #1 failed — will retry next cycle
2026-09-22 09:36:05 [ERROR] sync.pushers.fromation_pusher - Error in push FormationAdd: 'NoneType' object is not subscriptable
Traceback (most recent call last):
  File "/home/kernelsipc/Bureau/unistudious_local/sync_data_local_server/sync/pushers/fromation_pusher.py", line 128, in push_formationAdd
    accountLevelIdProd = result['id_prod']
TypeError: 'NoneType' object is not subscriptable
2026-09-22 09:36:05 [ERROR] sync.data_pusher - formation_audit audit #1 failed — will retry next cycle
2026-09-22 09:37:06 [ERROR] sync.pushers.fromation_pusher - Error in push FormationAdd: 'NoneType' object is not subscriptable
Traceback (most recent call last):
  File "/home/kernelsipc/Bureau/unistudious_local/sync_data_local_server/sync/pushers/fromation_pusher.py", line 128, in push_formationAdd
    accountLevelIdProd = result['id_prod']
TypeError: 'NoneType' object is not subscriptable
2026-09-22 09:37:06 [ERROR] sync.data_pusher - formation_audit audit #1 failed — will retry next cycle
2026-09-22 09:38:07 [ERROR] sync.pushers.fromation_pusher - Error in push FormationAdd: 'NoneType' object is not subscriptable
Traceback (most recent call last):
  File "/home/kernelsipc/Bureau/unistudious_local/sync_data_local_server/sync/pushers/fromation_pusher.py", line 128, in push_formationAdd
    accountLevelIdProd = result['id_prod']
TypeError: 'NoneType' object is not subscriptable
2026-09-22 09:38:07 [ERROR] sync.data_pusher - formation_audit audit #1 failed — will retry next cycle
2026-09-22 09:39:08 [ERROR] sync.pushers.fromation_pusher - Error in push FormationAdd: 'NoneType' object is not subscriptable
Traceback (most recent call last):
  File "/home/kernelsipc/Bureau/unistudious_local/sync_data_local_server/sync/pushers/fromation_pusher.py", line 128, in push_formationAdd
    accountLevelIdProd = result['id_prod']
TypeError: 'NoneType' object is not subscriptable
2026-09-22 09:39:08 [ERROR] sync.data_pusher - formation_audit audit #1 failed — will retry next cycle
2026-09-22 09:40:09 [ERROR] sync.pushers.fromation_pusher - Error in push FormationAdd: 'NoneType' object is not subscriptable
Traceback (most recent call last):
  File "/home/kernelsipc/Bureau/unistudious_local/sync_data_local_server/sync/pushers/fromation_pusher.py", line 128, in push_formationAdd
    accountLevelIdProd = result['id_prod']
TypeError: 'NoneType' object is not subscriptable
2026-09-22 09:40:09 [ERROR] sync.data_pusher - formation_audit audit #1 failed — will retry next cycle
2026-09-22 09:41:10 [ERROR] sync.pushers.fromation_pusher - Error in push FormationAdd: 'NoneType' object is not subscriptable
Traceback (most recent call last):
  File "/home/kernelsipc/Bureau/unistudious_local/sync_data_local_server/sync/pushers/fromation_pusher.py", line 128, in push_formationAdd
    accountLevelIdProd = result['id_prod']
TypeError: 'NoneType' object is not subscriptable
2026-09-22 09:41:10 [ERROR] sync.data_pusher - formation_audit audit #1 failed — will retry next cycle
2026-09-22 09:42:10 [ERROR] sync.pushers.fromation_pusher - Error in push FormationAdd: 'NoneType' object is not subscriptable
Traceback (most recent call last):
  File "/home/kernelsipc/Bureau/unistudious_local/sync_data_local_server/sync/pushers/fromation_pusher.py", line 128, in push_formationAdd
    accountLevelIdProd = result['id_prod']
TypeError: 'NoneType' object is not subscriptable
2026-09-22 09:42:10 [ERROR] sync.data_pusher - formation_audit audit #1 failed — will retry next cycle
2026-09-22 09:43:11 [ERROR] sync.pushers.fromation_pusher - Error in push FormationAdd: 'NoneType' object is not subscriptable
Traceback (most recent call last):
  File "/home/kernelsipc/Bureau/unistudious_local/sync_data_local_server/sync/pushers/fromation_pusher.py", line 128, in push_formationAdd
    accountLevelIdProd = result['id_prod']
TypeError: 'NoneType' object is not subscriptable
2026-09-22 09:43:11 [ERROR] sync.data_pusher - formation_audit audit #1 failed — will retry next cycle
2026-09-22 09:44:13 [ERROR] sync.pushers.fromation_pusher - Error in push FormationAdd: 'NoneType' object is not subscriptable
Traceback (most recent call last):
  File "/home/kernelsipc/Bureau/unistudious_local/sync_data_local_server/sync/pushers/fromation_pusher.py", line 128, in push_formationAdd
    accountLevelIdProd = result['id_prod']
TypeError: 'NoneType' object is not subscriptable
2026-09-22 09:44:13 [ERROR] sync.data_pusher - formation_audit audit #1 failed — will retry next cycle
2026-09-22 09:45:13 [ERROR] sync.pushers.fromation_pusher - Error in push FormationAdd: 'NoneType' object is not subscriptable
Traceback (most recent call last):
  File "/home/kernelsipc/Bureau/unistudious_local/sync_data_local_server/sync/pushers/fromation_pusher.py", line 128, in push_formationAdd
    accountLevelIdProd = result['id_prod']
TypeError: 'NoneType' object is not subscriptable
2026-09-22 09:45:13 [ERROR] sync.data_pusher - formation_audit audit #1 failed — will retry next cycle
2026-09-22 09:46:14 [ERROR] sync.pushers.fromation_pusher - Error in push FormationAdd: 'NoneType' object is not subscriptable
Traceback (most recent call last):
  File "/home/kernelsipc/Bureau/unistudious_local/sync_data_local_server/sync/pushers/fromation_pusher.py", line 128, in push_formationAdd
    accountLevelIdProd = result['id_prod']
TypeError: 'NoneType' object is not subscriptable
2026-09-22 09:46:14 [ERROR] sync.data_pusher - formation_audit audit #1 failed — will retry next cycle
2026-09-22 09:47:15 [ERROR] sync.pushers.fromation_pusher - Error in push FormationAdd: 'NoneType' object is not subscriptable
Traceback (most recent call last):
  File "/home/kernelsipc/Bureau/unistudious_local/sync_data_local_server/sync/pushers/fromation_pusher.py", line 128, in push_formationAdd
    accountLevelIdProd = result['id_prod']
TypeError: 'NoneType' object is not subscriptable
2026-09-22 09:47:15 [ERROR] sync.data_pusher - formation_audit audit #1 failed — will retry next cycle
2026-09-22 09:48:16 [ERROR] sync.pushers.fromation_pusher - Error in push FormationAdd: 'NoneType' object is not subscriptable
Traceback (most recent call last):
  File "/home/kernelsipc/Bureau/unistudious_local/sync_data_local_server/sync/pushers/fromation_pusher.py", line 128, in push_formationAdd
    accountLevelIdProd = result['id_prod']
TypeError: 'NoneType' object is not subscriptable
2026-09-22 09:48:16 [ERROR] sync.data_pusher - formation_audit audit #1 failed — will retry next cycle
2026-09-22 09:49:17 [ERROR] sync.pushers.fromation_pusher - Error in push FormationAdd: 'NoneType' object is not subscriptable
Traceback (most recent call last):
  File "/home/kernelsipc/Bureau/unistudious_local/sync_data_local_server/sync/pushers/fromation_pusher.py", line 128, in push_formationAdd
    accountLevelIdProd = result['id_prod']
TypeError: 'NoneType' object is not subscriptable
2026-09-22 09:49:17 [ERROR] sync.data_pusher - formation_audit audit #1 failed — will retry next cycle
2026-09-22 09:50:18 [ERROR] sync.pushers.fromation_pusher - Error in push FormationAdd: 'NoneType' object is not subscriptable
Traceback (most recent call last):
  File "/home/kernelsipc/Bureau/unistudious_local/sync_data_local_server/sync/pushers/fromation_pusher.py", line 128, in push_formationAdd
    accountLevelIdProd = result['id_prod']
TypeError: 'NoneType' object is not subscriptable
2026-09-22 09:50:18 [ERROR] sync.data_pusher - formation_audit audit #1 failed — will retry next cycle
2026-09-22 09:51:19 [ERROR] sync.pushers.fromation_pusher - Error in push FormationAdd: 'NoneType' object is not subscriptable
Traceback (most recent call last):
  File "/home/kernelsipc/Bureau/unistudious_local/sync_data_local_server/sync/pushers/fromation_pusher.py", line 128, in push_formationAdd
    accountLevelIdProd = result['id_prod']
TypeError: 'NoneType' object is not subscriptable
2026-09-22 09:51:19 [ERROR] sync.data_pusher - formation_audit audit #1 failed — will retry next cycle
2026-09-22 09:52:20 [ERROR] sync.pushers.fromation_pusher - Error in push FormationAdd: 'NoneType' object is not subscriptable
Traceback (most recent call last):
  File "/home/kernelsipc/Bureau/unistudious_local/sync_data_local_server/sync/pushers/fromation_pusher.py", line 128, in push_formationAdd
    accountLevelIdProd = result['id_prod']
TypeError: 'NoneType' object is not subscriptable
2026-09-22 09:52:20 [ERROR] sync.data_pusher - formation_audit audit #1 failed — will retry next cycle
2026-09-22 09:53:21 [ERROR] sync.pushers.fromation_pusher - Error in push FormationAdd: 'NoneType' object is not subscriptable
Traceback (most recent call last):
  File "/home/kernelsipc/Bureau/unistudious_local/sync_data_local_server/sync/pushers/fromation_pusher.py", line 128, in push_formationAdd
    accountLevelIdProd = result['id_prod']
TypeError: 'NoneType' object is not subscriptable
2026-09-22 09:53:21 [ERROR] sync.data_pusher - formation_audit audit #1 failed — will retry next cycle
2026-09-22 09:54:22 [ERROR] sync.pushers.fromation_pusher - Error in push FormationAdd: 'NoneType' object is not subscriptable
Traceback (most recent call last):
  File "/home/kernelsipc/Bureau/unistudious_local/sync_data_local_server/sync/pushers/fromation_pusher.py", line 128, in push_formationAdd
    accountLevelIdProd = result['id_prod']
TypeError: 'NoneType' object is not subscriptable
2026-09-22 09:54:22 [ERROR] sync.data_pusher - formation_audit audit #1 failed — will retry next cycle
2026-09-22 09:55:23 [ERROR] sync.pushers.fromation_pusher - Error in push FormationAdd: 'NoneType' object is not subscriptable
Traceback (most recent call last):
  File "/home/kernelsipc/Bureau/unistudious_local/sync_data_local_server/sync/pushers/fromation_pusher.py", line 128, in push_formationAdd
    accountLevelIdProd = result['id_prod']
TypeError: 'NoneType' object is not subscriptable
2026-09-22 09:55:23 [ERROR] sync.data_pusher - formation_audit audit #1 failed — will retry next cycle
2026-09-22 09:56:24 [ERROR] sync.pushers.fromation_pusher - Error in push FormationAdd: 'NoneType' object is not subscriptable
Traceback (most recent call last):
  File "/home/kernelsipc/Bureau/unistudious_local/sync_data_local_server/sync/pushers/fromation_pusher.py", line 128, in push_formationAdd
    accountLevelIdProd = result['id_prod']
TypeError: 'NoneType' object is not subscriptable
2026-09-22 09:56:24 [ERROR] sync.data_pusher - formation_audit audit #1 failed — will retry next cycle
2026-09-22 09:57:26 [ERROR] sync.pushers.fromation_pusher - Error in push FormationAdd: 'NoneType' object is not subscriptable
Traceback (most recent call last):
  File "/home/kernelsipc/Bureau/unistudious_local/sync_data_local_server/sync/pushers/fromation_pusher.py", line 128, in push_formationAdd
    accountLevelIdProd = result['id_prod']
TypeError: 'NoneType' object is not subscriptable
2026-09-22 09:57:26 [ERROR] sync.data_pusher - formation_audit audit #1 failed — will retry next cycle
2026-09-22 09:58:26 [ERROR] sync.pushers.fromation_pusher - Error in push FormationAdd: 'NoneType' object is not subscriptable
Traceback (most recent call last):
  File "/home/kernelsipc/Bureau/unistudious_local/sync_data_local_server/sync/pushers/fromation_pusher.py", line 128, in push_formationAdd
    accountLevelIdProd = result['id_prod']
TypeError: 'NoneType' object is not subscriptable
2026-09-22 09:58:26 [ERROR] sync.data_pusher - formation_audit audit #1 failed — will retry next cycle
2026-09-22 09:59:27 [ERROR] sync.pushers.fromation_pusher - Error in push FormationAdd: 'NoneType' object is not subscriptable
Traceback (most recent call last):
  File "/home/kernelsipc/Bureau/unistudious_local/sync_data_local_server/sync/pushers/fromation_pusher.py", line 128, in push_formationAdd
    accountLevelIdProd = result['id_prod']
TypeError: 'NoneType' object is not subscriptable
2026-09-22 09:59:27 [ERROR] sync.data_pusher - formation_audit audit #1 failed — will retry next cycle
2026-09-22 10:00:28 [ERROR] sync.pushers.fromation_pusher - Error in push FormationAdd: 'NoneType' object is not subscriptable
Traceback (most recent call last):
  File "/home/kernelsipc/Bureau/unistudious_local/sync_data_local_server/sync/pushers/fromation_pusher.py", line 128, in push_formationAdd
    accountLevelIdProd = result['id_prod']
TypeError: 'NoneType' object is not subscriptable
2026-09-22 10:00:28 [ERROR] sync.data_pusher - formation_audit audit #1 failed — will retry next cycle
2026-09-22 10:01:29 [ERROR] sync.pushers.fromation_pusher - Error in push FormationAdd: 'NoneType' object is not subscriptable
Traceback (most recent call last):
  File "/home/kernelsipc/Bureau/unistudious_local/sync_data_local_server/sync/pushers/fromation_pusher.py", line 128, in push_formationAdd
    accountLevelIdProd = result['id_prod']
TypeError: 'NoneType' object is not subscriptable
2026-09-22 10:01:29 [ERROR] sync.data_pusher - formation_audit audit #1 failed — will retry next cycle
2026-09-22 10:02:30 [ERROR] sync.pushers.fromation_pusher - Error in push FormationAdd: 'NoneType' object is not subscriptable
Traceback (most recent call last):
  File "/home/kernelsipc/Bureau/unistudious_local/sync_data_local_server/sync/pushers/fromation_pusher.py", line 128, in push_formationAdd
    accountLevelIdProd = result['id_prod']
TypeError: 'NoneType' object is not subscriptable
2026-09-22 10:02:30 [ERROR] sync.data_pusher - formation_audit audit #1 failed — will retry next cycle
2026-09-22 10:03:31 [ERROR] sync.pushers.fromation_pusher - Error in push FormationAdd: 'NoneType' object is not subscriptable
Traceback (most recent call last):
  File "/home/kernelsipc/Bureau/unistudious_local/sync_data_local_server/sync/pushers/fromation_pusher.py", line 128, in push_formationAdd
    accountLevelIdProd = result['id_prod']
TypeError: 'NoneType' object is not subscriptable
2026-09-22 10:03:31 [ERROR] sync.data_pusher - formation_audit audit #1 failed — will retry next cycle
2026-09-22 10:04:31 [ERROR] sync.pushers.fromation_pusher - Error in push FormationAdd: 'NoneType' object is not subscriptable
Traceback (most recent call last):
  File "/home/kernelsipc/Bureau/unistudious_local/sync_data_local_server/sync/pushers/fromation_pusher.py", line 128, in push_formationAdd
    accountLevelIdProd = result['id_prod']
TypeError: 'NoneType' object is not subscriptable
2026-09-22 10:04:31 [ERROR] sync.data_pusher - formation_audit audit #1 failed — will retry next cycle
2026-09-22 10:05:32 [ERROR] sync.pushers.fromation_pusher - Error in push FormationAdd: 'NoneType' object is not subscriptable
Traceback (most recent call last):
  File "/home/kernelsipc/Bureau/unistudious_local/sync_data_local_server/sync/pushers/fromation_pusher.py", line 128, in push_formationAdd
    accountLevelIdProd = result['id_prod']
TypeError: 'NoneType' object is not subscriptable
2026-09-22 10:05:32 [ERROR] sync.data_pusher - formation_audit audit #1 failed — will retry next cycle
2026-09-22 10:06:33 [ERROR] sync.pushers.fromation_pusher - Error in push FormationAdd: 'NoneType' object is not subscriptable
Traceback (most recent call last):
  File "/home/kernelsipc/Bureau/unistudious_local/sync_data_local_server/sync/pushers/fromation_pusher.py", line 128, in push_formationAdd
    accountLevelIdProd = result['id_prod']
TypeError: 'NoneType' object is not subscriptable
2026-09-22 10:06:33 [ERROR] sync.data_pusher - formation_audit audit #1 failed — will retry next cycle
2026-09-22 10:07:34 [ERROR] sync.pushers.fromation_pusher - Error in push FormationAdd: 'NoneType' object is not subscriptable
Traceback (most recent call last):
  File "/home/kernelsipc/Bureau/unistudious_local/sync_data_local_server/sync/pushers/fromation_pusher.py", line 128, in push_formationAdd
    accountLevelIdProd = result['id_prod']
TypeError: 'NoneType' object is not subscriptable
2026-09-22 10:07:34 [ERROR] sync.data_pusher - formation_audit audit #1 failed — will retry next cycle
2026-09-22 10:08:35 [ERROR] sync.pushers.fromation_pusher - Error in push FormationAdd: 'NoneType' object is not subscriptable
Traceback (most recent call last):
  File "/home/kernelsipc/Bureau/unistudious_local/sync_data_local_server/sync/pushers/fromation_pusher.py", line 128, in push_formationAdd
    accountLevelIdProd = result['id_prod']
TypeError: 'NoneType' object is not subscriptable
2026-09-22 10:08:35 [ERROR] sync.data_pusher - formation_audit audit #1 failed — will retry next cycle
2026-09-22 10:09:36 [ERROR] sync.pushers.fromation_pusher - Error in push FormationAdd: 'NoneType' object is not subscriptable
Traceback (most recent call last):
  File "/home/kernelsipc/Bureau/unistudious_local/sync_data_local_server/sync/pushers/fromation_pusher.py", line 128, in push_formationAdd
    accountLevelIdProd = result['id_prod']
TypeError: 'NoneType' object is not subscriptable
2026-09-22 10:09:36 [ERROR] sync.data_pusher - formation_audit audit #1 failed — will retry next cycle
2026-09-22 10:10:37 [ERROR] sync.pushers.fromation_pusher - Error in push FormationAdd: 'NoneType' object is not subscriptable
Traceback (most recent call last):
  File "/home/kernelsipc/Bureau/unistudious_local/sync_data_local_server/sync/pushers/fromation_pusher.py", line 128, in push_formationAdd
    accountLevelIdProd = result['id_prod']
TypeError: 'NoneType' object is not subscriptable
2026-09-22 10:10:37 [ERROR] sync.data_pusher - formation_audit audit #1 failed — will retry next cycle
2026-09-22 10:11:38 [ERROR] sync.pushers.fromation_pusher - Error in push FormationAdd: 'NoneType' object is not subscriptable
Traceback (most recent call last):
  File "/home/kernelsipc/Bureau/unistudious_local/sync_data_local_server/sync/pushers/fromation_pusher.py", line 128, in push_formationAdd
    accountLevelIdProd = result['id_prod']
TypeError: 'NoneType' object is not subscriptable
2026-09-22 10:11:38 [ERROR] sync.data_pusher - formation_audit audit #1 failed — will retry next cycle
2026-09-22 10:12:39 [ERROR] sync.pushers.fromation_pusher - Error in push FormationAdd: 'NoneType' object is not subscriptable
Traceback (most recent call last):
  File "/home/kernelsipc/Bureau/unistudious_local/sync_data_local_server/sync/pushers/fromation_pusher.py", line 128, in push_formationAdd
    accountLevelIdProd = result['id_prod']
TypeError: 'NoneType' object is not subscriptable
2026-09-22 10:12:39 [ERROR] sync.data_pusher - formation_audit audit #1 failed — will retry next cycle
2026-09-22 10:13:40 [ERROR] sync.pushers.fromation_pusher - Error in push FormationAdd: 'NoneType' object is not subscriptable
Traceback (most recent call last):
  File "/home/kernelsipc/Bureau/unistudious_local/sync_data_local_server/sync/pushers/fromation_pusher.py", line 128, in push_formationAdd
    accountLevelIdProd = result['id_prod']
TypeError: 'NoneType' object is not subscriptable
2026-09-22 10:13:40 [ERROR] sync.data_pusher - formation_audit audit #1 failed — will retry next cycle
2026-09-22 10:14:40 [ERROR] sync.pushers.fromation_pusher - Error in push FormationAdd: 'NoneType' object is not subscriptable
Traceback (most recent call last):
  File "/home/kernelsipc/Bureau/unistudious_local/sync_data_local_server/sync/pushers/fromation_pusher.py", line 128, in push_formationAdd
    accountLevelIdProd = result['id_prod']
TypeError: 'NoneType' object is not subscriptable
2026-09-22 10:14:40 [ERROR] sync.data_pusher - formation_audit audit #1 failed — will retry next cycle
2026-09-22 10:15:41 [ERROR] sync.pushers.fromation_pusher - Error in push FormationAdd: 'NoneType' object is not subscriptable
Traceback (most recent call last):
  File "/home/kernelsipc/Bureau/unistudious_local/sync_data_local_server/sync/pushers/fromation_pusher.py", line 128, in push_formationAdd
    accountLevelIdProd = result['id_prod']
TypeError: 'NoneType' object is not subscriptable
2026-09-22 10:15:41 [ERROR] sync.data_pusher - formation_audit audit #1 failed — will retry next cycle
2026-09-22 10:16:42 [ERROR] sync.pushers.fromation_pusher - Error in push FormationAdd: 'NoneType' object is not subscriptable
Traceback (most recent call last):
  File "/home/kernelsipc/Bureau/unistudious_local/sync_data_local_server/sync/pushers/fromation_pusher.py", line 128, in push_formationAdd
    accountLevelIdProd = result['id_prod']
TypeError: 'NoneType' object is not subscriptable
2026-09-22 10:16:42 [ERROR] sync.data_pusher - formation_audit audit #1 failed — will retry next cycle
2026-09-22 10:17:43 [ERROR] sync.pushers.fromation_pusher - Error in push FormationAdd: 'NoneType' object is not subscriptable
Traceback (most recent call last):
  File "/home/kernelsipc/Bureau/unistudious_local/sync_data_local_server/sync/pushers/fromation_pusher.py", line 128, in push_formationAdd
    accountLevelIdProd = result['id_prod']
TypeError: 'NoneType' object is not subscriptable
2026-09-22 10:17:43 [ERROR] sync.data_pusher - formation_audit audit #1 failed — will retry next cycle
2026-09-22 10:18:44 [ERROR] sync.pushers.fromation_pusher - Error in push FormationAdd: 'NoneType' object is not subscriptable
Traceback (most recent call last):
  File "/home/kernelsipc/Bureau/unistudious_local/sync_data_local_server/sync/pushers/fromation_pusher.py", line 128, in push_formationAdd
    accountLevelIdProd = result['id_prod']
TypeError: 'NoneType' object is not subscriptable
2026-09-22 10:18:44 [ERROR] sync.data_pusher - formation_audit audit #1 failed — will retry next cycle
2026-09-22 10:19:45 [ERROR] sync.pushers.fromation_pusher - Error in push FormationAdd: 'NoneType' object is not subscriptable
Traceback (most recent call last):
  File "/home/kernelsipc/Bureau/unistudious_local/sync_data_local_server/sync/pushers/fromation_pusher.py", line 128, in push_formationAdd
    accountLevelIdProd = result['id_prod']
TypeError: 'NoneType' object is not subscriptable
2026-09-22 10:19:45 [ERROR] sync.data_pusher - formation_audit audit #1 failed — will retry next cycle
2026-09-22 10:20:46 [ERROR] sync.pushers.fromation_pusher - Error in push FormationAdd: 'NoneType' object is not subscriptable
Traceback (most recent call last):
  File "/home/kernelsipc/Bureau/unistudious_local/sync_data_local_server/sync/pushers/fromation_pusher.py", line 128, in push_formationAdd
    accountLevelIdProd = result['id_prod']
TypeError: 'NoneType' object is not subscriptable
2026-09-22 10:20:46 [ERROR] sync.data_pusher - formation_audit audit #1 failed — will retry next cycle
2026-09-22 10:21:47 [ERROR] sync.pushers.fromation_pusher - Error in push FormationAdd: 'NoneType' object is not subscriptable
Traceback (most recent call last):
  File "/home/kernelsipc/Bureau/unistudious_local/sync_data_local_server/sync/pushers/fromation_pusher.py", line 128, in push_formationAdd
    accountLevelIdProd = result['id_prod']
TypeError: 'NoneType' object is not subscriptable
2026-09-22 10:21:47 [ERROR] sync.data_pusher - formation_audit audit #1 failed — will retry next cycle
2026-09-22 10:22:48 [ERROR] sync.pushers.fromation_pusher - Error in push FormationAdd: 'NoneType' object is not subscriptable
Traceback (most recent call last):
  File "/home/kernelsipc/Bureau/unistudious_local/sync_data_local_server/sync/pushers/fromation_pusher.py", line 128, in push_formationAdd
    accountLevelIdProd = result['id_prod']
TypeError: 'NoneType' object is not subscriptable
2026-09-22 10:22:48 [ERROR] sync.data_pusher - formation_audit audit #1 failed — will retry next cycle
2026-09-22 10:23:49 [ERROR] sync.pushers.fromation_pusher - Error in push FormationAdd: 'NoneType' object is not subscriptable
Traceback (most recent call last):
  File "/home/kernelsipc/Bureau/unistudious_local/sync_data_local_server/sync/pushers/fromation_pusher.py", line 128, in push_formationAdd
    accountLevelIdProd = result['id_prod']
TypeError: 'NoneType' object is not subscriptable
2026-09-22 10:23:49 [ERROR] sync.data_pusher - formation_audit audit #1 failed — will retry next cycle
2026-09-22 10:24:50 [ERROR] sync.pushers.fromation_pusher - Error in push FormationAdd: 'NoneType' object is not subscriptable
Traceback (most recent call last):
  File "/home/kernelsipc/Bureau/unistudious_local/sync_data_local_server/sync/pushers/fromation_pusher.py", line 128, in push_formationAdd
    accountLevelIdProd = result['id_prod']
TypeError: 'NoneType' object is not subscriptable
2026-09-22 10:24:50 [ERROR] sync.data_pusher - formation_audit audit #1 failed — will retry next cycle
2026-09-22 10:25:51 [ERROR] sync.pushers.fromation_pusher - Error in push FormationAdd: 'NoneType' object is not subscriptable
Traceback (most recent call last):
  File "/home/kernelsipc/Bureau/unistudious_local/sync_data_local_server/sync/pushers/fromation_pusher.py", line 128, in push_formationAdd
    accountLevelIdProd = result['id_prod']
TypeError: 'NoneType' object is not subscriptable
2026-09-22 10:25:51 [ERROR] sync.data_pusher - formation_audit audit #1 failed — will retry next cycle
2026-09-22 10:26:52 [ERROR] sync.pushers.fromation_pusher - Error in push FormationAdd: 'NoneType' object is not subscriptable
Traceback (most recent call last):
  File "/home/kernelsipc/Bureau/unistudious_local/sync_data_local_server/sync/pushers/fromation_pusher.py", line 128, in push_formationAdd
    accountLevelIdProd = result['id_prod']
TypeError: 'NoneType' object is not subscriptable
2026-09-22 10:26:52 [ERROR] sync.data_pusher - formation_audit audit #1 failed — will retry next cycle
2026-09-22 10:27:52 [ERROR] sync.pushers.fromation_pusher - Error in push FormationAdd: 'NoneType' object is not subscriptable
Traceback (most recent call last):
  File "/home/kernelsipc/Bureau/unistudious_local/sync_data_local_server/sync/pushers/fromation_pusher.py", line 128, in push_formationAdd
    accountLevelIdProd = result['id_prod']
TypeError: 'NoneType' object is not subscriptable
2026-09-22 10:27:52 [ERROR] sync.data_pusher - formation_audit audit #1 failed — will retry next cycle
2026-09-22 10:28:53 [ERROR] sync.pushers.fromation_pusher - Error in push FormationAdd: 'NoneType' object is not subscriptable
Traceback (most recent call last):
  File "/home/kernelsipc/Bureau/unistudious_local/sync_data_local_server/sync/pushers/fromation_pusher.py", line 128, in push_formationAdd
    accountLevelIdProd = result['id_prod']
TypeError: 'NoneType' object is not subscriptable
2026-09-22 10:28:53 [ERROR] sync.data_pusher - formation_audit audit #1 failed — will retry next cycle
2026-09-22 10:29:54 [ERROR] sync.pushers.fromation_pusher - Error in push FormationAdd: 'NoneType' object is not subscriptable
Traceback (most recent call last):
  File "/home/kernelsipc/Bureau/unistudious_local/sync_data_local_server/sync/pushers/fromation_pusher.py", line 128, in push_formationAdd
    accountLevelIdProd = result['id_prod']
TypeError: 'NoneType' object is not subscriptable
2026-09-22 10:29:54 [ERROR] sync.data_pusher - formation_audit audit #1 failed — will retry next cycle
2026-09-22 10:30:55 [ERROR] sync.pushers.fromation_pusher - Error in push FormationAdd: 'NoneType' object is not subscriptable
Traceback (most recent call last):
  File "/home/kernelsipc/Bureau/unistudious_local/sync_data_local_server/sync/pushers/fromation_pusher.py", line 128, in push_formationAdd
    accountLevelIdProd = result['id_prod']
TypeError: 'NoneType' object is not subscriptable
2026-09-22 10:30:55 [ERROR] sync.data_pusher - formation_audit audit #1 failed — will retry next cycle
2026-09-22 10:31:56 [ERROR] sync.pushers.fromation_pusher - Error in push FormationAdd: 'NoneType' object is not subscriptable
Traceback (most recent call last):
  File "/home/kernelsipc/Bureau/unistudious_local/sync_data_local_server/sync/pushers/fromation_pusher.py", line 128, in push_formationAdd
    accountLevelIdProd = result['id_prod']
TypeError: 'NoneType' object is not subscriptable
2026-09-22 10:31:56 [ERROR] sync.data_pusher - formation_audit audit #1 failed — will retry next cycle
2026-09-22 10:32:57 [ERROR] sync.pushers.fromation_pusher - Error in push FormationAdd: 'NoneType' object is not subscriptable
Traceback (most recent call last):
  File "/home/kernelsipc/Bureau/unistudious_local/sync_data_local_server/sync/pushers/fromation_pusher.py", line 128, in push_formationAdd
    accountLevelIdProd = result['id_prod']
TypeError: 'NoneType' object is not subscriptable
2026-09-22 10:32:57 [ERROR] sync.data_pusher - formation_audit audit #1 failed — will retry next cycle
2026-09-22 10:33:58 [ERROR] sync.pushers.fromation_pusher - Error in push FormationAdd: 'NoneType' object is not subscriptable
Traceback (most recent call last):
  File "/home/kernelsipc/Bureau/unistudious_local/sync_data_local_server/sync/pushers/fromation_pusher.py", line 128, in push_formationAdd
    accountLevelIdProd = result['id_prod']
TypeError: 'NoneType' object is not subscriptable
2026-09-22 10:33:58 [ERROR] sync.data_pusher - formation_audit audit #1 failed — will retry next cycle
2026-09-22 10:34:59 [ERROR] sync.pushers.fromation_pusher - Error in push FormationAdd: 'NoneType' object is not subscriptable
Traceback (most recent call last):
  File "/home/kernelsipc/Bureau/unistudious_local/sync_data_local_server/sync/pushers/fromation_pusher.py", line 128, in push_formationAdd
    accountLevelIdProd = result['id_prod']
TypeError: 'NoneType' object is not subscriptable
2026-09-22 10:34:59 [ERROR] sync.data_pusher - formation_audit audit #1 failed — will retry next cycle
2026-09-22 10:36:00 [ERROR] sync.pushers.fromation_pusher - Error in push FormationAdd: 'NoneType' object is not subscriptable
Traceback (most recent call last):
  File "/home/kernelsipc/Bureau/unistudious_local/sync_data_local_server/sync/pushers/fromation_pusher.py", line 128, in push_formationAdd
    accountLevelIdProd = result['id_prod']
TypeError: 'NoneType' object is not subscriptable
2026-09-22 10:36:00 [ERROR] sync.data_pusher - formation_audit audit #1 failed — will retry next cycle
2026-09-22 10:37:01 [ERROR] sync.pushers.fromation_pusher - Error in push FormationAdd: 'NoneType' object is not subscriptable
Traceback (most recent call last):
  File "/home/kernelsipc/Bureau/unistudious_local/sync_data_local_server/sync/pushers/fromation_pusher.py", line 128, in push_formationAdd
    accountLevelIdProd = result['id_prod']
TypeError: 'NoneType' object is not subscriptable
2026-09-22 10:37:01 [ERROR] sync.data_pusher - formation_audit audit #1 failed — will retry next cycle
2026-09-22 10:38:02 [ERROR] sync.pushers.fromation_pusher - Error in push FormationAdd: 'NoneType' object is not subscriptable
Traceback (most recent call last):
  File "/home/kernelsipc/Bureau/unistudious_local/sync_data_local_server/sync/pushers/fromation_pusher.py", line 128, in push_formationAdd
    accountLevelIdProd = result['id_prod']
TypeError: 'NoneType' object is not subscriptable
2026-09-22 10:38:02 [ERROR] sync.data_pusher - formation_audit audit #1 failed — will retry next cycle
2026-09-22 10:39:03 [ERROR] sync.pushers.fromation_pusher - Error in push FormationAdd: 'NoneType' object is not subscriptable
Traceback (most recent call last):
  File "/home/kernelsipc/Bureau/unistudious_local/sync_data_local_server/sync/pushers/fromation_pusher.py", line 128, in push_formationAdd
    accountLevelIdProd = result['id_prod']
TypeError: 'NoneType' object is not subscriptable
2026-09-22 10:39:03 [ERROR] sync.data_pusher - formation_audit audit #1 failed — will retry next cycle
2026-09-22 10:40:04 [ERROR] sync.pushers.fromation_pusher - Error in push FormationAdd: 'NoneType' object is not subscriptable
Traceback (most recent call last):
  File "/home/kernelsipc/Bureau/unistudious_local/sync_data_local_server/sync/pushers/fromation_pusher.py", line 128, in push_formationAdd
    accountLevelIdProd = result['id_prod']
TypeError: 'NoneType' object is not subscriptable
2026-09-22 10:40:04 [ERROR] sync.data_pusher - formation_audit audit #1 failed — will retry next cycle
2026-09-22 10:41:05 [ERROR] sync.pushers.fromation_pusher - Error in push FormationAdd: 'NoneType' object is not subscriptable
Traceback (most recent call last):
  File "/home/kernelsipc/Bureau/unistudious_local/sync_data_local_server/sync/pushers/fromation_pusher.py", line 128, in push_formationAdd
    accountLevelIdProd = result['id_prod']
TypeError: 'NoneType' object is not subscriptable
2026-09-22 10:41:05 [ERROR] sync.data_pusher - formation_audit audit #1 failed — will retry next cycle
2026-09-22 10:42:06 [ERROR] sync.pushers.fromation_pusher - Error in push FormationAdd: 'NoneType' object is not subscriptable
Traceback (most recent call last):
  File "/home/kernelsipc/Bureau/unistudious_local/sync_data_local_server/sync/pushers/fromation_pusher.py", line 128, in push_formationAdd
    accountLevelIdProd = result['id_prod']
TypeError: 'NoneType' object is not subscriptable
2026-09-22 10:42:06 [ERROR] sync.data_pusher - formation_audit audit #1 failed — will retry next cycle
2026-09-22 10:43:07 [ERROR] sync.pushers.fromation_pusher - Error in push FormationAdd: 'NoneType' object is not subscriptable
Traceback (most recent call last):
  File "/home/kernelsipc/Bureau/unistudious_local/sync_data_local_server/sync/pushers/fromation_pusher.py", line 128, in push_formationAdd
    accountLevelIdProd = result['id_prod']
TypeError: 'NoneType' object is not subscriptable
2026-09-22 10:43:07 [ERROR] sync.data_pusher - formation_audit audit #1 failed — will retry next cycle
2026-09-22 10:44:08 [ERROR] sync.pushers.fromation_pusher - Error in push FormationAdd: 'NoneType' object is not subscriptable
Traceback (most recent call last):
  File "/home/kernelsipc/Bureau/unistudious_local/sync_data_local_server/sync/pushers/fromation_pusher.py", line 128, in push_formationAdd
    accountLevelIdProd = result['id_prod']
TypeError: 'NoneType' object is not subscriptable
2026-09-22 10:44:08 [ERROR] sync.data_pusher - formation_audit audit #1 failed — will retry next cycle
2026-09-22 10:45:09 [ERROR] sync.pushers.fromation_pusher - Error in push FormationAdd: 'NoneType' object is not subscriptable
Traceback (most recent call last):
  File "/home/kernelsipc/Bureau/unistudious_local/sync_data_local_server/sync/pushers/fromation_pusher.py", line 128, in push_formationAdd
    accountLevelIdProd = result['id_prod']
TypeError: 'NoneType' object is not subscriptable
2026-09-22 10:45:09 [ERROR] sync.data_pusher - formation_audit audit #1 failed — will retry next cycle
2026-09-22 10:46:09 [ERROR] sync.pushers.fromation_pusher - Error in push FormationAdd: 'NoneType' object is not subscriptable
Traceback (most recent call last):
  File "/home/kernelsipc/Bureau/unistudious_local/sync_data_local_server/sync/pushers/fromation_pusher.py", line 128, in push_formationAdd
    accountLevelIdProd = result['id_prod']
TypeError: 'NoneType' object is not subscriptable
2026-09-22 10:46:09 [ERROR] sync.data_pusher - formation_audit audit #1 failed — will retry next cycle
2026-09-22 10:47:10 [ERROR] sync.pushers.fromation_pusher - Error in push FormationAdd: 'NoneType' object is not subscriptable
Traceback (most recent call last):
  File "/home/kernelsipc/Bureau/unistudious_local/sync_data_local_server/sync/pushers/fromation_pusher.py", line 128, in push_formationAdd
    accountLevelIdProd = result['id_prod']
TypeError: 'NoneType' object is not subscriptable
2026-09-22 10:47:10 [ERROR] sync.data_pusher - formation_audit audit #1 failed — will retry next cycle
2026-09-22 10:48:11 [ERROR] sync.pushers.fromation_pusher - Error in push FormationAdd: 'NoneType' object is not subscriptable
Traceback (most recent call last):
  File "/home/kernelsipc/Bureau/unistudious_local/sync_data_local_server/sync/pushers/fromation_pusher.py", line 128, in push_formationAdd
    accountLevelIdProd = result['id_prod']
TypeError: 'NoneType' object is not subscriptable
2026-09-22 10:48:11 [ERROR] sync.data_pusher - formation_audit audit #1 failed — will retry next cycle
2026-09-22 10:49:12 [ERROR] sync.pushers.fromation_pusher - Error in push FormationAdd: 'NoneType' object is not subscriptable
Traceback (most recent call last):
  File "/home/kernelsipc/Bureau/unistudious_local/sync_data_local_server/sync/pushers/fromation_pusher.py", line 128, in push_formationAdd
    accountLevelIdProd = result['id_prod']
TypeError: 'NoneType' object is not subscriptable
2026-09-22 10:49:12 [ERROR] sync.data_pusher - formation_audit audit #1 failed — will retry next cycle
2026-09-22 10:50:13 [ERROR] sync.pushers.fromation_pusher - Error in push FormationAdd: 'NoneType' object is not subscriptable
Traceback (most recent call last):
  File "/home/kernelsipc/Bureau/unistudious_local/sync_data_local_server/sync/pushers/fromation_pusher.py", line 128, in push_formationAdd
    accountLevelIdProd = result['id_prod']
TypeError: 'NoneType' object is not subscriptable
2026-09-22 10:50:13 [ERROR] sync.data_pusher - formation_audit audit #1 failed — will retry next cycle
2026-09-22 10:51:14 [ERROR] sync.pushers.fromation_pusher - Error in push FormationAdd: 'NoneType' object is not subscriptable
Traceback (most recent call last):
  File "/home/kernelsipc/Bureau/unistudious_local/sync_data_local_server/sync/pushers/fromation_pusher.py", line 128, in push_formationAdd
    accountLevelIdProd = result['id_prod']
TypeError: 'NoneType' object is not subscriptable
2026-09-22 10:51:14 [ERROR] sync.data_pusher - formation_audit audit #1 failed — will retry next cycle
2026-09-22 10:52:15 [ERROR] sync.pushers.fromation_pusher - Error in push FormationAdd: 'NoneType' object is not subscriptable
Traceback (most recent call last):
  File "/home/kernelsipc/Bureau/unistudious_local/sync_data_local_server/sync/pushers/fromation_pusher.py", line 128, in push_formationAdd
    accountLevelIdProd = result['id_prod']
TypeError: 'NoneType' object is not subscriptable
2026-09-22 10:52:15 [ERROR] sync.data_pusher - formation_audit audit #1 failed — will retry next cycle
2026-09-22 10:53:16 [ERROR] sync.pushers.fromation_pusher - Error in push FormationAdd: 'NoneType' object is not subscriptable
Traceback (most recent call last):
  File "/home/kernelsipc/Bureau/unistudious_local/sync_data_local_server/sync/pushers/fromation_pusher.py", line 128, in push_formationAdd
    accountLevelIdProd = result['id_prod']
TypeError: 'NoneType' object is not subscriptable
2026-09-22 10:53:16 [ERROR] sync.data_pusher - formation_audit audit #1 failed — will retry next cycle
2026-09-22 10:54:17 [ERROR] sync.pushers.fromation_pusher - Error in push FormationAdd: 'NoneType' object is not subscriptable
Traceback (most recent call last):
  File "/home/kernelsipc/Bureau/unistudious_local/sync_data_local_server/sync/pushers/fromation_pusher.py", line 128, in push_formationAdd
    accountLevelIdProd = result['id_prod']
TypeError: 'NoneType' object is not subscriptable
2026-09-22 10:54:17 [ERROR] sync.data_pusher - formation_audit audit #1 failed — will retry next cycle
2026-09-22 10:55:18 [ERROR] sync.pushers.fromation_pusher - Error in push FormationAdd: 'NoneType' object is not subscriptable
Traceback (most recent call last):
  File "/home/kernelsipc/Bureau/unistudious_local/sync_data_local_server/sync/pushers/fromation_pusher.py", line 128, in push_formationAdd
    accountLevelIdProd = result['id_prod']
TypeError: 'NoneType' object is not subscriptable
2026-09-22 10:55:18 [ERROR] sync.data_pusher - formation_audit audit #1 failed — will retry next cycle
2026-09-22 10:56:19 [ERROR] sync.pushers.fromation_pusher - Error in push FormationAdd: 'NoneType' object is not subscriptable
Traceback (most recent call last):
  File "/home/kernelsipc/Bureau/unistudious_local/sync_data_local_server/sync/pushers/fromation_pusher.py", line 128, in push_formationAdd
    accountLevelIdProd = result['id_prod']
TypeError: 'NoneType' object is not subscriptable
2026-09-22 10:56:19 [ERROR] sync.data_pusher - formation_audit audit #1 failed — will retry next cycle
2026-09-22 10:57:20 [ERROR] sync.pushers.fromation_pusher - Error in push FormationAdd: 'NoneType' object is not subscriptable
Traceback (most recent call last):
  File "/home/kernelsipc/Bureau/unistudious_local/sync_data_local_server/sync/pushers/fromation_pusher.py", line 128, in push_formationAdd
    accountLevelIdProd = result['id_prod']
TypeError: 'NoneType' object is not subscriptable
2026-09-22 10:57:20 [ERROR] sync.data_pusher - formation_audit audit #1 failed — will retry next cycle
2026-09-22 10:58:20 [ERROR] sync.pushers.fromation_pusher - Error in push FormationAdd: 'NoneType' object is not subscriptable
Traceback (most recent call last):
  File "/home/kernelsipc/Bureau/unistudious_local/sync_data_local_server/sync/pushers/fromation_pusher.py", line 128, in push_formationAdd
    accountLevelIdProd = result['id_prod']
TypeError: 'NoneType' object is not subscriptable
2026-09-22 10:58:20 [ERROR] sync.data_pusher - formation_audit audit #1 failed — will retry next cycle
2026-09-22 10:59:21 [ERROR] sync.pushers.fromation_pusher - Error in push FormationAdd: 'NoneType' object is not subscriptable
Traceback (most recent call last):
  File "/home/kernelsipc/Bureau/unistudious_local/sync_data_local_server/sync/pushers/fromation_pusher.py", line 128, in push_formationAdd
    accountLevelIdProd = result['id_prod']
TypeError: 'NoneType' object is not subscriptable
2026-09-22 10:59:21 [ERROR] sync.data_pusher - formation_audit audit #1 failed — will retry next cycle
2026-09-22 11:00:22 [ERROR] sync.pushers.fromation_pusher - Error in push FormationAdd: 'NoneType' object is not subscriptable
Traceback (most recent call last):
  File "/home/kernelsipc/Bureau/unistudious_local/sync_data_local_server/sync/pushers/fromation_pusher.py", line 128, in push_formationAdd
    accountLevelIdProd = result['id_prod']
TypeError: 'NoneType' object is not subscriptable
2026-09-22 11:00:22 [ERROR] sync.data_pusher - formation_audit audit #1 failed — will retry next cycle
2026-09-22 11:01:23 [ERROR] sync.pushers.fromation_pusher - Error in push FormationAdd: 'NoneType' object is not subscriptable
Traceback (most recent call last):
  File "/home/kernelsipc/Bureau/unistudious_local/sync_data_local_server/sync/pushers/fromation_pusher.py", line 128, in push_formationAdd
    accountLevelIdProd = result['id_prod']
TypeError: 'NoneType' object is not subscriptable
2026-09-22 11:01:23 [ERROR] sync.data_pusher - formation_audit audit #1 failed — will retry next cycle
2026-09-22 11:02:24 [ERROR] sync.pushers.fromation_pusher - Error in push FormationAdd: 'NoneType' object is not subscriptable
Traceback (most recent call last):
  File "/home/kernelsipc/Bureau/unistudious_local/sync_data_local_server/sync/pushers/fromation_pusher.py", line 128, in push_formationAdd
    accountLevelIdProd = result['id_prod']
TypeError: 'NoneType' object is not subscriptable
2026-09-22 11:02:24 [ERROR] sync.data_pusher - formation_audit audit #1 failed — will retry next cycle
2026-09-22 11:03:25 [ERROR] sync.pushers.fromation_pusher - Error in push FormationAdd: 'NoneType' object is not subscriptable
Traceback (most recent call last):
  File "/home/kernelsipc/Bureau/unistudious_local/sync_data_local_server/sync/pushers/fromation_pusher.py", line 128, in push_formationAdd
    accountLevelIdProd = result['id_prod']
TypeError: 'NoneType' object is not subscriptable
2026-09-22 11:03:25 [ERROR] sync.data_pusher - formation_audit audit #1 failed — will retry next cycle
2026-09-22 11:04:26 [ERROR] sync.pushers.fromation_pusher - Error in push FormationAdd: 'NoneType' object is not subscriptable
Traceback (most recent call last):
  File "/home/kernelsipc/Bureau/unistudious_local/sync_data_local_server/sync/pushers/fromation_pusher.py", line 128, in push_formationAdd
    accountLevelIdProd = result['id_prod']
TypeError: 'NoneType' object is not subscriptable
2026-09-22 11:04:26 [ERROR] sync.data_pusher - formation_audit audit #1 failed — will retry next cycle
2026-09-22 11:05:27 [ERROR] sync.pushers.fromation_pusher - Error in push FormationAdd: 'NoneType' object is not subscriptable
Traceback (most recent call last):
  File "/home/kernelsipc/Bureau/unistudious_local/sync_data_local_server/sync/pushers/fromation_pusher.py", line 128, in push_formationAdd
    accountLevelIdProd = result['id_prod']
TypeError: 'NoneType' object is not subscriptable
2026-09-22 11:05:27 [ERROR] sync.data_pusher - formation_audit audit #1 failed — will retry next cycle
2026-09-22 11:06:28 [ERROR] sync.pushers.fromation_pusher - Error in push FormationAdd: 'NoneType' object is not subscriptable
Traceback (most recent call last):
  File "/home/kernelsipc/Bureau/unistudious_local/sync_data_local_server/sync/pushers/fromation_pusher.py", line 128, in push_formationAdd
    accountLevelIdProd = result['id_prod']
TypeError: 'NoneType' object is not subscriptable
2026-09-22 11:06:28 [ERROR] sync.data_pusher - formation_audit audit #1 failed — will retry next cycle
2026-09-22 11:07:29 [ERROR] sync.pushers.fromation_pusher - Error in push FormationAdd: 'NoneType' object is not subscriptable
Traceback (most recent call last):
  File "/home/kernelsipc/Bureau/unistudious_local/sync_data_local_server/sync/pushers/fromation_pusher.py", line 128, in push_formationAdd
    accountLevelIdProd = result['id_prod']
TypeError: 'NoneType' object is not subscriptable
2026-09-22 11:07:29 [ERROR] sync.data_pusher - formation_audit audit #1 failed — will retry next cycle
2026-09-22 11:08:30 [ERROR] sync.pushers.fromation_pusher - Error in push FormationAdd: 'NoneType' object is not subscriptable
Traceback (most recent call last):
  File "/home/kernelsipc/Bureau/unistudious_local/sync_data_local_server/sync/pushers/fromation_pusher.py", line 128, in push_formationAdd
    accountLevelIdProd = result['id_prod']
TypeError: 'NoneType' object is not subscriptable
2026-09-22 11:08:30 [ERROR] sync.data_pusher - formation_audit audit #1 failed — will retry next cycle
2026-09-22 11:09:31 [ERROR] sync.pushers.fromation_pusher - Error in push FormationAdd: 'NoneType' object is not subscriptable
Traceback (most recent call last):
  File "/home/kernelsipc/Bureau/unistudious_local/sync_data_local_server/sync/pushers/fromation_pusher.py", line 128, in push_formationAdd
    accountLevelIdProd = result['id_prod']
TypeError: 'NoneType' object is not subscriptable
2026-09-22 11:09:31 [ERROR] sync.data_pusher - formation_audit audit #1 failed — will retry next cycle
2026-09-22 11:10:32 [ERROR] sync.pushers.fromation_pusher - Error in push FormationAdd: 'NoneType' object is not subscriptable
Traceback (most recent call last):
  File "/home/kernelsipc/Bureau/unistudious_local/sync_data_local_server/sync/pushers/fromation_pusher.py", line 128, in push_formationAdd
    accountLevelIdProd = result['id_prod']
TypeError: 'NoneType' object is not subscriptable
2026-09-22 11:10:32 [ERROR] sync.data_pusher - formation_audit audit #1 failed — will retry next cycle
2026-09-22 11:11:33 [ERROR] sync.pushers.fromation_pusher - Error in push FormationAdd: 'NoneType' object is not subscriptable
Traceback (most recent call last):
  File "/home/kernelsipc/Bureau/unistudious_local/sync_data_local_server/sync/pushers/fromation_pusher.py", line 128, in push_formationAdd
    accountLevelIdProd = result['id_prod']
TypeError: 'NoneType' object is not subscriptable
2026-09-22 11:11:33 [ERROR] sync.data_pusher - formation_audit audit #1 failed — will retry next cycle
2026-09-22 11:12:34 [ERROR] sync.pushers.fromation_pusher - Error in push FormationAdd: 'NoneType' object is not subscriptable
Traceback (most recent call last):
  File "/home/kernelsipc/Bureau/unistudious_local/sync_data_local_server/sync/pushers/fromation_pusher.py", line 128, in push_formationAdd
    accountLevelIdProd = result['id_prod']
TypeError: 'NoneType' object is not subscriptable
2026-09-22 11:12:34 [ERROR] sync.data_pusher - formation_audit audit #1 failed — will retry next cycle
2026-09-22 11:13:35 [ERROR] sync.pushers.fromation_pusher - Error in push FormationAdd: 'NoneType' object is not subscriptable
Traceback (most recent call last):
  File "/home/kernelsipc/Bureau/unistudious_local/sync_data_local_server/sync/pushers/fromation_pusher.py", line 128, in push_formationAdd
    accountLevelIdProd = result['id_prod']
TypeError: 'NoneType' object is not subscriptable
2026-09-22 11:13:35 [ERROR] sync.data_pusher - formation_audit audit #1 failed — will retry next cycle
2026-09-22 11:14:36 [ERROR] sync.pushers.fromation_pusher - Error in push FormationAdd: 'NoneType' object is not subscriptable
Traceback (most recent call last):
  File "/home/kernelsipc/Bureau/unistudious_local/sync_data_local_server/sync/pushers/fromation_pusher.py", line 128, in push_formationAdd
    accountLevelIdProd = result['id_prod']
TypeError: 'NoneType' object is not subscriptable
2026-09-22 11:14:36 [ERROR] sync.data_pusher - formation_audit audit #1 failed — will retry next cycle
2026-09-22 11:15:37 [ERROR] sync.pushers.fromation_pusher - Error in push FormationAdd: 'NoneType' object is not subscriptable
Traceback (most recent call last):
  File "/home/kernelsipc/Bureau/unistudious_local/sync_data_local_server/sync/pushers/fromation_pusher.py", line 128, in push_formationAdd
    accountLevelIdProd = result['id_prod']
TypeError: 'NoneType' object is not subscriptable
2026-09-22 11:15:37 [ERROR] sync.data_pusher - formation_audit audit #1 failed — will retry next cycle
2026-09-22 11:16:38 [ERROR] sync.pushers.fromation_pusher - Error in push FormationAdd: 'NoneType' object is not subscriptable
Traceback (most recent call last):
  File "/home/kernelsipc/Bureau/unistudious_local/sync_data_local_server/sync/pushers/fromation_pusher.py", line 128, in push_formationAdd
    accountLevelIdProd = result['id_prod']
TypeError: 'NoneType' object is not subscriptable
2026-09-22 11:16:38 [ERROR] sync.data_pusher - formation_audit audit #1 failed — will retry next cycle
2026-09-22 11:17:39 [ERROR] sync.pushers.fromation_pusher - Error in push FormationAdd: 'NoneType' object is not subscriptable
Traceback (most recent call last):
  File "/home/kernelsipc/Bureau/unistudious_local/sync_data_local_server/sync/pushers/fromation_pusher.py", line 128, in push_formationAdd
    accountLevelIdProd = result['id_prod']
TypeError: 'NoneType' object is not subscriptable
2026-09-22 11:17:39 [ERROR] sync.data_pusher - formation_audit audit #1 failed — will retry next cycle
2026-09-22 11:18:40 [ERROR] sync.pushers.fromation_pusher - Error in push FormationAdd: 'NoneType' object is not subscriptable
Traceback (most recent call last):
  File "/home/kernelsipc/Bureau/unistudious_local/sync_data_local_server/sync/pushers/fromation_pusher.py", line 128, in push_formationAdd
    accountLevelIdProd = result['id_prod']
TypeError: 'NoneType' object is not subscriptable
2026-09-22 11:18:40 [ERROR] sync.data_pusher - formation_audit audit #1 failed — will retry next cycle
2026-09-22 11:19:41 [ERROR] sync.pushers.fromation_pusher - Error in push FormationAdd: 'NoneType' object is not subscriptable
Traceback (most recent call last):
  File "/home/kernelsipc/Bureau/unistudious_local/sync_data_local_server/sync/pushers/fromation_pusher.py", line 128, in push_formationAdd
    accountLevelIdProd = result['id_prod']
TypeError: 'NoneType' object is not subscriptable
2026-09-22 11:19:41 [ERROR] sync.data_pusher - formation_audit audit #1 failed — will retry next cycle
2026-09-22 11:20:42 [ERROR] sync.pushers.fromation_pusher - Error in push FormationAdd: 'NoneType' object is not subscriptable
Traceback (most recent call last):
  File "/home/kernelsipc/Bureau/unistudious_local/sync_data_local_server/sync/pushers/fromation_pusher.py", line 128, in push_formationAdd
    accountLevelIdProd = result['id_prod']
TypeError: 'NoneType' object is not subscriptable
2026-09-22 11:20:42 [ERROR] sync.data_pusher - formation_audit audit #1 failed — will retry next cycle
2026-09-22 11:21:43 [ERROR] sync.pushers.fromation_pusher - Error in push FormationAdd: 'NoneType' object is not subscriptable
Traceback (most recent call last):
  File "/home/kernelsipc/Bureau/unistudious_local/sync_data_local_server/sync/pushers/fromation_pusher.py", line 128, in push_formationAdd
    accountLevelIdProd = result['id_prod']
TypeError: 'NoneType' object is not subscriptable
2026-09-22 11:21:43 [ERROR] sync.data_pusher - formation_audit audit #1 failed — will retry next cycle
2026-09-22 11:22:44 [ERROR] sync.pushers.fromation_pusher - Error in push FormationAdd: 'NoneType' object is not subscriptable
Traceback (most recent call last):
  File "/home/kernelsipc/Bureau/unistudious_local/sync_data_local_server/sync/pushers/fromation_pusher.py", line 128, in push_formationAdd
    accountLevelIdProd = result['id_prod']
TypeError: 'NoneType' object is not subscriptable
2026-09-22 11:22:44 [ERROR] sync.data_pusher - formation_audit audit #1 failed — will retry next cycle
2026-09-22 11:23:45 [ERROR] sync.pushers.fromation_pusher - Error in push FormationAdd: 'NoneType' object is not subscriptable
Traceback (most recent call last):
  File "/home/kernelsipc/Bureau/unistudious_local/sync_data_local_server/sync/pushers/fromation_pusher.py", line 128, in push_formationAdd
    accountLevelIdProd = result['id_prod']
TypeError: 'NoneType' object is not subscriptable
2026-09-22 11:23:45 [ERROR] sync.data_pusher - formation_audit audit #1 failed — will retry next cycle
2026-09-22 11:24:46 [ERROR] sync.pushers.fromation_pusher - Error in push FormationAdd: 'NoneType' object is not subscriptable
Traceback (most recent call last):
  File "/home/kernelsipc/Bureau/unistudious_local/sync_data_local_server/sync/pushers/fromation_pusher.py", line 128, in push_formationAdd
    accountLevelIdProd = result['id_prod']
TypeError: 'NoneType' object is not subscriptable
2026-09-22 11:24:46 [ERROR] sync.data_pusher - formation_audit audit #1 failed — will retry next cycle
2026-09-22 11:25:47 [ERROR] sync.pushers.fromation_pusher - Error in push FormationAdd: 'NoneType' object is not subscriptable
Traceback (most recent call last):
  File "/home/kernelsipc/Bureau/unistudious_local/sync_data_local_server/sync/pushers/fromation_pusher.py", line 128, in push_formationAdd
    accountLevelIdProd = result['id_prod']
TypeError: 'NoneType' object is not subscriptable
2026-09-22 11:25:47 [ERROR] sync.data_pusher - formation_audit audit #1 failed — will retry next cycle
2026-09-22 13:21:57 [ERROR] sync.pushers.fromation_pusher - Error in push FormationAdd: 'NoneType' object is not subscriptable
Traceback (most recent call last):
  File "/home/kernelsipc/Bureau/unistudious_local/sync_data_local_server/sync/pushers/fromation_pusher.py", line 128, in push_formationAdd
    return _send_create_formation_api(settings, remote_formation_id)
TypeError: 'NoneType' object is not subscriptable
2026-09-22 13:21:57 [ERROR] sync.data_pusher - formation_audit audit #1 failed — will retry next cycle
2026-09-22 13:26:01 [ERROR] sync.data_pusher - formation_audit audit #1 failed — will retry next cycle
2026-09-22 13:36:06 [ERROR] sync.data_pusher - formation_audit audit #1 failed — will retry next cycle
2026-09-22 13:37:24 [ERROR] sync.data_pusher - formation_audit audit #1 failed — will retry next cycle
2026-09-24 10:19:56 [ERROR] sync.pushers.accountSubject_pusher - Error in push accountSubjectAdd: name 'subSubjectId' is not defined
Traceback (most recent call last):
  File "/home/kernelsipc/Bureau/unistudious_local/sync_data_local_server/sync/pushers/accountSubject_pusher.py", line 131, in push_accountSubjectAdd
    subSubjectId.append(sub.get('id_prod') or '')
NameError: name 'subSubjectId' is not defined
2026-09-24 10:19:56 [ERROR] sync.data_pusher - account_subject_audit audit #1 failed — will retry next cycle


2026-09-28 12:19:41 [ERROR] sync.data_pusher - formation_audit audit #1 failed — will retry next cycle
2026-09-28 12:27:22 [ERROR] sync.data_pusher - formation_audit audit #1 failed — will retry next cycle
2026-09-28 12:27:36 [ERROR] sync.data_pusher - formation_audit audit #1 failed — will retry next cycle
2026-09-28 12:27:56 [ERROR] sync.data_pusher - formation_audit audit #1 failed — will retry next cycle
2026-09-28 12:39:02 [ERROR] sync.data_pusher - formation_audit audit #1 failed — will retry next cycle
2026-09-28 12:40:04 [ERROR] sync.data_pusher - formation_audit audit #1 failed — will retry next cycle
2026-09-28 12:40:31 [ERROR] sync.data_pusher - formation_audit audit #1 failed — will retry next cycle
2026-09-28 14:26:54 [ERROR] sync.data_pusher - formation_audit audit #1 failed — will retry next cycle
2026-09-28 15:06:15 [ERROR] sync.data_pusher - formation_audit audit #1 failed — will retry next cycle
2026-09-28 15:31:22 [ERROR] sync.data_pusher - formation_audit audit #2 failed — will retry next cycle
2026-09-29 13:17:28 [ERROR] sync.pushers.fromation_pusher - Error in push_formationAdd: 1054 (42S22): Unknown column 'sss.formation_subject_id' in 'on clause'
Traceback (most recent call last):
  File "/home/kernelsipc/.local/lib/python3.10/site-packages/mysql/connector/connection_cext.py", line 772, in cmd_query
    self._cmysql.query(
_mysql_connector.MySQLInterfaceError: Unknown column 'sss.formation_subject_id' in 'on clause'

The above exception was the direct cause of the following exception:

Traceback (most recent call last):
  File "/home/kernelsipc/Bureau/unistudious_local/sync_data_local_server/sync/pushers/fromation_pusher.py", line 221, in push_formationAdd
    cursor.execute(
  File "/home/kernelsipc/.local/lib/python3.10/site-packages/mysql/connector/cursor_cext.py", line 353, in execute
    self._connection.cmd_query(
  File "/home/kernelsipc/.local/lib/python3.10/site-packages/mysql/connector/opentelemetry/context_propagation.py", line 97, in wrapper
    return method(cnx, *args, **kwargs)
  File "/home/kernelsipc/.local/lib/python3.10/site-packages/mysql/connector/connection_cext.py", line 781, in cmd_query
    raise get_mysql_exception(
mysql.connector.errors.ProgrammingError: 1054 (42S22): Unknown column 'sss.formation_subject_id' in 'on clause'
2026-09-29 13:17:28 [ERROR] sync.data_pusher - formation_audit audit #2 failed — will retry next cycle
2026-09-29 16:44:52 [ERROR] __main__ - Database connection failed.
2026-09-29 16:44:52 [ERROR] __main__ - Sync #133 failed.
2026-09-29 16:45:53 [ERROR] __main__ - Database connection failed.
2026-09-29 16:45:53 [ERROR] __main__ - Sync #134 failed.
2026-09-30 15:23:50 [ERROR] __main__ - SYNC FAILED: 500 Server Error: Internal Server Error for url: https://unistudious.com/slc/get-whats-news
Traceback (most recent call last):
  File "/home/kernelsipc/Bureau/unistudious_local/sync_data_local_server/sync/sync_manager.py", line 106, in sync_data_once
    data = fetcher.fetch_data(since_date=since_date)
  File "/home/kernelsipc/Bureau/unistudious_local/sync_data_local_server/sync/data_fetcher.py", line 54, in fetch_data
    data = self._post_with_form_data(self.whats_new_endpoint, payload)
  File "/home/kernelsipc/Bureau/unistudious_local/sync_data_local_server/sync/data_fetcher.py", line 124, in _post_with_form_data
    response.raise_for_status()
  File "/usr/lib/python3/dist-packages/requests/models.py", line 943, in raise_for_status
    raise HTTPError(http_error_msg, response=self)
requests.exceptions.HTTPError: 500 Server Error: Internal Server Error for url: https://unistudious.com/slc/get-whats-news
2026-09-30 15:23:50 [ERROR] __main__ - Sync #192 failed.
2026-09-30 15:24:51 [ERROR] __main__ - SYNC FAILED: 500 Server Error: Internal Server Error for url: https://unistudious.com/slc/get-whats-news
Traceback (most recent call last):
  File "/home/kernelsipc/Bureau/unistudious_local/sync_data_local_server/sync/sync_manager.py", line 106, in sync_data_once
    data = fetcher.fetch_data(since_date=since_date)
  File "/home/kernelsipc/Bureau/unistudious_local/sync_data_local_server/sync/data_fetcher.py", line 54, in fetch_data
    data = self._post_with_form_data(self.whats_new_endpoint, payload)
  File "/home/kernelsipc/Bureau/unistudious_local/sync_data_local_server/sync/data_fetcher.py", line 124, in _post_with_form_data
    response.raise_for_status()
  File "/usr/lib/python3/dist-packages/requests/models.py", line 943, in raise_for_status
    raise HTTPError(http_error_msg, response=self)
requests.exceptions.HTTPError: 500 Server Error: Internal Server Error for url: https://unistudious.com/slc/get-whats-news
2026-09-30 15:24:51 [ERROR] __main__ - Sync #193 failed.
2026-10-01 13:51:21 [ERROR] __main__ - SYNC FAILED: cannot import name 'download_formation_image' from 'processors.image_downloader' (/home/kernelsipc/Bureau/unistudious_local/sync_data_local_server/sync/processors/image_downloader.py)
Traceback (most recent call last):
  File "/home/kernelsipc/Bureau/unistudious_local/sync_data_local_server/sync/sync_manager.py", line 122, in sync_data_once
    process_sync_data(db, data, settings)
  File "/home/kernelsipc/Bureau/unistudious_local/sync_data_local_server/sync/sync_manager.py", line 211, in process_sync_data
    from sync.processors.formation_processor import process_formations
  File "/home/kernelsipc/Bureau/unistudious_local/sync_data_local_server/sync/processors/formation_processor.py", line 12, in <module>
    from processors.image_downloader import download_formation_image
ImportError: cannot import name 'download_formation_image' from 'processors.image_downloader' (/home/kernelsipc/Bureau/unistudious_local/sync_data_local_server/sync/processors/image_downloader.py)
2026-10-01 13:51:21 [ERROR] __main__ - Sync #1 failed.
2026-10-01 13:53:59 [ERROR] __main__ - SYNC FAILED: process_formations() missing 1 required positional argument: 'token'
Traceback (most recent call last):
  File "/home/kernelsipc/Bureau/unistudious_local/sync_data_local_server/sync/sync_manager.py", line 122, in sync_data_once
    process_sync_data(db, data, settings)
  File "/home/kernelsipc/Bureau/unistudious_local/sync_data_local_server/sync/sync_manager.py", line 213, in process_sync_data
    process_formations(db, n)
TypeError: process_formations() missing 1 required positional argument: 'token'
2026-10-01 13:53:59 [ERROR] __main__ - Sync #1 failed.
2026-10-01 14:07:56 [ERROR] __main__ - SYNC FAILED: name 'download_' is not defined
Traceback (most recent call last):
  File "/home/kernelsipc/Bureau/unistudious_local/sync_data_local_server/sync/sync_manager.py", line 122, in sync_data_once
    process_sync_data(db, data, settings)
  File "/home/kernelsipc/Bureau/unistudious_local/sync_data_local_server/sync/sync_manager.py", line 169, in process_sync_data
    from sync.processors.account_processor import process_accounts
  File "/home/kernelsipc/Bureau/unistudious_local/sync_data_local_server/sync/processors/account_processor.py", line 13, in <module>
    from processors.image_downloader import download_academie_image
  File "/home/kernelsipc/Bureau/unistudious_local/sync_data_local_server/sync/processors/image_downloader.py", line 256, in <module>
    download_
NameError: name 'download_' is not defined
2026-10-01 14:07:56 [ERROR] __main__ - Sync #1 failed.
