2026-06-22 09:25:07  INFO      [auth_service.py:23]  Login successful.
2026-06-22 09:25:07  DEBUG     [client.py:31]  GET https://192.168.1.249:5004/scl/get-attendance/2107
2026-06-22 09:25:07  INFO      [student_service.py:11]  Found 2 student(s) for calendar 2107
2026-06-22 09:25:17  ERROR     [recognition.py:42]  Error fetching enrolled subjects: HTTPConnectionPool(host='localhost', port=8000): Read timed out. (read timeout=10)
2026-06-22 09:25:17  INFO      [recognition.py:59]  Found 0 subject(s) already enrolled in CompreFace.
2026-06-22 09:25:27  INFO      [auth_service.py:23]  Login successful.
2026-06-22 09:25:27  DEBUG     [client.py:31]  GET https://192.168.1.249:5004/scl/get-attendance/2107
2026-06-22 09:25:27  INFO      [student_service.py:11]  Found 2 student(s) for calendar 2107
2026-06-22 09:25:27  INFO      [recognition.py:59]  Found 1 subject(s) already enrolled in CompreFace.
2026-06-22 09:25:27  INFO      [recognition.py:75]  Student 3 already enrolled in CompreFace — skipping.
2026-06-22 09:25:27  WARNING   [recognition.py:70]  Student 683 has no reference photo (userRefRlc is null) — skipping.
2026-06-22 09:25:27  INFO      [recognition.py:113]  Enrollment complete — 0/2 student(s) enrolled.
2026-06-22 09:25:27  INFO      [recognition.py:167]  Recognizing 2 person(s) for calendar 2107...
2026-06-22 09:25:27  DEBUG     [recognition.py:220]  person_1/face_20260618_141525_609.jpg → userId=3 (similarity=0.6431)
2026-06-22 09:25:27  DEBUG     [recognition.py:220]  person_1/face_20260618_141525_122.jpg → userId=3 (similarity=0.6764)
2026-06-22 09:25:28  DEBUG     [recognition.py:220]  person_1/face_20260618_141527_511.jpg → userId=3 (similarity=0.6969)
2026-06-22 09:25:28  DEBUG     [recognition.py:220]  person_1/face_20260618_141658_344.jpg → userId=3 (similarity=0.7768)
2026-06-22 09:25:28  DEBUG     [recognition.py:220]  person_1/face_20260618_141653_362.jpg → userId=3 (similarity=0.7467)
2026-06-22 09:25:28  DEBUG     [recognition.py:220]  person_1/face_20260618_141656_937.jpg → userId=3 (similarity=0.7619)
2026-06-22 09:25:28  DEBUG     [recognition.py:220]  person_1/face_20260618_141525_506.jpg → userId=3 (similarity=0.6394)
2026-06-22 09:25:28  WARNING   [recognition.py:237]  person_1 → rejected (avg similarity=0.7059 < threshold=0.85)
2026-06-22 09:25:28  DEBUG     [recognition.py:220]  person_2/face_20260618_141708_743.jpg → userId=3 (similarity=0.2154)
2026-06-22 09:25:28  WARNING   [recognition.py:237]  person_2 → rejected (avg similarity=0.2154 < threshold=0.85)
2026-06-22 09:25:28  INFO      [recognition.py:249]  Recognition complete — 0 student(s) identified.
2026-06-22 09:25:28  DEBUG     [client.py:48]  POST https://192.168.1.249:5004/scl/update-attendance-student/9560
2026-06-22 09:25:28  INFO      [attendance_service.py:13]  Attendance 9560 updated - present: False.
2026-06-22 09:25:28  DEBUG     [client.py:48]  POST https://192.168.1.249:5004/scl/update-attendance-student/9561
2026-06-22 09:25:28  INFO      [attendance_service.py:13]  Attendance 9561 updated - present: False.
2026-06-22 09:25:29  INFO      [recognition.py:133]  Unenrolled student 3 from CompreFace.
2026-06-22 09:25:29  INFO      [recognition.py:133]  Unenrolled student 683 from CompreFace.
2026-06-22 09:47:48  INFO      [main.py:32]  Server is starting...
2026-06-22 09:47:48  INFO      [auth_service.py:23]  Login successful.
2026-06-22 09:47:48  INFO      [main.py:52]  Checking calendars at 09:47:48
2026-06-22 09:47:48  DEBUG     [client.py:31]  GET https://192.168.1.249:5004/scl/get-all-calender
2026-06-22 09:47:48  INFO      [calendar_service.py:44]  Fetched 0 valid session(s).
2026-06-22 09:47:48  INFO      [main.py:58]  No calendars found for today.
2026-06-22 09:47:58  INFO      [main.py:52]  Checking calendars at 09:47:58
2026-06-22 09:47:58  DEBUG     [client.py:31]  GET https://192.168.1.249:5004/scl/get-all-calender
2026-06-22 09:47:58  INFO      [calendar_service.py:44]  Fetched 0 valid session(s).
2026-06-22 09:47:58  INFO      [main.py:58]  No calendars found for today.
2026-06-22 09:48:08  INFO      [main.py:52]  Checking calendars at 09:48:08
2026-06-22 09:48:08  DEBUG     [client.py:31]  GET https://192.168.1.249:5004/scl/get-all-calender
2026-06-22 09:48:08  INFO      [calendar_service.py:44]  Fetched 0 valid session(s).
2026-06-22 09:48:08  INFO      [main.py:58]  No calendars found for today.
2026-06-22 09:48:18  INFO      [main.py:52]  Checking calendars at 09:48:18
2026-06-22 09:48:18  DEBUG     [client.py:31]  GET https://192.168.1.249:5004/scl/get-all-calender
2026-06-22 09:48:18  INFO      [calendar_service.py:44]  Fetched 0 valid session(s).
2026-06-22 09:48:18  INFO      [main.py:58]  No calendars found for today.
2026-06-22 09:48:28  INFO      [main.py:52]  Checking calendars at 09:48:28
2026-06-22 09:48:28  DEBUG     [client.py:31]  GET https://192.168.1.249:5004/scl/get-all-calender
2026-06-22 09:48:28  INFO      [calendar_service.py:44]  Fetched 0 valid session(s).
2026-06-22 09:48:28  INFO      [main.py:58]  No calendars found for today.
2026-06-22 09:48:38  INFO      [main.py:52]  Checking calendars at 09:48:38
2026-06-22 09:48:38  DEBUG     [client.py:31]  GET https://192.168.1.249:5004/scl/get-all-calender
2026-06-22 09:48:38  INFO      [calendar_service.py:44]  Fetched 0 valid session(s).
2026-06-22 09:48:38  INFO      [main.py:58]  No calendars found for today.
2026-06-22 09:48:48  INFO      [main.py:52]  Checking calendars at 09:48:48
2026-06-22 09:48:48  DEBUG     [client.py:31]  GET https://192.168.1.249:5004/scl/get-all-calender
2026-06-22 09:48:48  INFO      [calendar_service.py:44]  Fetched 0 valid session(s).
2026-06-22 09:48:48  INFO      [main.py:58]  No calendars found for today.
2026-06-22 09:48:58  INFO      [main.py:52]  Checking calendars at 09:48:58
2026-06-22 09:48:58  DEBUG     [client.py:31]  GET https://192.168.1.249:5004/scl/get-all-calender
2026-06-22 09:48:59  INFO      [calendar_service.py:44]  Fetched 0 valid session(s).
2026-06-22 09:48:59  INFO      [main.py:58]  No calendars found for today.
2026-06-22 09:49:09  INFO      [main.py:52]  Checking calendars at 09:49:09
2026-06-22 09:49:09  DEBUG     [client.py:31]  GET https://192.168.1.249:5004/scl/get-all-calender
2026-06-22 09:49:09  INFO      [calendar_service.py:44]  Fetched 0 valid session(s).
2026-06-22 09:49:09  INFO      [main.py:58]  No calendars found for today.
2026-06-22 09:49:19  INFO      [main.py:52]  Checking calendars at 09:49:19
2026-06-22 09:49:19  DEBUG     [client.py:31]  GET https://192.168.1.249:5004/scl/get-all-calender
2026-06-22 09:49:19  INFO      [calendar_service.py:44]  Fetched 0 valid session(s).
2026-06-22 09:49:19  INFO      [main.py:58]  No calendars found for today.
2026-06-22 09:49:29  INFO      [main.py:52]  Checking calendars at 09:49:29
2026-06-22 09:49:29  DEBUG     [client.py:31]  GET https://192.168.1.249:5004/scl/get-all-calender
2026-06-22 09:49:29  INFO      [calendar_service.py:44]  Fetched 0 valid session(s).
2026-06-22 09:49:29  INFO      [main.py:58]  No calendars found for today.
2026-06-22 09:49:39  INFO      [main.py:52]  Checking calendars at 09:49:39
2026-06-22 09:49:39  DEBUG     [client.py:31]  GET https://192.168.1.249:5004/scl/get-all-calender
2026-06-22 09:49:39  INFO      [calendar_service.py:44]  Fetched 0 valid session(s).
2026-06-22 09:49:39  INFO      [main.py:58]  No calendars found for today.
2026-06-22 09:49:49  INFO      [main.py:52]  Checking calendars at 09:49:49
2026-06-22 09:49:49  DEBUG     [client.py:31]  GET https://192.168.1.249:5004/scl/get-all-calender
2026-06-22 09:49:49  INFO      [calendar_service.py:44]  Fetched 0 valid session(s).
2026-06-22 09:49:49  INFO      [main.py:58]  No calendars found for today.
2026-06-22 09:49:59  INFO      [main.py:52]  Checking calendars at 09:49:59
2026-06-22 09:49:59  DEBUG     [client.py:31]  GET https://192.168.1.249:5004/scl/get-all-calender
2026-06-22 09:49:59  INFO      [calendar_service.py:44]  Fetched 0 valid session(s).
2026-06-22 09:49:59  INFO      [main.py:58]  No calendars found for today.
2026-06-22 09:50:09  INFO      [main.py:52]  Checking calendars at 09:50:09
2026-06-22 09:50:09  DEBUG     [client.py:31]  GET https://192.168.1.249:5004/scl/get-all-calender
2026-06-22 09:50:09  INFO      [calendar_service.py:44]  Fetched 0 valid session(s).
2026-06-22 09:50:09  INFO      [main.py:58]  No calendars found for today.
2026-06-22 09:50:19  INFO      [main.py:52]  Checking calendars at 09:50:19
2026-06-22 09:50:19  DEBUG     [client.py:31]  GET https://192.168.1.249:5004/scl/get-all-calender
2026-06-22 09:50:19  INFO      [calendar_service.py:44]  Fetched 0 valid session(s).
2026-06-22 09:50:19  INFO      [main.py:58]  No calendars found for today.
2026-06-22 09:50:29  INFO      [main.py:52]  Checking calendars at 09:50:29
2026-06-22 09:50:29  DEBUG     [client.py:31]  GET https://192.168.1.249:5004/scl/get-all-calender
2026-06-22 09:50:29  INFO      [calendar_service.py:44]  Fetched 0 valid session(s).
2026-06-22 09:50:29  INFO      [main.py:58]  No calendars found for today.
2026-06-22 09:50:39  INFO      [main.py:52]  Checking calendars at 09:50:39
2026-06-22 09:50:39  DEBUG     [client.py:31]  GET https://192.168.1.249:5004/scl/get-all-calender
2026-06-22 09:50:39  INFO      [calendar_service.py:44]  Fetched 0 valid session(s).
2026-06-22 09:50:39  INFO      [main.py:58]  No calendars found for today.
2026-06-22 09:50:49  INFO      [main.py:52]  Checking calendars at 09:50:49
2026-06-22 09:50:49  DEBUG     [client.py:31]  GET https://192.168.1.249:5004/scl/get-all-calender
2026-06-22 09:50:49  INFO      [calendar_service.py:44]  Fetched 0 valid session(s).
2026-06-22 09:50:49  INFO      [main.py:58]  No calendars found for today.
2026-06-22 09:50:59  INFO      [main.py:52]  Checking calendars at 09:50:59
2026-06-22 09:50:59  DEBUG     [client.py:31]  GET https://192.168.1.249:5004/scl/get-all-calender
2026-06-22 09:50:59  INFO      [calendar_service.py:44]  Fetched 0 valid session(s).
2026-06-22 09:50:59  INFO      [main.py:58]  No calendars found for today.
2026-06-22 09:51:09  INFO      [main.py:52]  Checking calendars at 09:51:09
2026-06-22 09:51:09  DEBUG     [client.py:31]  GET https://192.168.1.249:5004/scl/get-all-calender
2026-06-22 09:51:09  INFO      [calendar_service.py:44]  Fetched 0 valid session(s).
2026-06-22 09:51:09  INFO      [main.py:58]  No calendars found for today.
2026-06-22 09:51:19  INFO      [main.py:52]  Checking calendars at 09:51:19
2026-06-22 09:51:19  DEBUG     [client.py:31]  GET https://192.168.1.249:5004/scl/get-all-calender
2026-06-22 09:51:19  INFO      [calendar_service.py:44]  Fetched 0 valid session(s).
2026-06-22 09:51:19  INFO      [main.py:58]  No calendars found for today.
2026-06-22 09:51:29  INFO      [main.py:52]  Checking calendars at 09:51:29
2026-06-22 09:51:29  DEBUG     [client.py:31]  GET https://192.168.1.249:5004/scl/get-all-calender
2026-06-22 09:51:29  INFO      [calendar_service.py:44]  Fetched 0 valid session(s).
2026-06-22 09:51:29  INFO      [main.py:58]  No calendars found for today.
2026-06-22 09:51:39  INFO      [main.py:52]  Checking calendars at 09:51:39
2026-06-22 09:51:39  DEBUG     [client.py:31]  GET https://192.168.1.249:5004/scl/get-all-calender
2026-06-22 09:51:39  INFO      [calendar_service.py:44]  Fetched 0 valid session(s).
2026-06-22 09:51:39  INFO      [main.py:58]  No calendars found for today.
2026-06-22 09:51:49  INFO      [main.py:52]  Checking calendars at 09:51:49
2026-06-22 09:51:49  DEBUG     [client.py:31]  GET https://192.168.1.249:5004/scl/get-all-calender
2026-06-22 09:51:49  INFO      [calendar_service.py:44]  Fetched 0 valid session(s).
2026-06-22 09:51:49  INFO      [main.py:58]  No calendars found for today.
2026-06-22 09:51:59  INFO      [main.py:52]  Checking calendars at 09:51:59
2026-06-22 09:51:59  DEBUG     [client.py:31]  GET https://192.168.1.249:5004/scl/get-all-calender
2026-06-22 09:51:59  INFO      [calendar_service.py:44]  Fetched 0 valid session(s).
2026-06-22 09:51:59  INFO      [main.py:58]  No calendars found for today.
2026-06-22 09:52:09  INFO      [main.py:52]  Checking calendars at 09:52:09
2026-06-22 09:52:09  DEBUG     [client.py:31]  GET https://192.168.1.249:5004/scl/get-all-calender
2026-06-22 09:52:09  INFO      [calendar_service.py:44]  Fetched 0 valid session(s).
2026-06-22 09:52:09  INFO      [main.py:58]  No calendars found for today.
2026-06-22 09:52:19  INFO      [main.py:52]  Checking calendars at 09:52:19
2026-06-22 09:52:19  DEBUG     [client.py:31]  GET https://192.168.1.249:5004/scl/get-all-calender
2026-06-22 09:52:19  INFO      [calendar_service.py:44]  Fetched 0 valid session(s).
2026-06-22 09:52:19  INFO      [main.py:58]  No calendars found for today.
2026-06-22 09:52:30  INFO      [main.py:52]  Checking calendars at 09:52:30
2026-06-22 09:52:30  DEBUG     [client.py:31]  GET https://192.168.1.249:5004/scl/get-all-calender
2026-06-22 09:52:30  INFO      [calendar_service.py:44]  Fetched 0 valid session(s).
2026-06-22 09:52:30  INFO      [main.py:58]  No calendars found for today.
2026-06-22 09:52:40  INFO      [main.py:52]  Checking calendars at 09:52:40
2026-06-22 09:52:40  DEBUG     [client.py:31]  GET https://192.168.1.249:5004/scl/get-all-calender
2026-06-22 09:52:40  INFO      [calendar_service.py:44]  Fetched 0 valid session(s).
2026-06-22 09:52:40  INFO      [main.py:58]  No calendars found for today.
2026-06-22 09:52:50  INFO      [main.py:52]  Checking calendars at 09:52:50
2026-06-22 09:52:50  DEBUG     [client.py:31]  GET https://192.168.1.249:5004/scl/get-all-calender
2026-06-22 09:52:50  INFO      [calendar_service.py:44]  Fetched 0 valid session(s).
2026-06-22 09:52:50  INFO      [main.py:58]  No calendars found for today.
2026-06-22 09:53:00  INFO      [main.py:52]  Checking calendars at 09:53:00
2026-06-22 09:53:00  DEBUG     [client.py:31]  GET https://192.168.1.249:5004/scl/get-all-calender
2026-06-22 09:53:00  INFO      [calendar_service.py:44]  Fetched 0 valid session(s).
2026-06-22 09:53:00  INFO      [main.py:58]  No calendars found for today.
2026-06-22 09:53:10  INFO      [main.py:52]  Checking calendars at 09:53:10
2026-06-22 09:53:10  DEBUG     [client.py:31]  GET https://192.168.1.249:5004/scl/get-all-calender
2026-06-22 09:53:10  INFO      [calendar_service.py:44]  Fetched 0 valid session(s).
2026-06-22 09:53:10  INFO      [main.py:58]  No calendars found for today.
2026-06-22 09:53:20  INFO      [main.py:52]  Checking calendars at 09:53:20
2026-06-22 09:53:20  DEBUG     [client.py:31]  GET https://192.168.1.249:5004/scl/get-all-calender
2026-06-22 09:53:20  INFO      [calendar_service.py:44]  Fetched 0 valid session(s).
2026-06-22 09:53:20  INFO      [main.py:58]  No calendars found for today.
2026-06-22 09:53:30  INFO      [main.py:52]  Checking calendars at 09:53:30
2026-06-22 09:53:30  DEBUG     [client.py:31]  GET https://192.168.1.249:5004/scl/get-all-calender
2026-06-22 09:53:30  INFO      [calendar_service.py:44]  Fetched 0 valid session(s).
2026-06-22 09:53:30  INFO      [main.py:58]  No calendars found for today.
2026-06-22 09:53:40  INFO      [main.py:52]  Checking calendars at 09:53:40
2026-06-22 09:53:40  DEBUG     [client.py:31]  GET https://192.168.1.249:5004/scl/get-all-calender
2026-06-22 09:53:40  INFO      [calendar_service.py:44]  Fetched 0 valid session(s).
2026-06-22 09:53:40  INFO      [main.py:58]  No calendars found for today.
2026-06-22 09:53:50  INFO      [main.py:52]  Checking calendars at 09:53:50
2026-06-22 09:53:50  DEBUG     [client.py:31]  GET https://192.168.1.249:5004/scl/get-all-calender
2026-06-22 09:53:50  INFO      [calendar_service.py:44]  Fetched 0 valid session(s).
2026-06-22 09:53:50  INFO      [main.py:58]  No calendars found for today.
2026-06-22 09:54:00  INFO      [main.py:52]  Checking calendars at 09:54:00
2026-06-22 09:54:00  DEBUG     [client.py:31]  GET https://192.168.1.249:5004/scl/get-all-calender
2026-06-22 09:54:00  INFO      [calendar_service.py:44]  Fetched 0 valid session(s).
2026-06-22 09:54:00  INFO      [main.py:58]  No calendars found for today.
2026-06-22 09:54:10  INFO      [main.py:52]  Checking calendars at 09:54:10
2026-06-22 09:54:10  DEBUG     [client.py:31]  GET https://192.168.1.249:5004/scl/get-all-calender
2026-06-22 09:54:10  INFO      [calendar_service.py:44]  Fetched 0 valid session(s).
2026-06-22 09:54:10  INFO      [main.py:58]  No calendars found for today.
2026-06-22 09:54:20  INFO      [main.py:52]  Checking calendars at 09:54:20
2026-06-22 09:54:20  DEBUG     [client.py:31]  GET https://192.168.1.249:5004/scl/get-all-calender
2026-06-22 09:54:20  INFO      [calendar_service.py:44]  Fetched 0 valid session(s).
2026-06-22 09:54:20  INFO      [main.py:58]  No calendars found for today.
2026-06-22 09:54:30  INFO      [main.py:52]  Checking calendars at 09:54:30
2026-06-22 09:54:30  DEBUG     [client.py:31]  GET https://192.168.1.249:5004/scl/get-all-calender
2026-06-22 09:54:30  INFO      [calendar_service.py:44]  Fetched 0 valid session(s).
2026-06-22 09:54:30  INFO      [main.py:58]  No calendars found for today.
2026-06-22 09:54:40  INFO      [main.py:52]  Checking calendars at 09:54:40
2026-06-22 09:54:40  DEBUG     [client.py:31]  GET https://192.168.1.249:5004/scl/get-all-calender
2026-06-22 09:54:40  INFO      [calendar_service.py:44]  Fetched 0 valid session(s).
2026-06-22 09:54:40  INFO      [main.py:58]  No calendars found for today.
2026-06-22 09:54:50  INFO      [main.py:52]  Checking calendars at 09:54:50
2026-06-22 09:54:50  DEBUG     [client.py:31]  GET https://192.168.1.249:5004/scl/get-all-calender
2026-06-22 09:54:50  INFO      [calendar_service.py:44]  Fetched 0 valid session(s).
2026-06-22 09:54:50  INFO      [main.py:58]  No calendars found for today.
2026-06-22 09:55:00  INFO      [main.py:52]  Checking calendars at 09:55:00
2026-06-22 09:55:00  DEBUG     [client.py:31]  GET https://192.168.1.249:5004/scl/get-all-calender
2026-06-22 09:55:00  INFO      [calendar_service.py:44]  Fetched 0 valid session(s).
2026-06-22 09:55:00  INFO      [main.py:58]  No calendars found for today.
2026-06-22 09:55:10  INFO      [main.py:52]  Checking calendars at 09:55:10
2026-06-22 09:55:10  DEBUG     [client.py:31]  GET https://192.168.1.249:5004/scl/get-all-calender
2026-06-22 09:55:10  INFO      [calendar_service.py:44]  Fetched 0 valid session(s).
2026-06-22 09:55:10  INFO      [main.py:58]  No calendars found for today.
2026-06-22 09:55:20  INFO      [main.py:52]  Checking calendars at 09:55:20
2026-06-22 09:55:20  DEBUG     [client.py:31]  GET https://192.168.1.249:5004/scl/get-all-calender
2026-06-22 09:55:20  INFO      [calendar_service.py:44]  Fetched 0 valid session(s).
2026-06-22 09:55:20  INFO      [main.py:58]  No calendars found for today.
2026-06-22 09:55:30  INFO      [main.py:52]  Checking calendars at 09:55:30
2026-06-22 09:55:30  DEBUG     [client.py:31]  GET https://192.168.1.249:5004/scl/get-all-calender
2026-06-22 09:55:30  INFO      [calendar_service.py:44]  Fetched 0 valid session(s).
2026-06-22 09:55:30  INFO      [main.py:58]  No calendars found for today.
2026-06-22 09:55:40  INFO      [main.py:52]  Checking calendars at 09:55:40
2026-06-22 09:55:40  DEBUG     [client.py:31]  GET https://192.168.1.249:5004/scl/get-all-calender
2026-06-22 09:55:40  INFO      [calendar_service.py:44]  Fetched 0 valid session(s).
2026-06-22 09:55:40  INFO      [main.py:58]  No calendars found for today.
2026-06-22 09:55:50  INFO      [main.py:52]  Checking calendars at 09:55:50
2026-06-22 09:55:50  DEBUG     [client.py:31]  GET https://192.168.1.249:5004/scl/get-all-calender
2026-06-22 09:55:50  INFO      [calendar_service.py:44]  Fetched 0 valid session(s).
2026-06-22 09:55:50  INFO      [main.py:58]  No calendars found for today.
2026-06-22 09:56:00  INFO      [main.py:52]  Checking calendars at 09:56:00
2026-06-22 09:56:00  DEBUG     [client.py:31]  GET https://192.168.1.249:5004/scl/get-all-calender
2026-06-22 09:56:00  INFO      [calendar_service.py:44]  Fetched 0 valid session(s).
2026-06-22 09:56:00  INFO      [main.py:58]  No calendars found for today.
2026-06-22 09:56:10  INFO      [main.py:52]  Checking calendars at 09:56:10
2026-06-22 09:56:10  DEBUG     [client.py:31]  GET https://192.168.1.249:5004/scl/get-all-calender
2026-06-22 09:56:11  INFO      [calendar_service.py:44]  Fetched 0 valid session(s).
2026-06-22 09:56:11  INFO      [main.py:58]  No calendars found for today.
2026-06-22 09:56:21  INFO      [main.py:52]  Checking calendars at 09:56:21
2026-06-22 09:56:21  DEBUG     [client.py:31]  GET https://192.168.1.249:5004/scl/get-all-calender
2026-06-22 09:56:21  INFO      [calendar_service.py:44]  Fetched 0 valid session(s).
2026-06-22 09:56:21  INFO      [main.py:58]  No calendars found for today.
2026-06-22 09:56:31  INFO      [main.py:52]  Checking calendars at 09:56:31
2026-06-22 09:56:31  DEBUG     [client.py:31]  GET https://192.168.1.249:5004/scl/get-all-calender
2026-06-22 09:56:31  INFO      [calendar_service.py:44]  Fetched 0 valid session(s).
2026-06-22 09:56:31  INFO      [main.py:58]  No calendars found for today.
2026-06-22 09:56:41  INFO      [main.py:52]  Checking calendars at 09:56:41
2026-06-22 09:56:41  DEBUG     [client.py:31]  GET https://192.168.1.249:5004/scl/get-all-calender
2026-06-22 09:56:41  INFO      [calendar_service.py:44]  Fetched 0 valid session(s).
2026-06-22 09:56:41  INFO      [main.py:58]  No calendars found for today.
2026-06-22 09:56:51  INFO      [main.py:52]  Checking calendars at 09:56:51
2026-06-22 09:56:51  DEBUG     [client.py:31]  GET https://192.168.1.249:5004/scl/get-all-calender
2026-06-22 09:56:51  INFO      [calendar_service.py:44]  Fetched 0 valid session(s).
2026-06-22 09:56:51  INFO      [main.py:58]  No calendars found for today.
2026-06-22 09:57:01  INFO      [main.py:52]  Checking calendars at 09:57:01
2026-06-22 09:57:01  DEBUG     [client.py:31]  GET https://192.168.1.249:5004/scl/get-all-calender
2026-06-22 09:57:01  INFO      [calendar_service.py:44]  Fetched 0 valid session(s).
2026-06-22 09:57:01  INFO      [main.py:58]  No calendars found for today.
2026-06-22 09:57:11  INFO      [main.py:52]  Checking calendars at 09:57:11
2026-06-22 09:57:11  DEBUG     [client.py:31]  GET https://192.168.1.249:5004/scl/get-all-calender
2026-06-22 09:57:11  INFO      [calendar_service.py:44]  Fetched 0 valid session(s).
2026-06-22 09:57:11  INFO      [main.py:58]  No calendars found for today.
2026-06-22 09:57:21  INFO      [main.py:52]  Checking calendars at 09:57:21
2026-06-22 09:57:21  DEBUG     [client.py:31]  GET https://192.168.1.249:5004/scl/get-all-calender
2026-06-22 09:57:21  INFO      [calendar_service.py:44]  Fetched 0 valid session(s).
2026-06-22 09:57:21  INFO      [main.py:58]  No calendars found for today.
2026-06-22 09:57:31  INFO      [main.py:52]  Checking calendars at 09:57:31
2026-06-22 09:57:31  DEBUG     [client.py:31]  GET https://192.168.1.249:5004/scl/get-all-calender
2026-06-22 09:57:31  INFO      [calendar_service.py:44]  Fetched 0 valid session(s).
2026-06-22 09:57:31  INFO      [main.py:58]  No calendars found for today.
2026-06-22 09:57:41  INFO      [main.py:52]  Checking calendars at 09:57:41
2026-06-22 09:57:41  DEBUG     [client.py:31]  GET https://192.168.1.249:5004/scl/get-all-calender
2026-06-22 09:57:41  INFO      [calendar_service.py:44]  Fetched 0 valid session(s).
2026-06-22 09:57:41  INFO      [main.py:58]  No calendars found for today.
2026-06-22 09:57:51  INFO      [main.py:52]  Checking calendars at 09:57:51
2026-06-22 09:57:51  DEBUG     [client.py:31]  GET https://192.168.1.249:5004/scl/get-all-calender
2026-06-22 09:57:51  INFO      [calendar_service.py:44]  Fetched 0 valid session(s).
2026-06-22 09:57:51  INFO      [main.py:58]  No calendars found for today.
2026-06-22 09:58:01  INFO      [main.py:52]  Checking calendars at 09:58:01
2026-06-22 09:58:01  DEBUG     [client.py:31]  GET https://192.168.1.249:5004/scl/get-all-calender
2026-06-22 09:58:01  INFO      [calendar_service.py:44]  Fetched 0 valid session(s).
2026-06-22 09:58:01  INFO      [main.py:58]  No calendars found for today.
2026-06-22 09:58:11  INFO      [main.py:52]  Checking calendars at 09:58:11
2026-06-22 09:58:11  DEBUG     [client.py:31]  GET https://192.168.1.249:5004/scl/get-all-calender
2026-06-22 09:58:11  INFO      [calendar_service.py:44]  Fetched 0 valid session(s).
2026-06-22 09:58:11  INFO      [main.py:58]  No calendars found for today.
2026-06-22 09:58:21  INFO      [main.py:52]  Checking calendars at 09:58:21
2026-06-22 09:58:21  DEBUG     [client.py:31]  GET https://192.168.1.249:5004/scl/get-all-calender
2026-06-22 09:58:21  INFO      [calendar_service.py:44]  Fetched 0 valid session(s).
2026-06-22 09:58:21  INFO      [main.py:58]  No calendars found for today.
2026-06-22 09:58:31  INFO      [main.py:52]  Checking calendars at 09:58:31
2026-06-22 09:58:31  DEBUG     [client.py:31]  GET https://192.168.1.249:5004/scl/get-all-calender
2026-06-22 09:58:31  INFO      [calendar_service.py:44]  Fetched 2 valid session(s).
2026-06-22 09:58:31  INFO      [main.py:87]  Processing calendar 2108 in room 7...
2026-06-22 09:58:31  DEBUG     [client.py:31]  GET https://192.168.1.249:5004/scl/get-all-camera-room/7
2026-06-22 09:58:31  INFO      [camera_service.py:11]  Fond 1 camera(s) in room7.
2026-06-22 09:58:31  DEBUG     [client.py:31]  GET https://192.168.1.249:5004/scl/get-attendance/2108
2026-06-22 09:58:31  INFO      [student_service.py:11]  Found 2 student(s) for calendar 2108
2026-06-22 09:58:31  INFO      [main.py:100]  Enrolling students for calendar 2108...
2026-06-22 09:58:31  INFO      [recognition.py:42]  Found 0 subject(s) already enrolled in CompreFace.
2026-06-22 09:58:31  INFO      [recognition.py:87]  Enrolled image face_20260107_095726_913.jpg for student 3.
2026-06-22 09:58:31  INFO      [recognition.py:87]  Enrolled image face_20260107_095605_990.jpg for student 3.
2026-06-22 09:58:32  INFO      [recognition.py:87]  Enrolled image face_20260107_095724_366.jpg for student 3.
2026-06-22 09:58:32  INFO      [recognition.py:87]  Enrolled image face_20260107_100121_984.jpg for student 3.
2026-06-22 09:58:32  INFO      [recognition.py:87]  Enrolled image face_20250722_113315.jpg for student 3.
2026-06-22 09:58:32  INFO      [recognition.py:87]  Enrolled image face_20250715_133750.jpg for student 3.
2026-06-22 09:58:32  INFO      [recognition.py:87]  Enrolled image face_20260107_095703_836.jpg for student 3.
2026-06-22 09:58:32  WARNING   [recognition.py:53]  Student 683 has no reference photo (userRefRlc is null) — skipping.
2026-06-22 09:58:32  INFO      [recognition.py:95]  Enrollment complete — 1/2 student(s) enrolled.
2026-06-22 09:58:32  INFO      [detector.py:15]  Starting detection for calendar 2108 in room 7...
2026-06-22 09:58:32  INFO      [detector.py:72]  Starting webcam process — device: /dev/video0
2026-06-22 09:58:32  INFO      [detector.py:89]  Started 1 detection process(es) for calendar 2108.
2026-06-22 09:58:32  INFO      [main.py:124]  Calendar 2108 started — 1 camera(s) running.
2026-06-22 09:58:32  INFO      [main.py:84]  Calendar 2108 already started — skipping.
2026-06-22 09:58:32  INFO      [main.py:176]  Calendar 2108 still running (11m 28s remaining).
2026-06-22 09:58:32  INFO      [main.py:188]  Active calendars: [2108]
2026-06-22 09:58:34  INFO      [camera.py:124]  CUDA is available — using GPU.
2026-06-22 09:58:34  INFO      [camera.py:133]  YOLO model loaded successfully.
2026-06-22 09:58:34  INFO      [session.py:29]  Created dataset folders for calendar 2108.
2026-06-22 09:58:34  INFO      [camera.py:180]  Connecting to webcam: /dev/video0
2026-06-22 09:58:34  INFO      [camera.py:205]  Connected to webcam — running face detection...
2026-06-22 09:58:37  INFO      [camera.py:45]  Initializing InsightFace quality checker...
2026-06-22 09:58:42  INFO      [main.py:52]  Checking calendars at 09:58:42
2026-06-22 09:58:42  DEBUG     [client.py:31]  GET https://192.168.1.249:5004/scl/get-all-calender
2026-06-22 09:58:42  INFO      [calendar_service.py:44]  Fetched 2 valid session(s).
2026-06-22 09:58:42  INFO      [main.py:84]  Calendar 2108 already started — skipping.
2026-06-22 09:58:42  INFO      [main.py:84]  Calendar 2108 already started — skipping.
2026-06-22 09:58:42  INFO      [main.py:176]  Calendar 2108 still running (11m 17s remaining).
2026-06-22 09:58:42  INFO      [main.py:188]  Active calendars: [2108]
2026-06-22 09:58:42  INFO      [camera.py:49]  InsightFace ready on GPU.
2026-06-22 09:58:48  DEBUG     [camera.py:105]  Rejected — bad angle (yaw: 0.8, pitch: 40.8)
2026-06-22 09:58:48  INFO      [camera.py:250]  Face detected — YOLO conf: 0.709 — quality score: 0.622 — good: False
2026-06-22 09:58:48  DEBUG     [camera.py:264]  Skipped low quality face (score: 0.622)
2026-06-22 09:58:50  DEBUG     [camera.py:94]  Rejected — InsightFace found no face.
2026-06-22 09:58:50  INFO      [camera.py:250]  Face detected — YOLO conf: 0.777 — quality score: 0.0 — good: False
2026-06-22 09:58:50  DEBUG     [camera.py:264]  Skipped low quality face (score: 0.0)
2026-06-22 09:58:50  DEBUG     [camera.py:94]  Rejected — InsightFace found no face.
2026-06-22 09:58:50  INFO      [camera.py:250]  Face detected — YOLO conf: 0.837 — quality score: 0.0 — good: False
2026-06-22 09:58:50  DEBUG     [camera.py:264]  Skipped low quality face (score: 0.0)
2026-06-22 09:58:50  DEBUG     [camera.py:94]  Rejected — InsightFace found no face.
2026-06-22 09:58:50  INFO      [camera.py:250]  Face detected — YOLO conf: 0.844 — quality score: 0.0 — good: False
2026-06-22 09:58:50  DEBUG     [camera.py:264]  Skipped low quality face (score: 0.0)
2026-06-22 09:58:50  DEBUG     [camera.py:94]  Rejected — InsightFace found no face.
2026-06-22 09:58:50  INFO      [camera.py:250]  Face detected — YOLO conf: 0.850 — quality score: 0.0 — good: False
2026-06-22 09:58:50  DEBUG     [camera.py:264]  Skipped low quality face (score: 0.0)
2026-06-22 09:58:50  DEBUG     [camera.py:94]  Rejected — InsightFace found no face.
2026-06-22 09:58:50  INFO      [camera.py:250]  Face detected — YOLO conf: 0.848 — quality score: 0.0 — good: False
2026-06-22 09:58:50  DEBUG     [camera.py:264]  Skipped low quality face (score: 0.0)
2026-06-22 09:58:50  DEBUG     [camera.py:94]  Rejected — InsightFace found no face.
2026-06-22 09:58:50  INFO      [camera.py:250]  Face detected — YOLO conf: 0.849 — quality score: 0.0 — good: False
2026-06-22 09:58:50  DEBUG     [camera.py:264]  Skipped low quality face (score: 0.0)
2026-06-22 09:58:50  DEBUG     [camera.py:94]  Rejected — InsightFace found no face.
2026-06-22 09:58:50  INFO      [camera.py:250]  Face detected — YOLO conf: 0.833 — quality score: 0.0 — good: False
2026-06-22 09:58:50  DEBUG     [camera.py:264]  Skipped low quality face (score: 0.0)
2026-06-22 09:58:50  DEBUG     [camera.py:94]  Rejected — InsightFace found no face.
2026-06-22 09:58:50  INFO      [camera.py:250]  Face detected — YOLO conf: 0.833 — quality score: 0.0 — good: False
2026-06-22 09:58:50  DEBUG     [camera.py:264]  Skipped low quality face (score: 0.0)
2026-06-22 09:58:50  DEBUG     [camera.py:94]  Rejected — InsightFace found no face.
2026-06-22 09:58:50  INFO      [camera.py:250]  Face detected — YOLO conf: 0.802 — quality score: 0.0 — good: False
2026-06-22 09:58:50  DEBUG     [camera.py:264]  Skipped low quality face (score: 0.0)
2026-06-22 09:58:52  INFO      [main.py:52]  Checking calendars at 09:58:52
2026-06-22 09:58:52  DEBUG     [client.py:31]  GET https://192.168.1.249:5004/scl/get-all-calender
2026-06-22 09:58:52  INFO      [calendar_service.py:44]  Fetched 2 valid session(s).
2026-06-22 09:58:52  INFO      [main.py:84]  Calendar 2108 already started — skipping.
2026-06-22 09:58:52  INFO      [main.py:84]  Calendar 2108 already started — skipping.
2026-06-22 09:58:52  INFO      [main.py:176]  Calendar 2108 still running (11m 7s remaining).
2026-06-22 09:58:52  INFO      [main.py:188]  Active calendars: [2108]
2026-06-22 09:58:54  DEBUG     [camera.py:109]  Quality — score: 0.737 blur: 290.1 brightness: 52.5
2026-06-22 09:58:54  INFO      [camera.py:250]  Face detected — YOLO conf: 0.823 — quality score: 0.737 — good: True
2026-06-22 09:58:54  INFO      [camera.py:262]  Saved face (quality: 0.737): face_20260622_095854_028.jpg
2026-06-22 09:58:54  DEBUG     [camera.py:109]  Quality — score: 0.649 blur: 107.7 brightness: 56.7
2026-06-22 09:58:54  INFO      [camera.py:250]  Face detected — YOLO conf: 0.760 — quality score: 0.649 — good: True
2026-06-22 09:58:54  INFO      [camera.py:262]  Saved face (quality: 0.649): face_20260622_095854_125.jpg
2026-06-22 09:58:54  DEBUG     [camera.py:109]  Quality — score: 0.675 blur: 231.7 brightness: 56.9
2026-06-22 09:58:54  INFO      [camera.py:250]  Face detected — YOLO conf: 0.727 — quality score: 0.675 — good: True
2026-06-22 09:58:54  INFO      [camera.py:262]  Saved face (quality: 0.675): face_20260622_095854_210.jpg
2026-06-22 09:58:54  DEBUG     [camera.py:109]  Quality — score: 0.695 blur: 203.3 brightness: 59.5
2026-06-22 09:58:54  INFO      [camera.py:250]  Face detected — YOLO conf: 0.730 — quality score: 0.695 — good: True
2026-06-22 09:58:54  INFO      [camera.py:262]  Saved face (quality: 0.695): face_20260622_095854_309.jpg
2026-06-22 09:58:54  DEBUG     [camera.py:109]  Quality — score: 0.675 blur: 236.7 brightness: 57.3
2026-06-22 09:58:54  INFO      [camera.py:250]  Face detected — YOLO conf: 0.759 — quality score: 0.675 — good: True
2026-06-22 09:58:54  INFO      [camera.py:262]  Saved face (quality: 0.675): face_20260622_095854_407.jpg
2026-06-22 09:58:54  DEBUG     [camera.py:105]  Rejected — bad angle (yaw: 39.0, pitch: 28.6)
2026-06-22 09:58:54  INFO      [camera.py:250]  Face detected — YOLO conf: 0.765 — quality score: 0.705 — good: False
2026-06-22 09:58:54  DEBUG     [camera.py:264]  Skipped low quality face (score: 0.705)
2026-06-22 09:58:54  DEBUG     [camera.py:105]  Rejected — bad angle (yaw: 37.3, pitch: 26.8)
2026-06-22 09:58:54  INFO      [camera.py:250]  Face detected — YOLO conf: 0.758 — quality score: 0.66 — good: False
2026-06-22 09:58:54  DEBUG     [camera.py:264]  Skipped low quality face (score: 0.66)
2026-06-22 09:58:54  DEBUG     [camera.py:105]  Rejected — bad angle (yaw: 36.1, pitch: 29.5)
2026-06-22 09:58:54  INFO      [camera.py:250]  Face detected — YOLO conf: 0.765 — quality score: 0.703 — good: False
2026-06-22 09:58:54  DEBUG     [camera.py:264]  Skipped low quality face (score: 0.703)
2026-06-22 09:58:54  DEBUG     [camera.py:109]  Quality — score: 0.724 blur: 350.2 brightness: 65.2
2026-06-22 09:58:54  INFO      [camera.py:250]  Face detected — YOLO conf: 0.756 — quality score: 0.724 — good: True
2026-06-22 09:58:54  INFO      [camera.py:262]  Saved face (quality: 0.724): face_20260622_095854_810.jpg
2026-06-22 09:58:54  DEBUG     [camera.py:105]  Rejected — bad angle (yaw: 36.5, pitch: 27.0)
2026-06-22 09:58:54  INFO      [camera.py:250]  Face detected — YOLO conf: 0.773 — quality score: 0.721 — good: False
2026-06-22 09:58:54  DEBUG     [camera.py:264]  Skipped low quality face (score: 0.721)
2026-06-22 09:58:55  DEBUG     [camera.py:105]  Rejected — bad angle (yaw: 35.9, pitch: 25.8)
2026-06-22 09:58:55  INFO      [camera.py:250]  Face detected — YOLO conf: 0.802 — quality score: 0.681 — good: False
2026-06-22 09:58:55  DEBUG     [camera.py:264]  Skipped low quality face (score: 0.681)
2026-06-22 09:58:55  DEBUG     [camera.py:105]  Rejected — bad angle (yaw: 35.2, pitch: 27.6)
2026-06-22 09:58:55  INFO      [camera.py:250]  Face detected — YOLO conf: 0.822 — quality score: 0.694 — good: False
2026-06-22 09:58:55  DEBUG     [camera.py:264]  Skipped low quality face (score: 0.694)
2026-06-22 09:58:55  DEBUG     [camera.py:109]  Quality — score: 0.695 blur: 175.5 brightness: 62.7
2026-06-22 09:58:55  INFO      [camera.py:250]  Face detected — YOLO conf: 0.789 — quality score: 0.695 — good: True
2026-06-22 09:58:55  INFO      [camera.py:262]  Saved face (quality: 0.695): face_20260622_095855_209.jpg
2026-06-22 09:58:55  DEBUG     [camera.py:105]  Rejected — bad angle (yaw: 36.5, pitch: 29.1)
2026-06-22 09:58:55  INFO      [camera.py:250]  Face detected — YOLO conf: 0.800 — quality score: 0.692 — good: False
2026-06-22 09:58:55  DEBUG     [camera.py:264]  Skipped low quality face (score: 0.692)
2026-06-22 09:58:55  DEBUG     [camera.py:109]  Quality — score: 0.698 blur: 141.6 brightness: 59.0
2026-06-22 09:58:55  INFO      [camera.py:250]  Face detected — YOLO conf: 0.771 — quality score: 0.698 — good: True
2026-06-22 09:58:55  INFO      [camera.py:262]  Saved face (quality: 0.698): face_20260622_095855_509.jpg
2026-06-22 09:58:55  DEBUG     [camera.py:105]  Rejected — bad angle (yaw: 37.4, pitch: 25.7)
2026-06-22 09:58:55  INFO      [camera.py:250]  Face detected — YOLO conf: 0.716 — quality score: 0.512 — good: False
2026-06-22 09:58:55  DEBUG     [camera.py:264]  Skipped low quality face (score: 0.512)
2026-06-22 09:58:55  DEBUG     [camera.py:109]  Quality — score: 0.685 blur: 210.9 brightness: 55.0
2026-06-22 09:58:55  INFO      [camera.py:250]  Face detected — YOLO conf: 0.773 — quality score: 0.685 — good: True
2026-06-22 09:58:55  INFO      [camera.py:262]  Saved face (quality: 0.685): face_20260622_095855_808.jpg
2026-06-22 09:58:55  DEBUG     [camera.py:109]  Quality — score: 0.740 blur: 182.8 brightness: 56.6
2026-06-22 09:58:55  INFO      [camera.py:250]  Face detected — YOLO conf: 0.834 — quality score: 0.74 — good: True
2026-06-22 09:58:55  INFO      [camera.py:262]  Saved face (quality: 0.74): face_20260622_095855_907.jpg
2026-06-22 09:58:56  DEBUG     [camera.py:109]  Quality — score: 0.812 blur: 241.4 brightness: 56.0
2026-06-22 09:58:56  INFO      [camera.py:250]  Face detected — YOLO conf: 0.883 — quality score: 0.812 — good: True
2026-06-22 09:58:56  INFO      [camera.py:262]  Saved face (quality: 0.812): face_20260622_095856_006.jpg
2026-06-22 09:58:56  DEBUG     [camera.py:109]  Quality — score: 0.746 blur: 161.1 brightness: 62.7
2026-06-22 09:58:56  INFO      [camera.py:250]  Face detected — YOLO conf: 0.918 — quality score: 0.746 — good: True
2026-06-22 09:58:56  INFO      [camera.py:262]  Saved face (quality: 0.746): face_20260622_095856_106.jpg
2026-06-22 09:58:56  DEBUG     [camera.py:105]  Rejected — bad angle (yaw: 37.0, pitch: 17.7)
2026-06-22 09:58:56  INFO      [camera.py:250]  Face detected — YOLO conf: 0.911 — quality score: 0.701 — good: False
2026-06-22 09:58:56  DEBUG     [camera.py:264]  Skipped low quality face (score: 0.701)
2026-06-22 09:58:56  DEBUG     [camera.py:105]  Rejected — bad angle (yaw: 45.7, pitch: 22.7)
2026-06-22 09:58:56  INFO      [camera.py:250]  Face detected — YOLO conf: 0.872 — quality score: 0.718 — good: False
2026-06-22 09:58:56  DEBUG     [camera.py:264]  Skipped low quality face (score: 0.718)
2026-06-22 09:58:56  DEBUG     [camera.py:105]  Rejected — bad angle (yaw: 43.2, pitch: 21.6)
2026-06-22 09:58:56  INFO      [camera.py:250]  Face detected — YOLO conf: 0.860 — quality score: 0.683 — good: False
2026-06-22 09:58:56  DEBUG     [camera.py:264]  Skipped low quality face (score: 0.683)
2026-06-22 09:58:56  DEBUG     [camera.py:109]  Quality — score: 0.627 blur: 101.8 brightness: 65.0
2026-06-22 09:58:56  INFO      [camera.py:250]  Face detected — YOLO conf: 0.899 — quality score: 0.627 — good: True
2026-06-22 09:58:56  INFO      [camera.py:262]  Saved face (quality: 0.627): face_20260622_095856_507.jpg
2026-06-22 09:58:56  DEBUG     [camera.py:109]  Quality — score: 0.780 blur: 72.4 brightness: 65.5
2026-06-22 09:58:56  INFO      [camera.py:250]  Face detected — YOLO conf: 0.901 — quality score: 0.78 — good: True
2026-06-22 09:58:56  INFO      [camera.py:262]  Saved face (quality: 0.78): face_20260622_095856_612.jpg
2026-06-22 09:58:56  DEBUG     [camera.py:109]  Quality — score: 0.767 blur: 98.4 brightness: 65.5
2026-06-22 09:58:56  INFO      [camera.py:250]  Face detected — YOLO conf: 0.931 — quality score: 0.767 — good: True
2026-06-22 09:58:56  INFO      [camera.py:262]  Saved face (quality: 0.767): face_20260622_095856_710.jpg
2026-06-22 09:58:56  DEBUG     [camera.py:109]  Quality — score: 0.833 blur: 216.4 brightness: 64.3
2026-06-22 09:58:56  INFO      [camera.py:250]  Face detected — YOLO conf: 0.928 — quality score: 0.833 — good: True
2026-06-22 09:58:56  INFO      [camera.py:262]  Saved face (quality: 0.833): face_20260622_095856_811.jpg
2026-06-22 09:58:56  DEBUG     [camera.py:109]  Quality — score: 0.770 blur: 86.9 brightness: 67.3
2026-06-22 09:58:56  INFO      [camera.py:250]  Face detected — YOLO conf: 0.938 — quality score: 0.77 — good: True
2026-06-22 09:58:56  INFO      [camera.py:262]  Saved face (quality: 0.77): face_20260622_095856_906.jpg
2026-06-22 09:58:57  DEBUG     [camera.py:109]  Quality — score: 0.838 blur: 276.8 brightness: 66.0
2026-06-22 09:58:57  INFO      [camera.py:250]  Face detected — YOLO conf: 0.916 — quality score: 0.838 — good: True
2026-06-22 09:58:57  INFO      [camera.py:262]  Saved face (quality: 0.838): face_20260622_095857_011.jpg
2026-06-22 09:58:57  DEBUG     [camera.py:109]  Quality — score: 0.842 blur: 396.8 brightness: 66.6
2026-06-22 09:58:57  INFO      [camera.py:250]  Face detected — YOLO conf: 0.880 — quality score: 0.842 — good: True
2026-06-22 09:58:57  INFO      [camera.py:262]  Saved face (quality: 0.842): face_20260622_095857_105.jpg
2026-06-22 09:58:57  DEBUG     [camera.py:109]  Quality — score: 0.830 blur: 257.1 brightness: 66.4
2026-06-22 09:58:57  INFO      [camera.py:250]  Face detected — YOLO conf: 0.912 — quality score: 0.83 — good: True
2026-06-22 09:58:57  INFO      [camera.py:262]  Saved face (quality: 0.83): face_20260622_095857_209.jpg
2026-06-22 09:58:57  DEBUG     [camera.py:109]  Quality — score: 0.831 blur: 331.0 brightness: 65.4
2026-06-22 09:58:57  INFO      [camera.py:250]  Face detected — YOLO conf: 0.919 — quality score: 0.831 — good: True
2026-06-22 09:58:57  INFO      [camera.py:262]  Saved face (quality: 0.831): face_20260622_095857_311.jpg
2026-06-22 09:58:57  DEBUG     [camera.py:109]  Quality — score: 0.829 blur: 330.2 brightness: 71.5
2026-06-22 09:58:57  INFO      [camera.py:250]  Face detected — YOLO conf: 0.879 — quality score: 0.829 — good: True
2026-06-22 09:58:57  INFO      [camera.py:262]  Saved face (quality: 0.829): face_20260622_095857_406.jpg
2026-06-22 09:58:57  DEBUG     [camera.py:109]  Quality — score: 0.820 blur: 562.0 brightness: 66.9
2026-06-22 09:58:57  INFO      [camera.py:250]  Face detected — YOLO conf: 0.920 — quality score: 0.82 — good: True
2026-06-22 09:58:57  INFO      [camera.py:262]  Saved face (quality: 0.82): face_20260622_095857_510.jpg
2026-06-22 09:58:57  DEBUG     [camera.py:109]  Quality — score: 0.797 blur: 577.8 brightness: 68.1
2026-06-22 09:58:57  INFO      [camera.py:250]  Face detected — YOLO conf: 0.933 — quality score: 0.797 — good: True
2026-06-22 09:58:57  INFO      [camera.py:262]  Saved face (quality: 0.797): face_20260622_095857_610.jpg
2026-06-22 09:58:57  DEBUG     [camera.py:109]  Quality — score: 0.804 blur: 474.6 brightness: 68.6
2026-06-22 09:58:57  INFO      [camera.py:250]  Face detected — YOLO conf: 0.933 — quality score: 0.804 — good: True
2026-06-22 09:58:57  INFO      [camera.py:262]  Saved face (quality: 0.804): face_20260622_095857_703.jpg
2026-06-22 09:58:57  DEBUG     [camera.py:109]  Quality — score: 0.819 blur: 495.7 brightness: 68.5
2026-06-22 09:58:57  INFO      [camera.py:250]  Face detected — YOLO conf: 0.934 — quality score: 0.819 — good: True
2026-06-22 09:58:57  INFO      [camera.py:262]  Saved face (quality: 0.819): face_20260622_095857_807.jpg
2026-06-22 09:58:57  DEBUG     [camera.py:109]  Quality — score: 0.820 blur: 543.9 brightness: 69.1
2026-06-22 09:58:57  INFO      [camera.py:250]  Face detected — YOLO conf: 0.920 — quality score: 0.82 — good: True
2026-06-22 09:58:57  INFO      [camera.py:262]  Saved face (quality: 0.82): face_20260622_095857_906.jpg
2026-06-22 09:58:58  DEBUG     [camera.py:109]  Quality — score: 0.851 blur: 557.5 brightness: 70.2
2026-06-22 09:58:58  INFO      [camera.py:250]  Face detected — YOLO conf: 0.900 — quality score: 0.851 — good: True
2026-06-22 09:58:58  INFO      [camera.py:262]  Saved face (quality: 0.851): face_20260622_095858_006.jpg
2026-06-22 09:58:58  DEBUG     [camera.py:109]  Quality — score: 0.834 blur: 419.6 brightness: 71.2
2026-06-22 09:58:58  INFO      [camera.py:250]  Face detected — YOLO conf: 0.904 — quality score: 0.834 — good: True
2026-06-22 09:58:58  INFO      [camera.py:262]  Saved face (quality: 0.834): face_20260622_095858_106.jpg
2026-06-22 09:58:58  DEBUG     [camera.py:109]  Quality — score: 0.822 blur: 397.3 brightness: 69.2
2026-06-22 09:58:58  INFO      [camera.py:250]  Face detected — YOLO conf: 0.923 — quality score: 0.822 — good: True
2026-06-22 09:58:58  INFO      [camera.py:262]  Saved face (quality: 0.822): face_20260622_095858_206.jpg
2026-06-22 09:58:58  DEBUG     [camera.py:109]  Quality — score: 0.806 blur: 634.6 brightness: 68.1
2026-06-22 09:58:58  INFO      [camera.py:250]  Face detected — YOLO conf: 0.907 — quality score: 0.806 — good: True
2026-06-22 09:58:58  INFO      [camera.py:262]  Saved face (quality: 0.806): face_20260622_095858_307.jpg
2026-06-22 09:58:58  DEBUG     [camera.py:109]  Quality — score: 0.784 blur: 618.3 brightness: 67.4
2026-06-22 09:58:58  INFO      [camera.py:250]  Face detected — YOLO conf: 0.914 — quality score: 0.784 — good: True
2026-06-22 09:58:58  INFO      [camera.py:262]  Saved face (quality: 0.784): face_20260622_095858_407.jpg
2026-06-22 09:58:58  DEBUG     [camera.py:109]  Quality — score: 0.797 blur: 644.4 brightness: 66.4
2026-06-22 09:58:58  INFO      [camera.py:250]  Face detected — YOLO conf: 0.913 — quality score: 0.797 — good: True
2026-06-22 09:58:58  INFO      [camera.py:262]  Saved face (quality: 0.797): face_20260622_095858_507.jpg
2026-06-22 09:58:58  DEBUG     [camera.py:109]  Quality — score: 0.780 blur: 666.5 brightness: 66.5
2026-06-22 09:58:58  INFO      [camera.py:250]  Face detected — YOLO conf: 0.903 — quality score: 0.78 — good: True
2026-06-22 09:58:58  INFO      [camera.py:262]  Saved face (quality: 0.78): face_20260622_095858_606.jpg
2026-06-22 09:58:58  DEBUG     [camera.py:109]  Quality — score: 0.797 blur: 616.1 brightness: 67.7
2026-06-22 09:58:58  INFO      [camera.py:250]  Face detected — YOLO conf: 0.907 — quality score: 0.797 — good: True
2026-06-22 09:58:58  INFO      [camera.py:262]  Saved face (quality: 0.797): face_20260622_095858_705.jpg
2026-06-22 09:58:58  DEBUG     [camera.py:109]  Quality — score: 0.785 blur: 634.0 brightness: 68.4
2026-06-22 09:58:58  INFO      [camera.py:250]  Face detected — YOLO conf: 0.885 — quality score: 0.785 — good: True
2026-06-22 09:58:58  INFO      [camera.py:262]  Saved face (quality: 0.785): face_20260622_095858_806.jpg
2026-06-22 09:58:58  DEBUG     [camera.py:109]  Quality — score: 0.801 blur: 506.4 brightness: 67.2
2026-06-22 09:58:58  INFO      [camera.py:250]  Face detected — YOLO conf: 0.917 — quality score: 0.801 — good: True
2026-06-22 09:58:58  INFO      [camera.py:262]  Saved face (quality: 0.801): face_20260622_095858_906.jpg
2026-06-22 09:58:59  DEBUG     [camera.py:109]  Quality — score: 0.802 blur: 557.4 brightness: 67.9
2026-06-22 09:58:59  INFO      [camera.py:250]  Face detected — YOLO conf: 0.900 — quality score: 0.802 — good: True
2026-06-22 09:58:59  INFO      [camera.py:262]  Saved face (quality: 0.802): face_20260622_095859_006.jpg
2026-06-22 09:58:59  DEBUG     [camera.py:109]  Quality — score: 0.818 blur: 547.7 brightness: 68.2
2026-06-22 09:58:59  INFO      [camera.py:250]  Face detected — YOLO conf: 0.897 — quality score: 0.818 — good: True
2026-06-22 09:58:59  INFO      [camera.py:262]  Saved face (quality: 0.818): face_20260622_095859_105.jpg
2026-06-22 09:58:59  DEBUG     [camera.py:109]  Quality — score: 0.841 blur: 675.2 brightness: 65.0
2026-06-22 09:58:59  INFO      [camera.py:250]  Face detected — YOLO conf: 0.859 — quality score: 0.841 — good: True
2026-06-22 09:58:59  INFO      [camera.py:262]  Saved face (quality: 0.841): face_20260622_095859_207.jpg
2026-06-22 09:58:59  DEBUG     [camera.py:109]  Quality — score: 0.809 blur: 547.3 brightness: 68.2
2026-06-22 09:58:59  INFO      [camera.py:250]  Face detected — YOLO conf: 0.854 — quality score: 0.809 — good: True
2026-06-22 09:58:59  INFO      [camera.py:262]  Saved face (quality: 0.809): face_20260622_095859_306.jpg
2026-06-22 09:58:59  DEBUG     [camera.py:109]  Quality — score: 0.840 blur: 573.5 brightness: 67.0
2026-06-22 09:58:59  INFO      [camera.py:250]  Face detected — YOLO conf: 0.885 — quality score: 0.84 — good: True
2026-06-22 09:58:59  INFO      [camera.py:262]  Saved face (quality: 0.84): face_20260622_095859_404.jpg
2026-06-22 09:58:59  DEBUG     [camera.py:109]  Quality — score: 0.844 blur: 628.5 brightness: 68.7
2026-06-22 09:58:59  INFO      [camera.py:250]  Face detected — YOLO conf: 0.880 — quality score: 0.844 — good: True
2026-06-22 09:58:59  INFO      [camera.py:262]  Saved face (quality: 0.844): face_20260622_095859_505.jpg
2026-06-22 09:58:59  DEBUG     [camera.py:109]  Quality — score: 0.804 blur: 571.8 brightness: 67.4
2026-06-22 09:58:59  INFO      [camera.py:250]  Face detected — YOLO conf: 0.904 — quality score: 0.804 — good: True
2026-06-22 09:58:59  INFO      [camera.py:262]  Saved face (quality: 0.804): face_20260622_095859_605.jpg
2026-06-22 09:58:59  DEBUG     [camera.py:109]  Quality — score: 0.816 blur: 558.4 brightness: 66.6
2026-06-22 09:58:59  INFO      [camera.py:250]  Face detected — YOLO conf: 0.907 — quality score: 0.816 — good: True
2026-06-22 09:58:59  INFO      [camera.py:262]  Saved face (quality: 0.816): face_20260622_095859_711.jpg
2026-06-22 09:58:59  DEBUG     [camera.py:109]  Quality — score: 0.853 blur: 408.0 brightness: 70.1
2026-06-22 09:58:59  INFO      [camera.py:250]  Face detected — YOLO conf: 0.866 — quality score: 0.853 — good: True
2026-06-22 09:58:59  INFO      [camera.py:262]  Saved face (quality: 0.853): face_20260622_095859_805.jpg
2026-06-22 09:58:59  DEBUG     [camera.py:109]  Quality — score: 0.822 blur: 416.5 brightness: 68.8
2026-06-22 09:58:59  INFO      [camera.py:250]  Face detected — YOLO conf: 0.912 — quality score: 0.822 — good: True
2026-06-22 09:58:59  INFO      [camera.py:262]  Saved face (quality: 0.822): face_20260622_095859_906.jpg
2026-06-22 09:59:00  DEBUG     [camera.py:109]  Quality — score: 0.820 blur: 601.4 brightness: 66.1
2026-06-22 09:59:00  INFO      [camera.py:250]  Face detected — YOLO conf: 0.911 — quality score: 0.82 — good: True
2026-06-22 09:59:00  INFO      [camera.py:262]  Saved face (quality: 0.82): face_20260622_095900_005.jpg
2026-06-22 09:59:00  DEBUG     [camera.py:109]  Quality — score: 0.848 blur: 440.0 brightness: 65.8
2026-06-22 09:59:00  INFO      [camera.py:250]  Face detected — YOLO conf: 0.909 — quality score: 0.848 — good: True
2026-06-22 09:59:00  INFO      [camera.py:262]  Saved face (quality: 0.848): face_20260622_095900_106.jpg
2026-06-22 09:59:00  DEBUG     [camera.py:109]  Quality — score: 0.832 blur: 231.0 brightness: 70.8
2026-06-22 09:59:00  INFO      [camera.py:250]  Face detected — YOLO conf: 0.865 — quality score: 0.832 — good: True
2026-06-22 09:59:00  INFO      [camera.py:262]  Saved face (quality: 0.832): face_20260622_095900_206.jpg
2026-06-22 09:59:00  DEBUG     [camera.py:109]  Quality — score: 0.788 blur: 347.0 brightness: 65.0
2026-06-22 09:59:00  INFO      [camera.py:250]  Face detected — YOLO conf: 0.911 — quality score: 0.788 — good: True
2026-06-22 09:59:00  INFO      [camera.py:262]  Saved face (quality: 0.788): face_20260622_095900_307.jpg
2026-06-22 09:59:00  DEBUG     [camera.py:109]  Quality — score: 0.804 blur: 331.1 brightness: 65.8
2026-06-22 09:59:00  INFO      [camera.py:250]  Face detected — YOLO conf: 0.912 — quality score: 0.804 — good: True
2026-06-22 09:59:00  INFO      [camera.py:262]  Saved face (quality: 0.804): face_20260622_095900_405.jpg
2026-06-22 09:59:00  DEBUG     [camera.py:109]  Quality — score: 0.823 blur: 418.8 brightness: 67.4
2026-06-22 09:59:00  INFO      [camera.py:250]  Face detected — YOLO conf: 0.863 — quality score: 0.823 — good: True
2026-06-22 09:59:00  INFO      [camera.py:262]  Saved face (quality: 0.823): face_20260622_095900_500.jpg
2026-06-22 09:59:00  DEBUG     [camera.py:109]  Quality — score: 0.835 blur: 600.0 brightness: 65.1
2026-06-22 09:59:00  INFO      [camera.py:250]  Face detected — YOLO conf: 0.896 — quality score: 0.835 — good: True
2026-06-22 09:59:00  INFO      [camera.py:262]  Saved face (quality: 0.835): face_20260622_095900_610.jpg
2026-06-22 09:59:00  DEBUG     [camera.py:109]  Quality — score: 0.790 blur: 635.6 brightness: 62.2
2026-06-22 09:59:00  INFO      [camera.py:250]  Face detected — YOLO conf: 0.904 — quality score: 0.79 — good: True
2026-06-22 09:59:00  INFO      [camera.py:262]  Saved face (quality: 0.79): face_20260622_095900_705.jpg
2026-06-22 09:59:00  DEBUG     [camera.py:109]  Quality — score: 0.822 blur: 584.7 brightness: 61.6
2026-06-22 09:59:00  INFO      [camera.py:250]  Face detected — YOLO conf: 0.908 — quality score: 0.822 — good: True
2026-06-22 09:59:00  INFO      [camera.py:262]  Saved face (quality: 0.822): face_20260622_095900_806.jpg
2026-06-22 09:59:00  DEBUG     [camera.py:109]  Quality — score: 0.789 blur: 313.5 brightness: 64.0
2026-06-22 09:59:00  INFO      [camera.py:250]  Face detected — YOLO conf: 0.901 — quality score: 0.789 — good: True
2026-06-22 09:59:00  INFO      [camera.py:262]  Saved face (quality: 0.789): face_20260622_095900_906.jpg
2026-06-22 09:59:01  DEBUG     [camera.py:109]  Quality — score: 0.795 blur: 272.7 brightness: 64.2
2026-06-22 09:59:01  INFO      [camera.py:250]  Face detected — YOLO conf: 0.877 — quality score: 0.795 — good: True
2026-06-22 09:59:01  INFO      [camera.py:262]  Saved face (quality: 0.795): face_20260622_095901_005.jpg
2026-06-22 09:59:01  DEBUG     [camera.py:109]  Quality — score: 0.828 blur: 182.3 brightness: 63.1
2026-06-22 09:59:01  INFO      [camera.py:250]  Face detected — YOLO conf: 0.891 — quality score: 0.828 — good: True
2026-06-22 09:59:01  INFO      [camera.py:262]  Saved face (quality: 0.828): face_20260622_095901_105.jpg
2026-06-22 09:59:01  DEBUG     [camera.py:109]  Quality — score: 0.857 blur: 305.5 brightness: 61.6
2026-06-22 09:59:01  INFO      [camera.py:250]  Face detected — YOLO conf: 0.875 — quality score: 0.857 — good: True
2026-06-22 09:59:01  INFO      [camera.py:262]  Saved face (quality: 0.857): face_20260622_095901_205.jpg
2026-06-22 09:59:01  DEBUG     [camera.py:109]  Quality — score: 0.822 blur: 415.3 brightness: 59.1
2026-06-22 09:59:01  INFO      [camera.py:250]  Face detected — YOLO conf: 0.859 — quality score: 0.822 — good: True
2026-06-22 09:59:01  INFO      [camera.py:262]  Saved face (quality: 0.822): face_20260622_095901_299.jpg
2026-06-22 09:59:01  DEBUG     [camera.py:109]  Quality — score: 0.808 blur: 494.4 brightness: 59.1
2026-06-22 09:59:01  INFO      [camera.py:250]  Face detected — YOLO conf: 0.878 — quality score: 0.808 — good: True
2026-06-22 09:59:01  INFO      [camera.py:262]  Saved face (quality: 0.808): face_20260622_095901_402.jpg
2026-06-22 09:59:01  DEBUG     [camera.py:109]  Quality — score: 0.840 blur: 178.5 brightness: 58.7
2026-06-22 09:59:01  INFO      [camera.py:250]  Face detected — YOLO conf: 0.871 — quality score: 0.84 — good: True
2026-06-22 09:59:01  INFO      [camera.py:262]  Saved face (quality: 0.84): face_20260622_095901_497.jpg
2026-06-22 09:59:01  DEBUG     [camera.py:109]  Quality — score: 0.842 blur: 88.1 brightness: 65.1
2026-06-22 09:59:01  INFO      [camera.py:250]  Face detected — YOLO conf: 0.869 — quality score: 0.842 — good: True
2026-06-22 09:59:01  INFO      [camera.py:262]  Saved face (quality: 0.842): face_20260622_095901_609.jpg
2026-06-22 09:59:01  DEBUG     [camera.py:109]  Quality — score: 0.831 blur: 129.1 brightness: 62.3
2026-06-22 09:59:01  INFO      [camera.py:250]  Face detected — YOLO conf: 0.869 — quality score: 0.831 — good: True
2026-06-22 09:59:01  INFO      [camera.py:262]  Saved face (quality: 0.831): face_20260622_095901_705.jpg
2026-06-22 09:59:01  DEBUG     [camera.py:109]  Quality — score: 0.778 blur: 280.5 brightness: 61.7
2026-06-22 09:59:01  INFO      [camera.py:250]  Face detected — YOLO conf: 0.891 — quality score: 0.778 — good: True
2026-06-22 09:59:01  INFO      [camera.py:262]  Saved face (quality: 0.778): face_20260622_095901_805.jpg
2026-06-22 09:59:01  DEBUG     [camera.py:109]  Quality — score: 0.827 blur: 566.2 brightness: 59.7
2026-06-22 09:59:01  INFO      [camera.py:250]  Face detected — YOLO conf: 0.889 — quality score: 0.827 — good: True
2026-06-22 09:59:01  INFO      [camera.py:262]  Saved face (quality: 0.827): face_20260622_095901_906.jpg
2026-06-22 09:59:02  DEBUG     [camera.py:109]  Quality — score: 0.818 blur: 492.1 brightness: 61.1
2026-06-22 09:59:02  INFO      [camera.py:250]  Face detected — YOLO conf: 0.903 — quality score: 0.818 — good: True
2026-06-22 09:59:02  INFO      [camera.py:262]  Saved face (quality: 0.818): face_20260622_095902_005.jpg
2026-06-22 09:59:02  DEBUG     [camera.py:109]  Quality — score: 0.562 blur: 35.7 brightness: 64.5
2026-06-22 09:59:02  INFO      [camera.py:250]  Face detected — YOLO conf: 0.826 — quality score: 0.562 — good: True
2026-06-22 09:59:02  INFO      [camera.py:262]  Saved face (quality: 0.562): face_20260622_095902_107.jpg
2026-06-22 09:59:02  INFO      [main.py:52]  Checking calendars at 09:59:02
2026-06-22 09:59:02  DEBUG     [client.py:31]  GET https://192.168.1.249:5004/scl/get-all-calender
2026-06-22 09:59:02  INFO      [calendar_service.py:44]  Fetched 2 valid session(s).
2026-06-22 09:59:02  INFO      [main.py:84]  Calendar 2108 already started — skipping.
2026-06-22 09:59:02  INFO      [main.py:84]  Calendar 2108 already started — skipping.
2026-06-22 09:59:02  INFO      [main.py:176]  Calendar 2108 still running (10m 57s remaining).
2026-06-22 09:59:02  INFO      [main.py:188]  Active calendars: [2108]
2026-06-22 09:59:03  DEBUG     [camera.py:109]  Quality — score: 0.752 blur: 57.6 brightness: 53.7
2026-06-22 09:59:03  INFO      [camera.py:250]  Face detected — YOLO conf: 0.864 — quality score: 0.752 — good: True
2026-06-22 09:59:03  INFO      [camera.py:262]  Saved face (quality: 0.752): face_20260622_095903_607.jpg
2026-06-22 09:59:03  DEBUG     [camera.py:109]  Quality — score: 0.707 blur: 43.4 brightness: 65.0
2026-06-22 09:59:03  INFO      [camera.py:250]  Face detected — YOLO conf: 0.807 — quality score: 0.707 — good: True
2026-06-22 09:59:03  INFO      [camera.py:262]  Saved face (quality: 0.707): face_20260622_095903_701.jpg
2026-06-22 09:59:03  DEBUG     [camera.py:109]  Quality — score: 0.752 blur: 50.5 brightness: 70.6
2026-06-22 09:59:03  INFO      [camera.py:250]  Face detected — YOLO conf: 0.740 — quality score: 0.752 — good: True
2026-06-22 09:59:03  INFO      [camera.py:262]  Saved face (quality: 0.752): face_20260622_095903_797.jpg
2026-06-22 09:59:03  DEBUG     [camera.py:109]  Quality — score: 0.779 blur: 84.0 brightness: 76.4
2026-06-22 09:59:03  INFO      [camera.py:250]  Face detected — YOLO conf: 0.782 — quality score: 0.779 — good: True
2026-06-22 09:59:03  INFO      [camera.py:262]  Saved face (quality: 0.779): face_20260622_095903_905.jpg
2026-06-22 09:59:04  DEBUG     [camera.py:109]  Quality — score: 0.788 blur: 110.1 brightness: 80.2
2026-06-22 09:59:04  INFO      [camera.py:250]  Face detected — YOLO conf: 0.886 — quality score: 0.788 — good: True
2026-06-22 09:59:04  INFO      [camera.py:262]  Saved face (quality: 0.788): face_20260622_095904_002.jpg
2026-06-22 09:59:04  DEBUG     [camera.py:109]  Quality — score: 0.872 blur: 496.0 brightness: 83.8
2026-06-22 09:59:04  INFO      [camera.py:250]  Face detected — YOLO conf: 0.924 — quality score: 0.872 — good: True
2026-06-22 09:59:04  INFO      [camera.py:262]  Saved face (quality: 0.872): face_20260622_095904_104.jpg
2026-06-22 09:59:04  DEBUG     [camera.py:109]  Quality — score: 0.843 blur: 383.5 brightness: 84.1
2026-06-22 09:59:04  INFO      [camera.py:250]  Face detected — YOLO conf: 0.919 — quality score: 0.843 — good: True
2026-06-22 09:59:04  INFO      [camera.py:262]  Saved face (quality: 0.843): face_20260622_095904_203.jpg
2026-06-22 09:59:04  DEBUG     [camera.py:109]  Quality — score: 0.831 blur: 442.3 brightness: 85.5
2026-06-22 09:59:04  INFO      [camera.py:250]  Face detected — YOLO conf: 0.930 — quality score: 0.831 — good: True
2026-06-22 09:59:04  INFO      [camera.py:262]  Saved face (quality: 0.831): face_20260622_095904_304.jpg
2026-06-22 09:59:04  DEBUG     [camera.py:109]  Quality — score: 0.818 blur: 321.7 brightness: 89.4
2026-06-22 09:59:04  INFO      [camera.py:250]  Face detected — YOLO conf: 0.889 — quality score: 0.818 — good: True
2026-06-22 09:59:04  INFO      [camera.py:262]  Saved face (quality: 0.818): face_20260622_095904_403.jpg
2026-06-22 09:59:04  DEBUG     [camera.py:109]  Quality — score: 0.840 blur: 655.2 brightness: 91.3
2026-06-22 09:59:04  INFO      [camera.py:250]  Face detected — YOLO conf: 0.943 — quality score: 0.84 — good: True
2026-06-22 09:59:04  INFO      [camera.py:262]  Saved face (quality: 0.84): face_20260622_095904_502.jpg
2026-06-22 09:59:04  DEBUG     [camera.py:109]  Quality — score: 0.858 blur: 732.4 brightness: 91.1
2026-06-22 09:59:04  INFO      [camera.py:250]  Face detected — YOLO conf: 0.939 — quality score: 0.858 — good: True
2026-06-22 09:59:04  INFO      [camera.py:262]  Saved face (quality: 0.858): face_20260622_095904_598.jpg
2026-06-22 09:59:04  DEBUG     [camera.py:109]  Quality — score: 0.838 blur: 614.8 brightness: 90.8
2026-06-22 09:59:04  INFO      [camera.py:250]  Face detected — YOLO conf: 0.915 — quality score: 0.838 — good: True
2026-06-22 09:59:04  INFO      [camera.py:262]  Saved face (quality: 0.838): face_20260622_095904_704.jpg
2026-06-22 09:59:04  DEBUG     [camera.py:109]  Quality — score: 0.863 blur: 629.6 brightness: 93.2
2026-06-22 09:59:04  INFO      [camera.py:250]  Face detected — YOLO conf: 0.916 — quality score: 0.863 — good: True
2026-06-22 09:59:04  INFO      [camera.py:262]  Saved face (quality: 0.863): face_20260622_095904_800.jpg
2026-06-22 09:59:04  DEBUG     [camera.py:109]  Quality — score: 0.866 blur: 580.1 brightness: 92.9
2026-06-22 09:59:04  INFO      [camera.py:250]  Face detected — YOLO conf: 0.919 — quality score: 0.866 — good: True
2026-06-22 09:59:04  INFO      [camera.py:262]  Saved face (quality: 0.866): face_20260622_095904_904.jpg
2026-06-22 09:59:05  DEBUG     [camera.py:109]  Quality — score: 0.818 blur: 608.9 brightness: 92.0
2026-06-22 09:59:05  INFO      [camera.py:250]  Face detected — YOLO conf: 0.918 — quality score: 0.818 — good: True
2026-06-22 09:59:05  INFO      [camera.py:262]  Saved face (quality: 0.818): face_20260622_095905_002.jpg
2026-06-22 09:59:05  DEBUG     [camera.py:109]  Quality — score: 0.828 blur: 505.5 brightness: 92.4
2026-06-22 09:59:05  INFO      [camera.py:250]  Face detected — YOLO conf: 0.907 — quality score: 0.828 — good: True
2026-06-22 09:59:05  INFO      [camera.py:262]  Saved face (quality: 0.828): face_20260622_095905_104.jpg
2026-06-22 09:59:05  DEBUG     [camera.py:109]  Quality — score: 0.852 blur: 238.6 brightness: 91.3
2026-06-22 09:59:05  INFO      [camera.py:250]  Face detected — YOLO conf: 0.873 — quality score: 0.852 — good: True
2026-06-22 09:59:05  INFO      [camera.py:262]  Saved face (quality: 0.852): face_20260622_095905_200.jpg
2026-06-22 09:59:05  DEBUG     [camera.py:109]  Quality — score: 0.836 blur: 537.9 brightness: 90.4
2026-06-22 09:59:05  INFO      [camera.py:250]  Face detected — YOLO conf: 0.912 — quality score: 0.836 — good: True
2026-06-22 09:59:05  INFO      [camera.py:262]  Saved face (quality: 0.836): face_20260622_095905_304.jpg
2026-06-22 09:59:05  DEBUG     [camera.py:109]  Quality — score: 0.819 blur: 646.1 brightness: 89.7
2026-06-22 09:59:05  INFO      [camera.py:250]  Face detected — YOLO conf: 0.886 — quality score: 0.819 — good: True
2026-06-22 09:59:05  INFO      [camera.py:262]  Saved face (quality: 0.819): face_20260622_095905_402.jpg
2026-06-22 09:59:05  DEBUG     [camera.py:109]  Quality — score: 0.831 blur: 330.4 brightness: 88.8
2026-06-22 09:59:05  INFO      [camera.py:250]  Face detected — YOLO conf: 0.920 — quality score: 0.831 — good: True
2026-06-22 09:59:05  INFO      [camera.py:262]  Saved face (quality: 0.831): face_20260622_095905_503.jpg
2026-06-22 09:59:06  DEBUG     [camera.py:94]  Rejected — InsightFace found no face.
2026-06-22 09:59:06  INFO      [camera.py:250]  Face detected — YOLO conf: 0.706 — quality score: 0.0 — good: False
2026-06-22 09:59:06  DEBUG     [camera.py:264]  Skipped low quality face (score: 0.0)
2026-06-22 09:59:06  DEBUG     [camera.py:94]  Rejected — InsightFace found no face.
2026-06-22 09:59:06  INFO      [camera.py:250]  Face detected — YOLO conf: 0.788 — quality score: 0.0 — good: False
2026-06-22 09:59:06  DEBUG     [camera.py:264]  Skipped low quality face (score: 0.0)
2026-06-22 09:59:06  DEBUG     [camera.py:94]  Rejected — InsightFace found no face.
2026-06-22 09:59:06  INFO      [camera.py:250]  Face detected — YOLO conf: 0.819 — quality score: 0.0 — good: False
2026-06-22 09:59:06  DEBUG     [camera.py:264]  Skipped low quality face (score: 0.0)
2026-06-22 09:59:06  DEBUG     [camera.py:94]  Rejected — InsightFace found no face.
2026-06-22 09:59:06  INFO      [camera.py:250]  Face detected — YOLO conf: 0.845 — quality score: 0.0 — good: False
2026-06-22 09:59:06  DEBUG     [camera.py:264]  Skipped low quality face (score: 0.0)
2026-06-22 09:59:06  DEBUG     [camera.py:94]  Rejected — InsightFace found no face.
2026-06-22 09:59:06  INFO      [camera.py:250]  Face detected — YOLO conf: 0.828 — quality score: 0.0 — good: False
2026-06-22 09:59:06  DEBUG     [camera.py:264]  Skipped low quality face (score: 0.0)
2026-06-22 09:59:06  DEBUG     [camera.py:94]  Rejected — InsightFace found no face.
2026-06-22 09:59:06  INFO      [camera.py:250]  Face detected — YOLO conf: 0.839 — quality score: 0.0 — good: False
2026-06-22 09:59:06  DEBUG     [camera.py:264]  Skipped low quality face (score: 0.0)
2026-06-22 09:59:07  DEBUG     [camera.py:94]  Rejected — InsightFace found no face.
2026-06-22 09:59:07  INFO      [camera.py:250]  Face detected — YOLO conf: 0.776 — quality score: 0.0 — good: False
2026-06-22 09:59:07  DEBUG     [camera.py:264]  Skipped low quality face (score: 0.0)
2026-06-22 09:59:07  DEBUG     [camera.py:94]  Rejected — InsightFace found no face.
2026-06-22 09:59:07  INFO      [camera.py:250]  Face detected — YOLO conf: 0.711 — quality score: 0.0 — good: False
2026-06-22 09:59:07  DEBUG     [camera.py:264]  Skipped low quality face (score: 0.0)
2026-06-22 09:59:08  DEBUG     [camera.py:94]  Rejected — InsightFace found no face.
2026-06-22 09:59:08  INFO      [camera.py:250]  Face detected — YOLO conf: 0.781 — quality score: 0.0 — good: False
2026-06-22 09:59:08  DEBUG     [camera.py:264]  Skipped low quality face (score: 0.0)
2026-06-22 09:59:08  DEBUG     [camera.py:109]  Quality — score: 0.510 blur: 34.7 brightness: 107.8
2026-06-22 09:59:08  INFO      [camera.py:250]  Face detected — YOLO conf: 0.785 — quality score: 0.51 — good: True
2026-06-22 09:59:08  INFO      [camera.py:262]  Saved face (quality: 0.51): face_20260622_095908_512.jpg
2026-06-22 09:59:08  DEBUG     [camera.py:94]  Rejected — InsightFace found no face.
2026-06-22 09:59:08  INFO      [camera.py:250]  Face detected — YOLO conf: 0.849 — quality score: 0.0 — good: False
2026-06-22 09:59:08  DEBUG     [camera.py:264]  Skipped low quality face (score: 0.0)
2026-06-22 09:59:08  DEBUG     [camera.py:94]  Rejected — InsightFace found no face.
2026-06-22 09:59:08  INFO      [camera.py:250]  Face detected — YOLO conf: 0.846 — quality score: 0.0 — good: False
2026-06-22 09:59:08  DEBUG     [camera.py:264]  Skipped low quality face (score: 0.0)
2026-06-22 09:59:08  DEBUG     [camera.py:94]  Rejected — InsightFace found no face.
2026-06-22 09:59:08  INFO      [camera.py:250]  Face detected — YOLO conf: 0.851 — quality score: 0.0 — good: False
2026-06-22 09:59:08  DEBUG     [camera.py:264]  Skipped low quality face (score: 0.0)
2026-06-22 09:59:08  DEBUG     [camera.py:94]  Rejected — InsightFace found no face.
2026-06-22 09:59:08  INFO      [camera.py:250]  Face detected — YOLO conf: 0.841 — quality score: 0.0 — good: False
2026-06-22 09:59:08  DEBUG     [camera.py:264]  Skipped low quality face (score: 0.0)
2026-06-22 09:59:09  DEBUG     [camera.py:94]  Rejected — InsightFace found no face.
2026-06-22 09:59:09  INFO      [camera.py:250]  Face detected — YOLO conf: 0.798 — quality score: 0.0 — good: False
2026-06-22 09:59:09  DEBUG     [camera.py:264]  Skipped low quality face (score: 0.0)
2026-06-22 09:59:09  DEBUG     [camera.py:94]  Rejected — InsightFace found no face.
2026-06-22 09:59:09  INFO      [camera.py:250]  Face detected — YOLO conf: 0.842 — quality score: 0.0 — good: False
2026-06-22 09:59:09  DEBUG     [camera.py:264]  Skipped low quality face (score: 0.0)
2026-06-22 09:59:09  DEBUG     [camera.py:94]  Rejected — InsightFace found no face.
2026-06-22 09:59:09  INFO      [camera.py:250]  Face detected — YOLO conf: 0.867 — quality score: 0.0 — good: False
2026-06-22 09:59:09  DEBUG     [camera.py:264]  Skipped low quality face (score: 0.0)
2026-06-22 09:59:09  DEBUG     [camera.py:94]  Rejected — InsightFace found no face.
2026-06-22 09:59:09  INFO      [camera.py:250]  Face detected — YOLO conf: 0.866 — quality score: 0.0 — good: False
2026-06-22 09:59:09  DEBUG     [camera.py:264]  Skipped low quality face (score: 0.0)
2026-06-22 09:59:09  DEBUG     [camera.py:94]  Rejected — InsightFace found no face.
2026-06-22 09:59:09  INFO      [camera.py:250]  Face detected — YOLO conf: 0.856 — quality score: 0.0 — good: False
2026-06-22 09:59:09  DEBUG     [camera.py:264]  Skipped low quality face (score: 0.0)
2026-06-22 09:59:09  DEBUG     [camera.py:94]  Rejected — InsightFace found no face.
2026-06-22 09:59:09  INFO      [camera.py:250]  Face detected — YOLO conf: 0.860 — quality score: 0.0 — good: False
2026-06-22 09:59:09  DEBUG     [camera.py:264]  Skipped low quality face (score: 0.0)
2026-06-22 09:59:09  DEBUG     [camera.py:94]  Rejected — InsightFace found no face.
2026-06-22 09:59:09  INFO      [camera.py:250]  Face detected — YOLO conf: 0.856 — quality score: 0.0 — good: False
2026-06-22 09:59:09  DEBUG     [camera.py:264]  Skipped low quality face (score: 0.0)
2026-06-22 09:59:09  DEBUG     [camera.py:94]  Rejected — InsightFace found no face.
2026-06-22 09:59:09  INFO      [camera.py:250]  Face detected — YOLO conf: 0.870 — quality score: 0.0 — good: False
2026-06-22 09:59:09  DEBUG     [camera.py:264]  Skipped low quality face (score: 0.0)
2026-06-22 09:59:09  DEBUG     [camera.py:94]  Rejected — InsightFace found no face.
2026-06-22 09:59:09  INFO      [camera.py:250]  Face detected — YOLO conf: 0.874 — quality score: 0.0 — good: False
2026-06-22 09:59:09  DEBUG     [camera.py:264]  Skipped low quality face (score: 0.0)
2026-06-22 09:59:10  DEBUG     [camera.py:94]  Rejected — InsightFace found no face.
2026-06-22 09:59:10  INFO      [camera.py:250]  Face detected — YOLO conf: 0.741 — quality score: 0.0 — good: False
2026-06-22 09:59:10  DEBUG     [camera.py:264]  Skipped low quality face (score: 0.0)
2026-06-22 09:59:10  DEBUG     [camera.py:109]  Quality — score: 0.668 blur: 39.2 brightness: 110.4
2026-06-22 09:59:10  INFO      [camera.py:250]  Face detected — YOLO conf: 0.819 — quality score: 0.668 — good: True
2026-06-22 09:59:10  INFO      [camera.py:262]  Saved face (quality: 0.668): face_20260622_095910_513.jpg
2026-06-22 09:59:10  DEBUG     [camera.py:94]  Rejected — InsightFace found no face.
2026-06-22 09:59:10  INFO      [camera.py:250]  Face detected — YOLO conf: 0.784 — quality score: 0.0 — good: False
2026-06-22 09:59:10  DEBUG     [camera.py:264]  Skipped low quality face (score: 0.0)
2026-06-22 09:59:10  DEBUG     [camera.py:80]  Rejected — too blurry (blur score: 18.8)
2026-06-22 09:59:10  INFO      [camera.py:250]  Face detected — YOLO conf: 0.724 — quality score: 0.0 — good: False
2026-06-22 09:59:10  DEBUG     [camera.py:264]  Skipped low quality face (score: 0.0)
2026-06-22 09:59:12  INFO      [main.py:52]  Checking calendars at 09:59:12
2026-06-22 09:59:12  DEBUG     [client.py:31]  GET https://192.168.1.249:5004/scl/get-all-calender
2026-06-22 09:59:12  INFO      [calendar_service.py:44]  Fetched 2 valid session(s).
2026-06-22 09:59:12  INFO      [main.py:84]  Calendar 2108 already started — skipping.
2026-06-22 09:59:12  INFO      [main.py:84]  Calendar 2108 already started — skipping.
2026-06-22 09:59:12  INFO      [main.py:176]  Calendar 2108 still running (10m 47s remaining).
2026-06-22 09:59:12  INFO      [main.py:188]  Active calendars: [2108]
2026-06-22 09:59:13  DEBUG     [camera.py:94]  Rejected — InsightFace found no face.
2026-06-22 09:59:13  INFO      [camera.py:250]  Face detected — YOLO conf: 0.727 — quality score: 0.0 — good: False
2026-06-22 09:59:13  DEBUG     [camera.py:264]  Skipped low quality face (score: 0.0)
2026-06-22 09:59:13  DEBUG     [camera.py:94]  Rejected — InsightFace found no face.
2026-06-22 09:59:13  INFO      [camera.py:250]  Face detected — YOLO conf: 0.728 — quality score: 0.0 — good: False
2026-06-22 09:59:13  DEBUG     [camera.py:264]  Skipped low quality face (score: 0.0)
2026-06-22 09:59:13  DEBUG     [camera.py:94]  Rejected — InsightFace found no face.
2026-06-22 09:59:13  INFO      [camera.py:250]  Face detected — YOLO conf: 0.834 — quality score: 0.0 — good: False
2026-06-22 09:59:13  DEBUG     [camera.py:264]  Skipped low quality face (score: 0.0)
2026-06-22 09:59:13  DEBUG     [camera.py:94]  Rejected — InsightFace found no face.
2026-06-22 09:59:13  INFO      [camera.py:250]  Face detected — YOLO conf: 0.836 — quality score: 0.0 — good: False
2026-06-22 09:59:13  DEBUG     [camera.py:264]  Skipped low quality face (score: 0.0)
2026-06-22 09:59:13  DEBUG     [camera.py:94]  Rejected — InsightFace found no face.
2026-06-22 09:59:13  INFO      [camera.py:250]  Face detected — YOLO conf: 0.857 — quality score: 0.0 — good: False
2026-06-22 09:59:13  DEBUG     [camera.py:264]  Skipped low quality face (score: 0.0)
2026-06-22 09:59:14  DEBUG     [camera.py:94]  Rejected — InsightFace found no face.
2026-06-22 09:59:14  INFO      [camera.py:250]  Face detected — YOLO conf: 0.855 — quality score: 0.0 — good: False
2026-06-22 09:59:14  DEBUG     [camera.py:264]  Skipped low quality face (score: 0.0)
2026-06-22 09:59:14  DEBUG     [camera.py:94]  Rejected — InsightFace found no face.
2026-06-22 09:59:14  INFO      [camera.py:250]  Face detected — YOLO conf: 0.871 — quality score: 0.0 — good: False
2026-06-22 09:59:14  DEBUG     [camera.py:264]  Skipped low quality face (score: 0.0)
2026-06-22 09:59:14  DEBUG     [camera.py:94]  Rejected — InsightFace found no face.
2026-06-22 09:59:14  INFO      [camera.py:250]  Face detected — YOLO conf: 0.850 — quality score: 0.0 — good: False
2026-06-22 09:59:14  DEBUG     [camera.py:264]  Skipped low quality face (score: 0.0)
2026-06-22 09:59:14  DEBUG     [camera.py:94]  Rejected — InsightFace found no face.
2026-06-22 09:59:14  INFO      [camera.py:250]  Face detected — YOLO conf: 0.846 — quality score: 0.0 — good: False
2026-06-22 09:59:14  DEBUG     [camera.py:264]  Skipped low quality face (score: 0.0)
2026-06-22 09:59:14  DEBUG     [camera.py:94]  Rejected — InsightFace found no face.
2026-06-22 09:59:14  INFO      [camera.py:250]  Face detected — YOLO conf: 0.842 — quality score: 0.0 — good: False
2026-06-22 09:59:14  DEBUG     [camera.py:264]  Skipped low quality face (score: 0.0)
2026-06-22 09:59:14  DEBUG     [camera.py:94]  Rejected — InsightFace found no face.
2026-06-22 09:59:14  INFO      [camera.py:250]  Face detected — YOLO conf: 0.850 — quality score: 0.0 — good: False
2026-06-22 09:59:14  DEBUG     [camera.py:264]  Skipped low quality face (score: 0.0)
2026-06-22 09:59:20  DEBUG     [camera.py:94]  Rejected — InsightFace found no face.
2026-06-22 09:59:20  INFO      [camera.py:250]  Face detected — YOLO conf: 0.760 — quality score: 0.0 — good: False
2026-06-22 09:59:20  DEBUG     [camera.py:264]  Skipped low quality face (score: 0.0)
2026-06-22 09:59:20  DEBUG     [camera.py:94]  Rejected — InsightFace found no face.
2026-06-22 09:59:20  INFO      [camera.py:250]  Face detected — YOLO conf: 0.796 — quality score: 0.0 — good: False
2026-06-22 09:59:20  DEBUG     [camera.py:264]  Skipped low quality face (score: 0.0)
2026-06-22 09:59:20  DEBUG     [camera.py:94]  Rejected — InsightFace found no face.
2026-06-22 09:59:20  INFO      [camera.py:250]  Face detected — YOLO conf: 0.787 — quality score: 0.0 — good: False
2026-06-22 09:59:20  DEBUG     [camera.py:264]  Skipped low quality face (score: 0.0)
2026-06-22 09:59:21  DEBUG     [camera.py:94]  Rejected — InsightFace found no face.
2026-06-22 09:59:21  INFO      [camera.py:250]  Face detected — YOLO conf: 0.733 — quality score: 0.0 — good: False
2026-06-22 09:59:21  DEBUG     [camera.py:264]  Skipped low quality face (score: 0.0)
2026-06-22 09:59:22  DEBUG     [camera.py:94]  Rejected — InsightFace found no face.
2026-06-22 09:59:22  INFO      [camera.py:250]  Face detected — YOLO conf: 0.744 — quality score: 0.0 — good: False
2026-06-22 09:59:22  DEBUG     [camera.py:264]  Skipped low quality face (score: 0.0)
2026-06-22 09:59:22  INFO      [main.py:52]  Checking calendars at 09:59:22
2026-06-22 09:59:22  DEBUG     [client.py:31]  GET https://192.168.1.249:5004/scl/get-all-calender
2026-06-22 09:59:22  INFO      [calendar_service.py:44]  Fetched 2 valid session(s).
2026-06-22 09:59:22  INFO      [main.py:84]  Calendar 2108 already started — skipping.
2026-06-22 09:59:22  INFO      [main.py:84]  Calendar 2108 already started — skipping.
2026-06-22 09:59:22  INFO      [main.py:176]  Calendar 2108 still running (10m 37s remaining).
2026-06-22 09:59:22  INFO      [main.py:188]  Active calendars: [2108]
2026-06-22 09:59:24  DEBUG     [camera.py:94]  Rejected — InsightFace found no face.
2026-06-22 09:59:24  INFO      [camera.py:250]  Face detected — YOLO conf: 0.787 — quality score: 0.0 — good: False
2026-06-22 09:59:24  DEBUG     [camera.py:264]  Skipped low quality face (score: 0.0)
2026-06-22 09:59:24  DEBUG     [camera.py:94]  Rejected — InsightFace found no face.
2026-06-22 09:59:24  INFO      [camera.py:250]  Face detected — YOLO conf: 0.796 — quality score: 0.0 — good: False
2026-06-22 09:59:24  DEBUG     [camera.py:264]  Skipped low quality face (score: 0.0)
2026-06-22 09:59:24  DEBUG     [camera.py:94]  Rejected — InsightFace found no face.
2026-06-22 09:59:24  INFO      [camera.py:250]  Face detected — YOLO conf: 0.847 — quality score: 0.0 — good: False
2026-06-22 09:59:24  DEBUG     [camera.py:264]  Skipped low quality face (score: 0.0)
2026-06-22 09:59:24  DEBUG     [camera.py:94]  Rejected — InsightFace found no face.
2026-06-22 09:59:24  INFO      [camera.py:250]  Face detected — YOLO conf: 0.845 — quality score: 0.0 — good: False
2026-06-22 09:59:24  DEBUG     [camera.py:264]  Skipped low quality face (score: 0.0)
2026-06-22 09:59:24  DEBUG     [camera.py:94]  Rejected — InsightFace found no face.
2026-06-22 09:59:24  INFO      [camera.py:250]  Face detected — YOLO conf: 0.793 — quality score: 0.0 — good: False
2026-06-22 09:59:24  DEBUG     [camera.py:264]  Skipped low quality face (score: 0.0)
2026-06-22 09:59:26  DEBUG     [camera.py:94]  Rejected — InsightFace found no face.
2026-06-22 09:59:26  INFO      [camera.py:250]  Face detected — YOLO conf: 0.719 — quality score: 0.0 — good: False
2026-06-22 09:59:26  DEBUG     [camera.py:264]  Skipped low quality face (score: 0.0)
2026-06-22 09:59:26  DEBUG     [camera.py:94]  Rejected — InsightFace found no face.
2026-06-22 09:59:26  INFO      [camera.py:250]  Face detected — YOLO conf: 0.854 — quality score: 0.0 — good: False
2026-06-22 09:59:26  DEBUG     [camera.py:264]  Skipped low quality face (score: 0.0)
2026-06-22 09:59:26  DEBUG     [camera.py:94]  Rejected — InsightFace found no face.
2026-06-22 09:59:26  INFO      [camera.py:250]  Face detected — YOLO conf: 0.803 — quality score: 0.0 — good: False
2026-06-22 09:59:26  DEBUG     [camera.py:264]  Skipped low quality face (score: 0.0)
2026-06-22 09:59:26  DEBUG     [camera.py:94]  Rejected — InsightFace found no face.
2026-06-22 09:59:26  INFO      [camera.py:250]  Face detected — YOLO conf: 0.851 — quality score: 0.0 — good: False
2026-06-22 09:59:26  DEBUG     [camera.py:264]  Skipped low quality face (score: 0.0)
2026-06-22 09:59:26  DEBUG     [camera.py:94]  Rejected — InsightFace found no face.
2026-06-22 09:59:26  INFO      [camera.py:250]  Face detected — YOLO conf: 0.848 — quality score: 0.0 — good: False
2026-06-22 09:59:26  DEBUG     [camera.py:264]  Skipped low quality face (score: 0.0)
2026-06-22 09:59:26  DEBUG     [camera.py:80]  Rejected — too blurry (blur score: 18.6)
2026-06-22 09:59:26  INFO      [camera.py:250]  Face detected — YOLO conf: 0.827 — quality score: 0.0 — good: False
2026-06-22 09:59:26  DEBUG     [camera.py:264]  Skipped low quality face (score: 0.0)
2026-06-22 09:59:26  DEBUG     [camera.py:94]  Rejected — InsightFace found no face.
2026-06-22 09:59:26  INFO      [camera.py:250]  Face detected — YOLO conf: 0.875 — quality score: 0.0 — good: False
2026-06-22 09:59:26  DEBUG     [camera.py:264]  Skipped low quality face (score: 0.0)
2026-06-22 09:59:26  DEBUG     [camera.py:80]  Rejected — too blurry (blur score: 29.5)
2026-06-22 09:59:26  INFO      [camera.py:250]  Face detected — YOLO conf: 0.852 — quality score: 0.0 — good: False
2026-06-22 09:59:26  DEBUG     [camera.py:264]  Skipped low quality face (score: 0.0)
2026-06-22 09:59:26  DEBUG     [camera.py:80]  Rejected — too blurry (blur score: 28.9)
2026-06-22 09:59:26  INFO      [camera.py:250]  Face detected — YOLO conf: 0.859 — quality score: 0.0 — good: False
2026-06-22 09:59:26  DEBUG     [camera.py:264]  Skipped low quality face (score: 0.0)
2026-06-22 09:59:26  DEBUG     [camera.py:94]  Rejected — InsightFace found no face.
2026-06-22 09:59:26  INFO      [camera.py:250]  Face detected — YOLO conf: 0.875 — quality score: 0.0 — good: False
2026-06-22 09:59:26  DEBUG     [camera.py:264]  Skipped low quality face (score: 0.0)
2026-06-22 09:59:27  DEBUG     [camera.py:109]  Quality — score: 0.678 blur: 45.3 brightness: 74.2
2026-06-22 09:59:27  INFO      [camera.py:250]  Face detected — YOLO conf: 0.847 — quality score: 0.678 — good: True
2026-06-22 09:59:27  INFO      [camera.py:262]  Saved face (quality: 0.678): face_20260622_095927_203.jpg
2026-06-22 09:59:27  DEBUG     [camera.py:80]  Rejected — too blurry (blur score: 27.9)
2026-06-22 09:59:27  INFO      [camera.py:250]  Face detected — YOLO conf: 0.844 — quality score: 0.0 — good: False
2026-06-22 09:59:27  DEBUG     [camera.py:264]  Skipped low quality face (score: 0.0)
2026-06-22 09:59:27  DEBUG     [camera.py:109]  Quality — score: 0.675 blur: 42.6 brightness: 97.6
2026-06-22 09:59:27  INFO      [camera.py:250]  Face detected — YOLO conf: 0.855 — quality score: 0.675 — good: True
2026-06-22 09:59:27  INFO      [camera.py:262]  Saved face (quality: 0.675): face_20260622_095927_396.jpg
2026-06-22 09:59:27  DEBUG     [camera.py:94]  Rejected — InsightFace found no face.
2026-06-22 09:59:27  INFO      [camera.py:250]  Face detected — YOLO conf: 0.757 — quality score: 0.0 — good: False
2026-06-22 09:59:27  DEBUG     [camera.py:264]  Skipped low quality face (score: 0.0)
2026-06-22 09:59:27  DEBUG     [camera.py:94]  Rejected — InsightFace found no face.
2026-06-22 09:59:27  INFO      [camera.py:250]  Face detected — YOLO conf: 0.861 — quality score: 0.0 — good: False
2026-06-22 09:59:27  DEBUG     [camera.py:264]  Skipped low quality face (score: 0.0)
2026-06-22 09:59:27  DEBUG     [camera.py:94]  Rejected — InsightFace found no face.
2026-06-22 09:59:27  INFO      [camera.py:250]  Face detected — YOLO conf: 0.857 — quality score: 0.0 — good: False
2026-06-22 09:59:27  DEBUG     [camera.py:264]  Skipped low quality face (score: 0.0)
2026-06-22 09:59:27  DEBUG     [camera.py:94]  Rejected — InsightFace found no face.
2026-06-22 09:59:27  INFO      [camera.py:250]  Face detected — YOLO conf: 0.836 — quality score: 0.0 — good: False
2026-06-22 09:59:27  DEBUG     [camera.py:264]  Skipped low quality face (score: 0.0)
2026-06-22 09:59:27  DEBUG     [camera.py:94]  Rejected — InsightFace found no face.
2026-06-22 09:59:27  INFO      [camera.py:250]  Face detected — YOLO conf: 0.865 — quality score: 0.0 — good: False
2026-06-22 09:59:27  DEBUG     [camera.py:264]  Skipped low quality face (score: 0.0)
2026-06-22 09:59:27  DEBUG     [camera.py:94]  Rejected — InsightFace found no face.
2026-06-22 09:59:27  INFO      [camera.py:250]  Face detected — YOLO conf: 0.858 — quality score: 0.0 — good: False
2026-06-22 09:59:27  DEBUG     [camera.py:264]  Skipped low quality face (score: 0.0)
2026-06-22 09:59:28  DEBUG     [camera.py:94]  Rejected — InsightFace found no face.
2026-06-22 09:59:28  INFO      [camera.py:250]  Face detected — YOLO conf: 0.855 — quality score: 0.0 — good: False
2026-06-22 09:59:28  DEBUG     [camera.py:264]  Skipped low quality face (score: 0.0)
2026-06-22 09:59:28  DEBUG     [camera.py:94]  Rejected — InsightFace found no face.
2026-06-22 09:59:28  INFO      [camera.py:250]  Face detected — YOLO conf: 0.840 — quality score: 0.0 — good: False
2026-06-22 09:59:28  DEBUG     [camera.py:264]  Skipped low quality face (score: 0.0)
2026-06-22 09:59:28  DEBUG     [camera.py:94]  Rejected — InsightFace found no face.
2026-06-22 09:59:28  INFO      [camera.py:250]  Face detected — YOLO conf: 0.834 — quality score: 0.0 — good: False
2026-06-22 09:59:28  DEBUG     [camera.py:264]  Skipped low quality face (score: 0.0)
2026-06-22 09:59:28  DEBUG     [camera.py:94]  Rejected — InsightFace found no face.
2026-06-22 09:59:28  INFO      [camera.py:250]  Face detected — YOLO conf: 0.844 — quality score: 0.0 — good: False
2026-06-22 09:59:28  DEBUG     [camera.py:264]  Skipped low quality face (score: 0.0)
2026-06-22 09:59:28  DEBUG     [camera.py:94]  Rejected — InsightFace found no face.
2026-06-22 09:59:28  INFO      [camera.py:250]  Face detected — YOLO conf: 0.792 — quality score: 0.0 — good: False
2026-06-22 09:59:28  DEBUG     [camera.py:264]  Skipped low quality face (score: 0.0)
2026-06-22 09:59:28  DEBUG     [camera.py:94]  Rejected — InsightFace found no face.
2026-06-22 09:59:28  INFO      [camera.py:250]  Face detected — YOLO conf: 0.725 — quality score: 0.0 — good: False
2026-06-22 09:59:28  DEBUG     [camera.py:264]  Skipped low quality face (score: 0.0)
2026-06-22 09:59:28  DEBUG     [camera.py:94]  Rejected — InsightFace found no face.
2026-06-22 09:59:28  INFO      [camera.py:250]  Face detected — YOLO conf: 0.769 — quality score: 0.0 — good: False
2026-06-22 09:59:28  DEBUG     [camera.py:264]  Skipped low quality face (score: 0.0)
2026-06-22 09:59:29  DEBUG     [camera.py:94]  Rejected — InsightFace found no face.
2026-06-22 09:59:29  INFO      [camera.py:250]  Face detected — YOLO conf: 0.773 — quality score: 0.0 — good: False
2026-06-22 09:59:29  DEBUG     [camera.py:264]  Skipped low quality face (score: 0.0)
2026-06-22 09:59:29  DEBUG     [camera.py:94]  Rejected — InsightFace found no face.
2026-06-22 09:59:29  INFO      [camera.py:250]  Face detected — YOLO conf: 0.748 — quality score: 0.0 — good: False
2026-06-22 09:59:29  DEBUG     [camera.py:264]  Skipped low quality face (score: 0.0)
2026-06-22 09:59:29  DEBUG     [camera.py:94]  Rejected — InsightFace found no face.
2026-06-22 09:59:29  INFO      [camera.py:250]  Face detected — YOLO conf: 0.738 — quality score: 0.0 — good: False
2026-06-22 09:59:29  DEBUG     [camera.py:264]  Skipped low quality face (score: 0.0)
2026-06-22 09:59:29  DEBUG     [camera.py:94]  Rejected — InsightFace found no face.
2026-06-22 09:59:29  INFO      [camera.py:250]  Face detected — YOLO conf: 0.769 — quality score: 0.0 — good: False
2026-06-22 09:59:29  DEBUG     [camera.py:264]  Skipped low quality face (score: 0.0)
2026-06-22 09:59:29  DEBUG     [camera.py:94]  Rejected — InsightFace found no face.
2026-06-22 09:59:29  INFO      [camera.py:250]  Face detected — YOLO conf: 0.753 — quality score: 0.0 — good: False
2026-06-22 09:59:29  DEBUG     [camera.py:264]  Skipped low quality face (score: 0.0)
2026-06-22 09:59:29  DEBUG     [camera.py:94]  Rejected — InsightFace found no face.
2026-06-22 09:59:29  INFO      [camera.py:250]  Face detected — YOLO conf: 0.744 — quality score: 0.0 — good: False
2026-06-22 09:59:29  DEBUG     [camera.py:264]  Skipped low quality face (score: 0.0)
2026-06-22 09:59:29  DEBUG     [camera.py:94]  Rejected — InsightFace found no face.
2026-06-22 09:59:29  INFO      [camera.py:250]  Face detected — YOLO conf: 0.806 — quality score: 0.0 — good: False
2026-06-22 09:59:29  DEBUG     [camera.py:264]  Skipped low quality face (score: 0.0)
2026-06-22 09:59:29  DEBUG     [camera.py:94]  Rejected — InsightFace found no face.
2026-06-22 09:59:29  INFO      [camera.py:250]  Face detected — YOLO conf: 0.792 — quality score: 0.0 — good: False
2026-06-22 09:59:29  DEBUG     [camera.py:264]  Skipped low quality face (score: 0.0)
2026-06-22 09:59:30  DEBUG     [camera.py:94]  Rejected — InsightFace found no face.
2026-06-22 09:59:30  INFO      [camera.py:250]  Face detected — YOLO conf: 0.765 — quality score: 0.0 — good: False
2026-06-22 09:59:30  DEBUG     [camera.py:264]  Skipped low quality face (score: 0.0)
2026-06-22 09:59:30  DEBUG     [camera.py:94]  Rejected — InsightFace found no face.
2026-06-22 09:59:30  INFO      [camera.py:250]  Face detected — YOLO conf: 0.760 — quality score: 0.0 — good: False
2026-06-22 09:59:30  DEBUG     [camera.py:264]  Skipped low quality face (score: 0.0)
2026-06-22 09:59:30  DEBUG     [camera.py:94]  Rejected — InsightFace found no face.
2026-06-22 09:59:30  INFO      [camera.py:250]  Face detected — YOLO conf: 0.766 — quality score: 0.0 — good: False
2026-06-22 09:59:30  DEBUG     [camera.py:264]  Skipped low quality face (score: 0.0)
2026-06-22 09:59:30  DEBUG     [camera.py:94]  Rejected — InsightFace found no face.
2026-06-22 09:59:30  INFO      [camera.py:250]  Face detected — YOLO conf: 0.776 — quality score: 0.0 — good: False
2026-06-22 09:59:30  DEBUG     [camera.py:264]  Skipped low quality face (score: 0.0)
2026-06-22 09:59:30  DEBUG     [camera.py:94]  Rejected — InsightFace found no face.
2026-06-22 09:59:30  INFO      [camera.py:250]  Face detected — YOLO conf: 0.757 — quality score: 0.0 — good: False
2026-06-22 09:59:30  DEBUG     [camera.py:264]  Skipped low quality face (score: 0.0)
2026-06-22 09:59:30  DEBUG     [camera.py:94]  Rejected — InsightFace found no face.
2026-06-22 09:59:30  INFO      [camera.py:250]  Face detected — YOLO conf: 0.738 — quality score: 0.0 — good: False
2026-06-22 09:59:30  DEBUG     [camera.py:264]  Skipped low quality face (score: 0.0)
2026-06-22 09:59:30  DEBUG     [camera.py:94]  Rejected — InsightFace found no face.
2026-06-22 09:59:30  INFO      [camera.py:250]  Face detected — YOLO conf: 0.761 — quality score: 0.0 — good: False
2026-06-22 09:59:30  DEBUG     [camera.py:264]  Skipped low quality face (score: 0.0)
2026-06-22 09:59:30  DEBUG     [camera.py:94]  Rejected — InsightFace found no face.
2026-06-22 09:59:30  INFO      [camera.py:250]  Face detected — YOLO conf: 0.764 — quality score: 0.0 — good: False
2026-06-22 09:59:30  DEBUG     [camera.py:264]  Skipped low quality face (score: 0.0)
2026-06-22 09:59:31  DEBUG     [camera.py:94]  Rejected — InsightFace found no face.
2026-06-22 09:59:31  INFO      [camera.py:250]  Face detected — YOLO conf: 0.824 — quality score: 0.0 — good: False
2026-06-22 09:59:31  DEBUG     [camera.py:264]  Skipped low quality face (score: 0.0)
2026-06-22 09:59:31  DEBUG     [camera.py:94]  Rejected — InsightFace found no face.
2026-06-22 09:59:31  INFO      [camera.py:250]  Face detected — YOLO conf: 0.796 — quality score: 0.0 — good: False
2026-06-22 09:59:31  DEBUG     [camera.py:264]  Skipped low quality face (score: 0.0)
2026-06-22 09:59:31  DEBUG     [camera.py:94]  Rejected — InsightFace found no face.
2026-06-22 09:59:31  INFO      [camera.py:250]  Face detected — YOLO conf: 0.811 — quality score: 0.0 — good: False
2026-06-22 09:59:31  DEBUG     [camera.py:264]  Skipped low quality face (score: 0.0)
2026-06-22 09:59:31  DEBUG     [camera.py:94]  Rejected — InsightFace found no face.
2026-06-22 09:59:31  INFO      [camera.py:250]  Face detected — YOLO conf: 0.813 — quality score: 0.0 — good: False
2026-06-22 09:59:31  DEBUG     [camera.py:264]  Skipped low quality face (score: 0.0)
2026-06-22 09:59:31  DEBUG     [camera.py:94]  Rejected — InsightFace found no face.
2026-06-22 09:59:31  INFO      [camera.py:250]  Face detected — YOLO conf: 0.792 — quality score: 0.0 — good: False
2026-06-22 09:59:31  DEBUG     [camera.py:264]  Skipped low quality face (score: 0.0)
2026-06-22 09:59:31  DEBUG     [camera.py:94]  Rejected — InsightFace found no face.
2026-06-22 09:59:31  INFO      [camera.py:250]  Face detected — YOLO conf: 0.815 — quality score: 0.0 — good: False
2026-06-22 09:59:31  DEBUG     [camera.py:264]  Skipped low quality face (score: 0.0)
2026-06-22 09:59:31  DEBUG     [camera.py:94]  Rejected — InsightFace found no face.
2026-06-22 09:59:31  INFO      [camera.py:250]  Face detected — YOLO conf: 0.808 — quality score: 0.0 — good: False
2026-06-22 09:59:31  DEBUG     [camera.py:264]  Skipped low quality face (score: 0.0)
2026-06-22 09:59:31  DEBUG     [camera.py:94]  Rejected — InsightFace found no face.
2026-06-22 09:59:31  INFO      [camera.py:250]  Face detected — YOLO conf: 0.822 — quality score: 0.0 — good: False
2026-06-22 09:59:31  DEBUG     [camera.py:264]  Skipped low quality face (score: 0.0)
2026-06-22 09:59:31  DEBUG     [camera.py:94]  Rejected — InsightFace found no face.
2026-06-22 09:59:31  INFO      [camera.py:250]  Face detected — YOLO conf: 0.768 — quality score: 0.0 — good: False
2026-06-22 09:59:31  DEBUG     [camera.py:264]  Skipped low quality face (score: 0.0)
2026-06-22 09:59:31  DEBUG     [camera.py:94]  Rejected — InsightFace found no face.
2026-06-22 09:59:31  INFO      [camera.py:250]  Face detected — YOLO conf: 0.776 — quality score: 0.0 — good: False
2026-06-22 09:59:31  DEBUG     [camera.py:264]  Skipped low quality face (score: 0.0)
2026-06-22 09:59:32  DEBUG     [camera.py:94]  Rejected — InsightFace found no face.
2026-06-22 09:59:32  INFO      [camera.py:250]  Face detected — YOLO conf: 0.793 — quality score: 0.0 — good: False
2026-06-22 09:59:32  DEBUG     [camera.py:264]  Skipped low quality face (score: 0.0)
2026-06-22 09:59:32  DEBUG     [camera.py:94]  Rejected — InsightFace found no face.
2026-06-22 09:59:32  INFO      [camera.py:250]  Face detected — YOLO conf: 0.805 — quality score: 0.0 — good: False
2026-06-22 09:59:32  DEBUG     [camera.py:264]  Skipped low quality face (score: 0.0)
2026-06-22 09:59:32  DEBUG     [camera.py:94]  Rejected — InsightFace found no face.
2026-06-22 09:59:32  INFO      [camera.py:250]  Face detected — YOLO conf: 0.796 — quality score: 0.0 — good: False
2026-06-22 09:59:32  DEBUG     [camera.py:264]  Skipped low quality face (score: 0.0)
2026-06-22 09:59:32  DEBUG     [camera.py:94]  Rejected — InsightFace found no face.
2026-06-22 09:59:32  INFO      [camera.py:250]  Face detected — YOLO conf: 0.797 — quality score: 0.0 — good: False
2026-06-22 09:59:32  DEBUG     [camera.py:264]  Skipped low quality face (score: 0.0)
2026-06-22 09:59:32  DEBUG     [camera.py:94]  Rejected — InsightFace found no face.
2026-06-22 09:59:32  INFO      [camera.py:250]  Face detected — YOLO conf: 0.808 — quality score: 0.0 — good: False
2026-06-22 09:59:32  DEBUG     [camera.py:264]  Skipped low quality face (score: 0.0)
2026-06-22 09:59:32  INFO      [main.py:52]  Checking calendars at 09:59:32
2026-06-22 09:59:32  DEBUG     [client.py:31]  GET https://192.168.1.249:5004/scl/get-all-calender
2026-06-22 09:59:32  INFO      [calendar_service.py:44]  Fetched 2 valid session(s).
2026-06-22 09:59:32  INFO      [main.py:84]  Calendar 2108 already started — skipping.
2026-06-22 09:59:32  INFO      [main.py:84]  Calendar 2108 already started — skipping.
2026-06-22 09:59:32  INFO      [main.py:176]  Calendar 2108 still running (10m 27s remaining).
2026-06-22 09:59:32  INFO      [main.py:188]  Active calendars: [2108]
2026-06-22 09:59:32  DEBUG     [camera.py:94]  Rejected — InsightFace found no face.
2026-06-22 09:59:32  INFO      [camera.py:250]  Face detected — YOLO conf: 0.765 — quality score: 0.0 — good: False
2026-06-22 09:59:32  DEBUG     [camera.py:264]  Skipped low quality face (score: 0.0)
2026-06-22 09:59:32  DEBUG     [camera.py:94]  Rejected — InsightFace found no face.
2026-06-22 09:59:32  INFO      [camera.py:250]  Face detected — YOLO conf: 0.760 — quality score: 0.0 — good: False
2026-06-22 09:59:32  DEBUG     [camera.py:264]  Skipped low quality face (score: 0.0)
2026-06-22 09:59:32  DEBUG     [camera.py:94]  Rejected — InsightFace found no face.
2026-06-22 09:59:32  INFO      [camera.py:250]  Face detected — YOLO conf: 0.733 — quality score: 0.0 — good: False
2026-06-22 09:59:32  DEBUG     [camera.py:264]  Skipped low quality face (score: 0.0)
2026-06-22 09:59:33  DEBUG     [camera.py:94]  Rejected — InsightFace found no face.
2026-06-22 09:59:33  INFO      [camera.py:250]  Face detected — YOLO conf: 0.734 — quality score: 0.0 — good: False
2026-06-22 09:59:33  DEBUG     [camera.py:264]  Skipped low quality face (score: 0.0)
2026-06-22 09:59:33  DEBUG     [camera.py:94]  Rejected — InsightFace found no face.
2026-06-22 09:59:33  INFO      [camera.py:250]  Face detected — YOLO conf: 0.777 — quality score: 0.0 — good: False
2026-06-22 09:59:33  DEBUG     [camera.py:264]  Skipped low quality face (score: 0.0)
2026-06-22 09:59:33  DEBUG     [camera.py:94]  Rejected — InsightFace found no face.
2026-06-22 09:59:33  INFO      [camera.py:250]  Face detected — YOLO conf: 0.797 — quality score: 0.0 — good: False
2026-06-22 09:59:33  DEBUG     [camera.py:264]  Skipped low quality face (score: 0.0)
2026-06-22 09:59:33  DEBUG     [camera.py:94]  Rejected — InsightFace found no face.
2026-06-22 09:59:33  INFO      [camera.py:250]  Face detected — YOLO conf: 0.755 — quality score: 0.0 — good: False
2026-06-22 09:59:33  DEBUG     [camera.py:264]  Skipped low quality face (score: 0.0)
2026-06-22 09:59:33  DEBUG     [camera.py:94]  Rejected — InsightFace found no face.
2026-06-22 09:59:33  INFO      [camera.py:250]  Face detected — YOLO conf: 0.799 — quality score: 0.0 — good: False
2026-06-22 09:59:33  DEBUG     [camera.py:264]  Skipped low quality face (score: 0.0)
2026-06-22 09:59:33  DEBUG     [camera.py:94]  Rejected — InsightFace found no face.
2026-06-22 09:59:33  INFO      [camera.py:250]  Face detected — YOLO conf: 0.822 — quality score: 0.0 — good: False
2026-06-22 09:59:33  DEBUG     [camera.py:264]  Skipped low quality face (score: 0.0)
2026-06-22 09:59:33  DEBUG     [camera.py:94]  Rejected — InsightFace found no face.
2026-06-22 09:59:33  INFO      [camera.py:250]  Face detected — YOLO conf: 0.791 — quality score: 0.0 — good: False
2026-06-22 09:59:33  DEBUG     [camera.py:264]  Skipped low quality face (score: 0.0)
2026-06-22 09:59:33  DEBUG     [camera.py:94]  Rejected — InsightFace found no face.
2026-06-22 09:59:33  INFO      [camera.py:250]  Face detected — YOLO conf: 0.796 — quality score: 0.0 — good: False
2026-06-22 09:59:33  DEBUG     [camera.py:264]  Skipped low quality face (score: 0.0)
2026-06-22 09:59:33  DEBUG     [camera.py:94]  Rejected — InsightFace found no face.
2026-06-22 09:59:33  INFO      [camera.py:250]  Face detected — YOLO conf: 0.821 — quality score: 0.0 — good: False
2026-06-22 09:59:33  DEBUG     [camera.py:264]  Skipped low quality face (score: 0.0)
2026-06-22 09:59:34  DEBUG     [camera.py:94]  Rejected — InsightFace found no face.
2026-06-22 09:59:34  INFO      [camera.py:250]  Face detected — YOLO conf: 0.816 — quality score: 0.0 — good: False
2026-06-22 09:59:34  DEBUG     [camera.py:264]  Skipped low quality face (score: 0.0)
2026-06-22 09:59:34  DEBUG     [camera.py:94]  Rejected — InsightFace found no face.
2026-06-22 09:59:34  INFO      [camera.py:250]  Face detected — YOLO conf: 0.817 — quality score: 0.0 — good: False
2026-06-22 09:59:34  DEBUG     [camera.py:264]  Skipped low quality face (score: 0.0)
2026-06-22 09:59:34  DEBUG     [camera.py:94]  Rejected — InsightFace found no face.
2026-06-22 09:59:34  INFO      [camera.py:250]  Face detected — YOLO conf: 0.814 — quality score: 0.0 — good: False
2026-06-22 09:59:34  DEBUG     [camera.py:264]  Skipped low quality face (score: 0.0)
2026-06-22 09:59:34  DEBUG     [camera.py:94]  Rejected — InsightFace found no face.
2026-06-22 09:59:34  INFO      [camera.py:250]  Face detected — YOLO conf: 0.817 — quality score: 0.0 — good: False
2026-06-22 09:59:34  DEBUG     [camera.py:264]  Skipped low quality face (score: 0.0)
2026-06-22 09:59:34  DEBUG     [camera.py:94]  Rejected — InsightFace found no face.
2026-06-22 09:59:34  INFO      [camera.py:250]  Face detected — YOLO conf: 0.830 — quality score: 0.0 — good: False
2026-06-22 09:59:34  DEBUG     [camera.py:264]  Skipped low quality face (score: 0.0)
2026-06-22 09:59:34  DEBUG     [camera.py:94]  Rejected — InsightFace found no face.
2026-06-22 09:59:34  INFO      [camera.py:250]  Face detected — YOLO conf: 0.819 — quality score: 0.0 — good: False
2026-06-22 09:59:34  DEBUG     [camera.py:264]  Skipped low quality face (score: 0.0)
2026-06-22 09:59:34  DEBUG     [camera.py:94]  Rejected — InsightFace found no face.
2026-06-22 09:59:34  INFO      [camera.py:250]  Face detected — YOLO conf: 0.826 — quality score: 0.0 — good: False
2026-06-22 09:59:34  DEBUG     [camera.py:264]  Skipped low quality face (score: 0.0)
2026-06-22 09:59:34  DEBUG     [camera.py:94]  Rejected — InsightFace found no face.
2026-06-22 09:59:34  INFO      [camera.py:250]  Face detected — YOLO conf: 0.819 — quality score: 0.0 — good: False
2026-06-22 09:59:34  DEBUG     [camera.py:264]  Skipped low quality face (score: 0.0)
2026-06-22 09:59:34  DEBUG     [camera.py:94]  Rejected — InsightFace found no face.
2026-06-22 09:59:34  INFO      [camera.py:250]  Face detected — YOLO conf: 0.825 — quality score: 0.0 — good: False
2026-06-22 09:59:34  DEBUG     [camera.py:264]  Skipped low quality face (score: 0.0)
2026-06-22 09:59:34  DEBUG     [camera.py:94]  Rejected — InsightFace found no face.
2026-06-22 09:59:34  INFO      [camera.py:250]  Face detected — YOLO conf: 0.825 — quality score: 0.0 — good: False
2026-06-22 09:59:34  DEBUG     [camera.py:264]  Skipped low quality face (score: 0.0)
2026-06-22 09:59:35  DEBUG     [camera.py:94]  Rejected — InsightFace found no face.
2026-06-22 09:59:35  INFO      [camera.py:250]  Face detected — YOLO conf: 0.816 — quality score: 0.0 — good: False
2026-06-22 09:59:35  DEBUG     [camera.py:264]  Skipped low quality face (score: 0.0)
2026-06-22 09:59:35  DEBUG     [camera.py:94]  Rejected — InsightFace found no face.
2026-06-22 09:59:35  INFO      [camera.py:250]  Face detected — YOLO conf: 0.807 — quality score: 0.0 — good: False
2026-06-22 09:59:35  DEBUG     [camera.py:264]  Skipped low quality face (score: 0.0)
2026-06-22 09:59:35  DEBUG     [camera.py:94]  Rejected — InsightFace found no face.
2026-06-22 09:59:35  INFO      [camera.py:250]  Face detected — YOLO conf: 0.813 — quality score: 0.0 — good: False
2026-06-22 09:59:35  DEBUG     [camera.py:264]  Skipped low quality face (score: 0.0)
2026-06-22 09:59:35  DEBUG     [camera.py:94]  Rejected — InsightFace found no face.
2026-06-22 09:59:35  INFO      [camera.py:250]  Face detected — YOLO conf: 0.792 — quality score: 0.0 — good: False
2026-06-22 09:59:35  DEBUG     [camera.py:264]  Skipped low quality face (score: 0.0)
2026-06-22 09:59:35  DEBUG     [camera.py:94]  Rejected — InsightFace found no face.
2026-06-22 09:59:35  INFO      [camera.py:250]  Face detected — YOLO conf: 0.811 — quality score: 0.0 — good: False
2026-06-22 09:59:35  DEBUG     [camera.py:264]  Skipped low quality face (score: 0.0)
2026-06-22 09:59:35  DEBUG     [camera.py:94]  Rejected — InsightFace found no face.
2026-06-22 09:59:35  INFO      [camera.py:250]  Face detected — YOLO conf: 0.819 — quality score: 0.0 — good: False
2026-06-22 09:59:35  DEBUG     [camera.py:264]  Skipped low quality face (score: 0.0)
2026-06-22 09:59:35  DEBUG     [camera.py:94]  Rejected — InsightFace found no face.
2026-06-22 09:59:35  INFO      [camera.py:250]  Face detected — YOLO conf: 0.758 — quality score: 0.0 — good: False
2026-06-22 09:59:35  DEBUG     [camera.py:264]  Skipped low quality face (score: 0.0)
2026-06-22 09:59:35  DEBUG     [camera.py:94]  Rejected — InsightFace found no face.
2026-06-22 09:59:35  INFO      [camera.py:250]  Face detected — YOLO conf: 0.796 — quality score: 0.0 — good: False
2026-06-22 09:59:35  DEBUG     [camera.py:264]  Skipped low quality face (score: 0.0)
2026-06-22 09:59:35  DEBUG     [camera.py:94]  Rejected — InsightFace found no face.
2026-06-22 09:59:35  INFO      [camera.py:250]  Face detected — YOLO conf: 0.819 — quality score: 0.0 — good: False
2026-06-22 09:59:35  DEBUG     [camera.py:264]  Skipped low quality face (score: 0.0)
2026-06-22 09:59:35  DEBUG     [camera.py:94]  Rejected — InsightFace found no face.
2026-06-22 09:59:35  INFO      [camera.py:250]  Face detected — YOLO conf: 0.826 — quality score: 0.0 — good: False
2026-06-22 09:59:35  DEBUG     [camera.py:264]  Skipped low quality face (score: 0.0)
2026-06-22 09:59:36  DEBUG     [camera.py:94]  Rejected — InsightFace found no face.
2026-06-22 09:59:36  INFO      [camera.py:250]  Face detected — YOLO conf: 0.811 — quality score: 0.0 — good: False
2026-06-22 09:59:36  DEBUG     [camera.py:264]  Skipped low quality face (score: 0.0)
2026-06-22 09:59:36  DEBUG     [camera.py:94]  Rejected — InsightFace found no face.
2026-06-22 09:59:36  INFO      [camera.py:250]  Face detected — YOLO conf: 0.813 — quality score: 0.0 — good: False
2026-06-22 09:59:36  DEBUG     [camera.py:264]  Skipped low quality face (score: 0.0)
2026-06-22 09:59:36  DEBUG     [camera.py:94]  Rejected — InsightFace found no face.
2026-06-22 09:59:36  INFO      [camera.py:250]  Face detected — YOLO conf: 0.864 — quality score: 0.0 — good: False
2026-06-22 09:59:36  DEBUG     [camera.py:264]  Skipped low quality face (score: 0.0)
2026-06-22 09:59:36  DEBUG     [camera.py:94]  Rejected — InsightFace found no face.
2026-06-22 09:59:36  INFO      [camera.py:250]  Face detected — YOLO conf: 0.823 — quality score: 0.0 — good: False
2026-06-22 09:59:36  DEBUG     [camera.py:264]  Skipped low quality face (score: 0.0)
2026-06-22 09:59:36  DEBUG     [camera.py:94]  Rejected — InsightFace found no face.
2026-06-22 09:59:36  INFO      [camera.py:250]  Face detected — YOLO conf: 0.851 — quality score: 0.0 — good: False
2026-06-22 09:59:36  DEBUG     [camera.py:264]  Skipped low quality face (score: 0.0)
2026-06-22 09:59:36  DEBUG     [camera.py:94]  Rejected — InsightFace found no face.
2026-06-22 09:59:36  INFO      [camera.py:250]  Face detected — YOLO conf: 0.843 — quality score: 0.0 — good: False
2026-06-22 09:59:36  DEBUG     [camera.py:264]  Skipped low quality face (score: 0.0)
2026-06-22 09:59:36  DEBUG     [camera.py:94]  Rejected — InsightFace found no face.
2026-06-22 09:59:36  INFO      [camera.py:250]  Face detected — YOLO conf: 0.864 — quality score: 0.0 — good: False
2026-06-22 09:59:36  DEBUG     [camera.py:264]  Skipped low quality face (score: 0.0)
2026-06-22 09:59:36  DEBUG     [camera.py:94]  Rejected — InsightFace found no face.
2026-06-22 09:59:36  INFO      [camera.py:250]  Face detected — YOLO conf: 0.860 — quality score: 0.0 — good: False
2026-06-22 09:59:36  DEBUG     [camera.py:264]  Skipped low quality face (score: 0.0)
2026-06-22 09:59:36  DEBUG     [camera.py:94]  Rejected — InsightFace found no face.
2026-06-22 09:59:36  INFO      [camera.py:250]  Face detected — YOLO conf: 0.865 — quality score: 0.0 — good: False
2026-06-22 09:59:36  DEBUG     [camera.py:264]  Skipped low quality face (score: 0.0)
2026-06-22 09:59:36  DEBUG     [camera.py:94]  Rejected — InsightFace found no face.
2026-06-22 09:59:36  INFO      [camera.py:250]  Face detected — YOLO conf: 0.867 — quality score: 0.0 — good: False
2026-06-22 09:59:36  DEBUG     [camera.py:264]  Skipped low quality face (score: 0.0)
2026-06-22 09:59:37  DEBUG     [camera.py:94]  Rejected — InsightFace found no face.
2026-06-22 09:59:37  INFO      [camera.py:250]  Face detected — YOLO conf: 0.852 — quality score: 0.0 — good: False
2026-06-22 09:59:37  DEBUG     [camera.py:264]  Skipped low quality face (score: 0.0)
2026-06-22 09:59:37  DEBUG     [camera.py:94]  Rejected — InsightFace found no face.
2026-06-22 09:59:37  INFO      [camera.py:250]  Face detected — YOLO conf: 0.848 — quality score: 0.0 — good: False
2026-06-22 09:59:37  DEBUG     [camera.py:264]  Skipped low quality face (score: 0.0)
2026-06-22 09:59:37  DEBUG     [camera.py:94]  Rejected — InsightFace found no face.
2026-06-22 09:59:37  INFO      [camera.py:250]  Face detected — YOLO conf: 0.878 — quality score: 0.0 — good: False
2026-06-22 09:59:37  DEBUG     [camera.py:264]  Skipped low quality face (score: 0.0)
2026-06-22 09:59:37  DEBUG     [camera.py:94]  Rejected — InsightFace found no face.
2026-06-22 09:59:37  INFO      [camera.py:250]  Face detected — YOLO conf: 0.854 — quality score: 0.0 — good: False
2026-06-22 09:59:37  DEBUG     [camera.py:264]  Skipped low quality face (score: 0.0)
2026-06-22 09:59:37  DEBUG     [camera.py:94]  Rejected — InsightFace found no face.
2026-06-22 09:59:37  INFO      [camera.py:250]  Face detected — YOLO conf: 0.872 — quality score: 0.0 — good: False
2026-06-22 09:59:37  DEBUG     [camera.py:264]  Skipped low quality face (score: 0.0)
2026-06-22 09:59:37  DEBUG     [camera.py:94]  Rejected — InsightFace found no face.
2026-06-22 09:59:37  INFO      [camera.py:250]  Face detected — YOLO conf: 0.853 — quality score: 0.0 — good: False
2026-06-22 09:59:37  DEBUG     [camera.py:264]  Skipped low quality face (score: 0.0)
2026-06-22 09:59:37  DEBUG     [camera.py:94]  Rejected — InsightFace found no face.
2026-06-22 09:59:37  INFO      [camera.py:250]  Face detected — YOLO conf: 0.854 — quality score: 0.0 — good: False
2026-06-22 09:59:37  DEBUG     [camera.py:264]  Skipped low quality face (score: 0.0)
2026-06-22 09:59:37  DEBUG     [camera.py:94]  Rejected — InsightFace found no face.
2026-06-22 09:59:37  INFO      [camera.py:250]  Face detected — YOLO conf: 0.860 — quality score: 0.0 — good: False
2026-06-22 09:59:37  DEBUG     [camera.py:264]  Skipped low quality face (score: 0.0)
2026-06-22 09:59:37  DEBUG     [camera.py:94]  Rejected — InsightFace found no face.
2026-06-22 09:59:37  INFO      [camera.py:250]  Face detected — YOLO conf: 0.856 — quality score: 0.0 — good: False
2026-06-22 09:59:37  DEBUG     [camera.py:264]  Skipped low quality face (score: 0.0)
2026-06-22 09:59:37  DEBUG     [camera.py:94]  Rejected — InsightFace found no face.
2026-06-22 09:59:37  INFO      [camera.py:250]  Face detected — YOLO conf: 0.848 — quality score: 0.0 — good: False
2026-06-22 09:59:37  DEBUG     [camera.py:264]  Skipped low quality face (score: 0.0)
2026-06-22 09:59:38  DEBUG     [camera.py:94]  Rejected — InsightFace found no face.
2026-06-22 09:59:38  INFO      [camera.py:250]  Face detected — YOLO conf: 0.846 — quality score: 0.0 — good: False
2026-06-22 09:59:38  DEBUG     [camera.py:264]  Skipped low quality face (score: 0.0)
2026-06-22 09:59:38  DEBUG     [camera.py:94]  Rejected — InsightFace found no face.
2026-06-22 09:59:38  INFO      [camera.py:250]  Face detected — YOLO conf: 0.865 — quality score: 0.0 — good: False
2026-06-22 09:59:38  DEBUG     [camera.py:264]  Skipped low quality face (score: 0.0)
2026-06-22 09:59:38  DEBUG     [camera.py:94]  Rejected — InsightFace found no face.
2026-06-22 09:59:38  INFO      [camera.py:250]  Face detected — YOLO conf: 0.864 — quality score: 0.0 — good: False
2026-06-22 09:59:38  DEBUG     [camera.py:264]  Skipped low quality face (score: 0.0)
2026-06-22 09:59:38  DEBUG     [camera.py:94]  Rejected — InsightFace found no face.
2026-06-22 09:59:38  INFO      [camera.py:250]  Face detected — YOLO conf: 0.849 — quality score: 0.0 — good: False
2026-06-22 09:59:38  DEBUG     [camera.py:264]  Skipped low quality face (score: 0.0)
2026-06-22 09:59:38  DEBUG     [camera.py:94]  Rejected — InsightFace found no face.
2026-06-22 09:59:38  INFO      [camera.py:250]  Face detected — YOLO conf: 0.873 — quality score: 0.0 — good: False
2026-06-22 09:59:38  DEBUG     [camera.py:264]  Skipped low quality face (score: 0.0)
2026-06-22 09:59:38  DEBUG     [camera.py:94]  Rejected — InsightFace found no face.
2026-06-22 09:59:38  INFO      [camera.py:250]  Face detected — YOLO conf: 0.881 — quality score: 0.0 — good: False
2026-06-22 09:59:38  DEBUG     [camera.py:264]  Skipped low quality face (score: 0.0)
2026-06-22 09:59:38  DEBUG     [camera.py:94]  Rejected — InsightFace found no face.
2026-06-22 09:59:38  INFO      [camera.py:250]  Face detected — YOLO conf: 0.874 — quality score: 0.0 — good: False
2026-06-22 09:59:38  DEBUG     [camera.py:264]  Skipped low quality face (score: 0.0)
2026-06-22 09:59:38  DEBUG     [camera.py:94]  Rejected — InsightFace found no face.
2026-06-22 09:59:38  INFO      [camera.py:250]  Face detected — YOLO conf: 0.867 — quality score: 0.0 — good: False
2026-06-22 09:59:38  DEBUG     [camera.py:264]  Skipped low quality face (score: 0.0)
2026-06-22 09:59:38  DEBUG     [camera.py:94]  Rejected — InsightFace found no face.
2026-06-22 09:59:38  INFO      [camera.py:250]  Face detected — YOLO conf: 0.884 — quality score: 0.0 — good: False
2026-06-22 09:59:38  DEBUG     [camera.py:264]  Skipped low quality face (score: 0.0)
2026-06-22 09:59:38  DEBUG     [camera.py:94]  Rejected — InsightFace found no face.
2026-06-22 09:59:38  INFO      [camera.py:250]  Face detected — YOLO conf: 0.879 — quality score: 0.0 — good: False
2026-06-22 09:59:38  DEBUG     [camera.py:264]  Skipped low quality face (score: 0.0)
2026-06-22 09:59:39  DEBUG     [camera.py:94]  Rejected — InsightFace found no face.
2026-06-22 09:59:39  INFO      [camera.py:250]  Face detected — YOLO conf: 0.884 — quality score: 0.0 — good: False
2026-06-22 09:59:39  DEBUG     [camera.py:264]  Skipped low quality face (score: 0.0)
2026-06-22 09:59:39  DEBUG     [camera.py:94]  Rejected — InsightFace found no face.
2026-06-22 09:59:39  INFO      [camera.py:250]  Face detected — YOLO conf: 0.873 — quality score: 0.0 — good: False
2026-06-22 09:59:39  DEBUG     [camera.py:264]  Skipped low quality face (score: 0.0)
2026-06-22 09:59:39  DEBUG     [camera.py:94]  Rejected — InsightFace found no face.
2026-06-22 09:59:39  INFO      [camera.py:250]  Face detected — YOLO conf: 0.873 — quality score: 0.0 — good: False
2026-06-22 09:59:39  DEBUG     [camera.py:264]  Skipped low quality face (score: 0.0)
2026-06-22 09:59:39  DEBUG     [camera.py:94]  Rejected — InsightFace found no face.
2026-06-22 09:59:39  INFO      [camera.py:250]  Face detected — YOLO conf: 0.877 — quality score: 0.0 — good: False
2026-06-22 09:59:39  DEBUG     [camera.py:264]  Skipped low quality face (score: 0.0)
2026-06-22 09:59:39  DEBUG     [camera.py:94]  Rejected — InsightFace found no face.
2026-06-22 09:59:39  INFO      [camera.py:250]  Face detected — YOLO conf: 0.876 — quality score: 0.0 — good: False
2026-06-22 09:59:39  DEBUG     [camera.py:264]  Skipped low quality face (score: 0.0)
2026-06-22 09:59:39  DEBUG     [camera.py:94]  Rejected — InsightFace found no face.
2026-06-22 09:59:39  INFO      [camera.py:250]  Face detected — YOLO conf: 0.882 — quality score: 0.0 — good: False
2026-06-22 09:59:39  DEBUG     [camera.py:264]  Skipped low quality face (score: 0.0)
2026-06-22 09:59:39  DEBUG     [camera.py:94]  Rejected — InsightFace found no face.
2026-06-22 09:59:39  INFO      [camera.py:250]  Face detected — YOLO conf: 0.873 — quality score: 0.0 — good: False
2026-06-22 09:59:39  DEBUG     [camera.py:264]  Skipped low quality face (score: 0.0)
2026-06-22 09:59:39  DEBUG     [camera.py:94]  Rejected — InsightFace found no face.
2026-06-22 09:59:39  INFO      [camera.py:250]  Face detected — YOLO conf: 0.875 — quality score: 0.0 — good: False
2026-06-22 09:59:39  DEBUG     [camera.py:264]  Skipped low quality face (score: 0.0)
2026-06-22 09:59:39  DEBUG     [camera.py:94]  Rejected — InsightFace found no face.
2026-06-22 09:59:39  INFO      [camera.py:250]  Face detected — YOLO conf: 0.868 — quality score: 0.0 — good: False
2026-06-22 09:59:39  DEBUG     [camera.py:264]  Skipped low quality face (score: 0.0)
2026-06-22 09:59:40  DEBUG     [camera.py:94]  Rejected — InsightFace found no face.
2026-06-22 09:59:40  INFO      [camera.py:250]  Face detected — YOLO conf: 0.886 — quality score: 0.0 — good: False
2026-06-22 09:59:40  DEBUG     [camera.py:264]  Skipped low quality face (score: 0.0)
2026-06-22 09:59:40  DEBUG     [camera.py:94]  Rejected — InsightFace found no face.
2026-06-22 09:59:40  INFO      [camera.py:250]  Face detected — YOLO conf: 0.846 — quality score: 0.0 — good: False
2026-06-22 09:59:40  DEBUG     [camera.py:264]  Skipped low quality face (score: 0.0)
2026-06-22 09:59:40  DEBUG     [camera.py:94]  Rejected — InsightFace found no face.
2026-06-22 09:59:40  INFO      [camera.py:250]  Face detected — YOLO conf: 0.861 — quality score: 0.0 — good: False
2026-06-22 09:59:40  DEBUG     [camera.py:264]  Skipped low quality face (score: 0.0)
2026-06-22 09:59:40  DEBUG     [camera.py:94]  Rejected — InsightFace found no face.
2026-06-22 09:59:40  INFO      [camera.py:250]  Face detected — YOLO conf: 0.839 — quality score: 0.0 — good: False
2026-06-22 09:59:40  DEBUG     [camera.py:264]  Skipped low quality face (score: 0.0)
2026-06-22 09:59:40  DEBUG     [camera.py:94]  Rejected — InsightFace found no face.
2026-06-22 09:59:40  INFO      [camera.py:250]  Face detected — YOLO conf: 0.808 — quality score: 0.0 — good: False
2026-06-22 09:59:40  DEBUG     [camera.py:264]  Skipped low quality face (score: 0.0)
2026-06-22 09:59:40  DEBUG     [camera.py:94]  Rejected — InsightFace found no face.
2026-06-22 09:59:40  INFO      [camera.py:250]  Face detected — YOLO conf: 0.833 — quality score: 0.0 — good: False
2026-06-22 09:59:40  DEBUG     [camera.py:264]  Skipped low quality face (score: 0.0)
2026-06-22 09:59:40  DEBUG     [camera.py:94]  Rejected — InsightFace found no face.
2026-06-22 09:59:40  INFO      [camera.py:250]  Face detected — YOLO conf: 0.833 — quality score: 0.0 — good: False
2026-06-22 09:59:40  DEBUG     [camera.py:264]  Skipped low quality face (score: 0.0)
2026-06-22 09:59:40  DEBUG     [camera.py:94]  Rejected — InsightFace found no face.
2026-06-22 09:59:40  INFO      [camera.py:250]  Face detected — YOLO conf: 0.826 — quality score: 0.0 — good: False
2026-06-22 09:59:40  DEBUG     [camera.py:264]  Skipped low quality face (score: 0.0)
2026-06-22 09:59:40  DEBUG     [camera.py:94]  Rejected — InsightFace found no face.
2026-06-22 09:59:40  INFO      [camera.py:250]  Face detected — YOLO conf: 0.851 — quality score: 0.0 — good: False
2026-06-22 09:59:40  DEBUG     [camera.py:264]  Skipped low quality face (score: 0.0)
2026-06-22 09:59:41  DEBUG     [camera.py:94]  Rejected — InsightFace found no face.
2026-06-22 09:59:41  INFO      [camera.py:250]  Face detected — YOLO conf: 0.833 — quality score: 0.0 — good: False
2026-06-22 09:59:41  DEBUG     [camera.py:264]  Skipped low quality face (score: 0.0)
2026-06-22 09:59:41  DEBUG     [camera.py:94]  Rejected — InsightFace found no face.
2026-06-22 09:59:41  INFO      [camera.py:250]  Face detected — YOLO conf: 0.861 — quality score: 0.0 — good: False
2026-06-22 09:59:41  DEBUG     [camera.py:264]  Skipped low quality face (score: 0.0)
2026-06-22 09:59:41  DEBUG     [camera.py:94]  Rejected — InsightFace found no face.
2026-06-22 09:59:41  INFO      [camera.py:250]  Face detected — YOLO conf: 0.845 — quality score: 0.0 — good: False
2026-06-22 09:59:41  DEBUG     [camera.py:264]  Skipped low quality face (score: 0.0)
2026-06-22 09:59:41  DEBUG     [camera.py:94]  Rejected — InsightFace found no face.
2026-06-22 09:59:41  INFO      [camera.py:250]  Face detected — YOLO conf: 0.835 — quality score: 0.0 — good: False
2026-06-22 09:59:41  DEBUG     [camera.py:264]  Skipped low quality face (score: 0.0)
2026-06-22 09:59:41  DEBUG     [camera.py:94]  Rejected — InsightFace found no face.
2026-06-22 09:59:41  INFO      [camera.py:250]  Face detected — YOLO conf: 0.832 — quality score: 0.0 — good: False
2026-06-22 09:59:41  DEBUG     [camera.py:264]  Skipped low quality face (score: 0.0)
2026-06-22 09:59:41  DEBUG     [camera.py:94]  Rejected — InsightFace found no face.
2026-06-22 09:59:41  INFO      [camera.py:250]  Face detected — YOLO conf: 0.802 — quality score: 0.0 — good: False
2026-06-22 09:59:41  DEBUG     [camera.py:264]  Skipped low quality face (score: 0.0)
2026-06-22 09:59:41  DEBUG     [camera.py:94]  Rejected — InsightFace found no face.
2026-06-22 09:59:41  INFO      [camera.py:250]  Face detected — YOLO conf: 0.848 — quality score: 0.0 — good: False
2026-06-22 09:59:41  DEBUG     [camera.py:264]  Skipped low quality face (score: 0.0)
2026-06-22 09:59:41  DEBUG     [camera.py:94]  Rejected — InsightFace found no face.
2026-06-22 09:59:41  INFO      [camera.py:250]  Face detected — YOLO conf: 0.830 — quality score: 0.0 — good: False
2026-06-22 09:59:41  DEBUG     [camera.py:264]  Skipped low quality face (score: 0.0)
2026-06-22 09:59:41  DEBUG     [camera.py:94]  Rejected — InsightFace found no face.
2026-06-22 09:59:41  INFO      [camera.py:250]  Face detected — YOLO conf: 0.873 — quality score: 0.0 — good: False
2026-06-22 09:59:41  DEBUG     [camera.py:264]  Skipped low quality face (score: 0.0)
2026-06-22 09:59:42  DEBUG     [camera.py:94]  Rejected — InsightFace found no face.
2026-06-22 09:59:42  INFO      [camera.py:250]  Face detected — YOLO conf: 0.805 — quality score: 0.0 — good: False
2026-06-22 09:59:42  DEBUG     [camera.py:264]  Skipped low quality face (score: 0.0)
2026-06-22 09:59:42  DEBUG     [camera.py:94]  Rejected — InsightFace found no face.
2026-06-22 09:59:42  INFO      [camera.py:250]  Face detected — YOLO conf: 0.823 — quality score: 0.0 — good: False
2026-06-22 09:59:42  DEBUG     [camera.py:264]  Skipped low quality face (score: 0.0)
2026-06-22 09:59:42  DEBUG     [camera.py:94]  Rejected — InsightFace found no face.
2026-06-22 09:59:42  INFO      [camera.py:250]  Face detected — YOLO conf: 0.836 — quality score: 0.0 — good: False
2026-06-22 09:59:42  DEBUG     [camera.py:264]  Skipped low quality face (score: 0.0)
2026-06-22 09:59:42  DEBUG     [camera.py:94]  Rejected — InsightFace found no face.
2026-06-22 09:59:42  INFO      [camera.py:250]  Face detected — YOLO conf: 0.833 — quality score: 0.0 — good: False
2026-06-22 09:59:42  DEBUG     [camera.py:264]  Skipped low quality face (score: 0.0)
2026-06-22 09:59:42  DEBUG     [camera.py:94]  Rejected — InsightFace found no face.
2026-06-22 09:59:42  INFO      [camera.py:250]  Face detected — YOLO conf: 0.802 — quality score: 0.0 — good: False
2026-06-22 09:59:42  DEBUG     [camera.py:264]  Skipped low quality face (score: 0.0)
2026-06-22 09:59:42  INFO      [main.py:52]  Checking calendars at 09:59:42
2026-06-22 09:59:42  DEBUG     [client.py:31]  GET https://192.168.1.249:5004/scl/get-all-calender
2026-06-22 09:59:42  INFO      [calendar_service.py:44]  Fetched 2 valid session(s).
2026-06-22 09:59:42  INFO      [main.py:84]  Calendar 2108 already started — skipping.
2026-06-22 09:59:42  INFO      [main.py:84]  Calendar 2108 already started — skipping.
2026-06-22 09:59:42  INFO      [main.py:176]  Calendar 2108 still running (10m 17s remaining).
2026-06-22 09:59:42  INFO      [main.py:188]  Active calendars: [2108]
2026-06-22 09:59:42  DEBUG     [camera.py:94]  Rejected — InsightFace found no face.
2026-06-22 09:59:42  INFO      [camera.py:250]  Face detected — YOLO conf: 0.832 — quality score: 0.0 — good: False
2026-06-22 09:59:42  DEBUG     [camera.py:264]  Skipped low quality face (score: 0.0)
2026-06-22 09:59:42  DEBUG     [camera.py:94]  Rejected — InsightFace found no face.
2026-06-22 09:59:42  INFO      [camera.py:250]  Face detected — YOLO conf: 0.839 — quality score: 0.0 — good: False
2026-06-22 09:59:42  DEBUG     [camera.py:264]  Skipped low quality face (score: 0.0)
2026-06-22 09:59:42  DEBUG     [camera.py:94]  Rejected — InsightFace found no face.
2026-06-22 09:59:42  INFO      [camera.py:250]  Face detected — YOLO conf: 0.843 — quality score: 0.0 — good: False
2026-06-22 09:59:42  DEBUG     [camera.py:264]  Skipped low quality face (score: 0.0)
2026-06-22 09:59:43  DEBUG     [camera.py:94]  Rejected — InsightFace found no face.
2026-06-22 09:59:43  INFO      [camera.py:250]  Face detected — YOLO conf: 0.834 — quality score: 0.0 — good: False
2026-06-22 09:59:43  DEBUG     [camera.py:264]  Skipped low quality face (score: 0.0)
2026-06-22 09:59:43  DEBUG     [camera.py:94]  Rejected — InsightFace found no face.
2026-06-22 09:59:43  INFO      [camera.py:250]  Face detected — YOLO conf: 0.836 — quality score: 0.0 — good: False
2026-06-22 09:59:43  DEBUG     [camera.py:264]  Skipped low quality face (score: 0.0)
2026-06-22 09:59:43  DEBUG     [camera.py:94]  Rejected — InsightFace found no face.
2026-06-22 09:59:43  INFO      [camera.py:250]  Face detected — YOLO conf: 0.834 — quality score: 0.0 — good: False
2026-06-22 09:59:43  DEBUG     [camera.py:264]  Skipped low quality face (score: 0.0)
2026-06-22 09:59:43  DEBUG     [camera.py:94]  Rejected — InsightFace found no face.
2026-06-22 09:59:43  INFO      [camera.py:250]  Face detected — YOLO conf: 0.829 — quality score: 0.0 — good: False
2026-06-22 09:59:43  DEBUG     [camera.py:264]  Skipped low quality face (score: 0.0)
2026-06-22 09:59:43  DEBUG     [camera.py:94]  Rejected — InsightFace found no face.
2026-06-22 09:59:43  INFO      [camera.py:250]  Face detected — YOLO conf: 0.847 — quality score: 0.0 — good: False
2026-06-22 09:59:43  DEBUG     [camera.py:264]  Skipped low quality face (score: 0.0)
2026-06-22 09:59:43  DEBUG     [camera.py:94]  Rejected — InsightFace found no face.
2026-06-22 09:59:43  INFO      [camera.py:250]  Face detected — YOLO conf: 0.839 — quality score: 0.0 — good: False
2026-06-22 09:59:43  DEBUG     [camera.py:264]  Skipped low quality face (score: 0.0)
2026-06-22 09:59:43  DEBUG     [camera.py:94]  Rejected — InsightFace found no face.
2026-06-22 09:59:43  INFO      [camera.py:250]  Face detected — YOLO conf: 0.836 — quality score: 0.0 — good: False
2026-06-22 09:59:43  DEBUG     [camera.py:264]  Skipped low quality face (score: 0.0)
2026-06-22 09:59:43  DEBUG     [camera.py:94]  Rejected — InsightFace found no face.
2026-06-22 09:59:43  INFO      [camera.py:250]  Face detected — YOLO conf: 0.823 — quality score: 0.0 — good: False
2026-06-22 09:59:43  DEBUG     [camera.py:264]  Skipped low quality face (score: 0.0)
2026-06-22 09:59:43  DEBUG     [camera.py:94]  Rejected — InsightFace found no face.
2026-06-22 09:59:43  INFO      [camera.py:250]  Face detected — YOLO conf: 0.801 — quality score: 0.0 — good: False
2026-06-22 09:59:43  DEBUG     [camera.py:264]  Skipped low quality face (score: 0.0)
2026-06-22 09:59:43  DEBUG     [camera.py:94]  Rejected — InsightFace found no face.
2026-06-22 09:59:43  INFO      [camera.py:250]  Face detected — YOLO conf: 0.826 — quality score: 0.0 — good: False
2026-06-22 09:59:43  DEBUG     [camera.py:264]  Skipped low quality face (score: 0.0)
2026-06-22 09:59:44  DEBUG     [camera.py:94]  Rejected — InsightFace found no face.
2026-06-22 09:59:44  INFO      [camera.py:250]  Face detected — YOLO conf: 0.833 — quality score: 0.0 — good: False
2026-06-22 09:59:44  DEBUG     [camera.py:264]  Skipped low quality face (score: 0.0)
2026-06-22 09:59:44  DEBUG     [camera.py:94]  Rejected — InsightFace found no face.
2026-06-22 09:59:44  INFO      [camera.py:250]  Face detected — YOLO conf: 0.796 — quality score: 0.0 — good: False
2026-06-22 09:59:44  DEBUG     [camera.py:264]  Skipped low quality face (score: 0.0)
2026-06-22 09:59:44  DEBUG     [camera.py:94]  Rejected — InsightFace found no face.
2026-06-22 09:59:44  INFO      [camera.py:250]  Face detected — YOLO conf: 0.816 — quality score: 0.0 — good: False
2026-06-22 09:59:44  DEBUG     [camera.py:264]  Skipped low quality face (score: 0.0)
2026-06-22 09:59:44  DEBUG     [camera.py:94]  Rejected — InsightFace found no face.
2026-06-22 09:59:44  INFO      [camera.py:250]  Face detected — YOLO conf: 0.847 — quality score: 0.0 — good: False
2026-06-22 09:59:44  DEBUG     [camera.py:264]  Skipped low quality face (score: 0.0)
2026-06-22 09:59:44  DEBUG     [camera.py:94]  Rejected — InsightFace found no face.
2026-06-22 09:59:44  INFO      [camera.py:250]  Face detected — YOLO conf: 0.845 — quality score: 0.0 — good: False
2026-06-22 09:59:44  DEBUG     [camera.py:264]  Skipped low quality face (score: 0.0)
2026-06-22 09:59:44  DEBUG     [camera.py:94]  Rejected — InsightFace found no face.
2026-06-22 09:59:44  INFO      [camera.py:250]  Face detected — YOLO conf: 0.837 — quality score: 0.0 — good: False
2026-06-22 09:59:44  DEBUG     [camera.py:264]  Skipped low quality face (score: 0.0)
2026-06-22 09:59:44  DEBUG     [camera.py:94]  Rejected — InsightFace found no face.
2026-06-22 09:59:44  INFO      [camera.py:250]  Face detected — YOLO conf: 0.838 — quality score: 0.0 — good: False
2026-06-22 09:59:44  DEBUG     [camera.py:264]  Skipped low quality face (score: 0.0)
2026-06-22 09:59:44  DEBUG     [camera.py:94]  Rejected — InsightFace found no face.
2026-06-22 09:59:44  INFO      [camera.py:250]  Face detected — YOLO conf: 0.846 — quality score: 0.0 — good: False
2026-06-22 09:59:44  DEBUG     [camera.py:264]  Skipped low quality face (score: 0.0)
2026-06-22 09:59:44  DEBUG     [camera.py:94]  Rejected — InsightFace found no face.
2026-06-22 09:59:44  INFO      [camera.py:250]  Face detected — YOLO conf: 0.826 — quality score: 0.0 — good: False
2026-06-22 09:59:44  DEBUG     [camera.py:264]  Skipped low quality face (score: 0.0)
2026-06-22 09:59:44  DEBUG     [camera.py:94]  Rejected — InsightFace found no face.
2026-06-22 09:59:44  INFO      [camera.py:250]  Face detected — YOLO conf: 0.848 — quality score: 0.0 — good: False
2026-06-22 09:59:44  DEBUG     [camera.py:264]  Skipped low quality face (score: 0.0)
2026-06-22 09:59:45  DEBUG     [camera.py:94]  Rejected — InsightFace found no face.
2026-06-22 09:59:45  INFO      [camera.py:250]  Face detected — YOLO conf: 0.860 — quality score: 0.0 — good: False
2026-06-22 09:59:45  DEBUG     [camera.py:264]  Skipped low quality face (score: 0.0)
2026-06-22 09:59:45  DEBUG     [camera.py:94]  Rejected — InsightFace found no face.
2026-06-22 09:59:45  INFO      [camera.py:250]  Face detected — YOLO conf: 0.809 — quality score: 0.0 — good: False
2026-06-22 09:59:45  DEBUG     [camera.py:264]  Skipped low quality face (score: 0.0)
2026-06-22 09:59:45  DEBUG     [camera.py:94]  Rejected — InsightFace found no face.
2026-06-22 09:59:45  INFO      [camera.py:250]  Face detected — YOLO conf: 0.770 — quality score: 0.0 — good: False
2026-06-22 09:59:45  DEBUG     [camera.py:264]  Skipped low quality face (score: 0.0)
2026-06-22 09:59:45  DEBUG     [camera.py:94]  Rejected — InsightFace found no face.
2026-06-22 09:59:45  INFO      [camera.py:250]  Face detected — YOLO conf: 0.764 — quality score: 0.0 — good: False
2026-06-22 09:59:45  DEBUG     [camera.py:264]  Skipped low quality face (score: 0.0)
2026-06-22 09:59:45  DEBUG     [camera.py:94]  Rejected — InsightFace found no face.
2026-06-22 09:59:45  INFO      [camera.py:250]  Face detected — YOLO conf: 0.787 — quality score: 0.0 — good: False
2026-06-22 09:59:45  DEBUG     [camera.py:264]  Skipped low quality face (score: 0.0)
2026-06-22 09:59:45  DEBUG     [camera.py:94]  Rejected — InsightFace found no face.
2026-06-22 09:59:45  INFO      [camera.py:250]  Face detected — YOLO conf: 0.793 — quality score: 0.0 — good: False
2026-06-22 09:59:45  DEBUG     [camera.py:264]  Skipped low quality face (score: 0.0)
2026-06-22 09:59:45  DEBUG     [camera.py:94]  Rejected — InsightFace found no face.
2026-06-22 09:59:45  INFO      [camera.py:250]  Face detected — YOLO conf: 0.719 — quality score: 0.0 — good: False
2026-06-22 09:59:45  DEBUG     [camera.py:264]  Skipped low quality face (score: 0.0)
2026-06-22 09:59:45  DEBUG     [camera.py:94]  Rejected — InsightFace found no face.
2026-06-22 09:59:45  INFO      [camera.py:250]  Face detected — YOLO conf: 0.745 — quality score: 0.0 — good: False
2026-06-22 09:59:45  DEBUG     [camera.py:264]  Skipped low quality face (score: 0.0)
2026-06-22 09:59:45  DEBUG     [camera.py:94]  Rejected — InsightFace found no face.
2026-06-22 09:59:45  INFO      [camera.py:250]  Face detected — YOLO conf: 0.773 — quality score: 0.0 — good: False
2026-06-22 09:59:45  DEBUG     [camera.py:264]  Skipped low quality face (score: 0.0)
2026-06-22 09:59:46  DEBUG     [camera.py:94]  Rejected — InsightFace found no face.
2026-06-22 09:59:46  INFO      [camera.py:250]  Face detected — YOLO conf: 0.810 — quality score: 0.0 — good: False
2026-06-22 09:59:46  DEBUG     [camera.py:264]  Skipped low quality face (score: 0.0)
2026-06-22 09:59:46  DEBUG     [camera.py:94]  Rejected — InsightFace found no face.
2026-06-22 09:59:46  INFO      [camera.py:250]  Face detected — YOLO conf: 0.773 — quality score: 0.0 — good: False
2026-06-22 09:59:46  DEBUG     [camera.py:264]  Skipped low quality face (score: 0.0)
2026-06-22 09:59:46  DEBUG     [camera.py:94]  Rejected — InsightFace found no face.
2026-06-22 09:59:46  INFO      [camera.py:250]  Face detected — YOLO conf: 0.789 — quality score: 0.0 — good: False
2026-06-22 09:59:46  DEBUG     [camera.py:264]  Skipped low quality face (score: 0.0)
2026-06-22 09:59:46  DEBUG     [camera.py:94]  Rejected — InsightFace found no face.
2026-06-22 09:59:46  INFO      [camera.py:250]  Face detected — YOLO conf: 0.774 — quality score: 0.0 — good: False
2026-06-22 09:59:46  DEBUG     [camera.py:264]  Skipped low quality face (score: 0.0)
2026-06-22 09:59:46  DEBUG     [camera.py:94]  Rejected — InsightFace found no face.
2026-06-22 09:59:46  INFO      [camera.py:250]  Face detected — YOLO conf: 0.769 — quality score: 0.0 — good: False
2026-06-22 09:59:46  DEBUG     [camera.py:264]  Skipped low quality face (score: 0.0)
2026-06-22 09:59:46  DEBUG     [camera.py:94]  Rejected — InsightFace found no face.
2026-06-22 09:59:46  INFO      [camera.py:250]  Face detected — YOLO conf: 0.806 — quality score: 0.0 — good: False
2026-06-22 09:59:46  DEBUG     [camera.py:264]  Skipped low quality face (score: 0.0)
2026-06-22 09:59:46  DEBUG     [camera.py:94]  Rejected — InsightFace found no face.
2026-06-22 09:59:46  INFO      [camera.py:250]  Face detected — YOLO conf: 0.769 — quality score: 0.0 — good: False
2026-06-22 09:59:46  DEBUG     [camera.py:264]  Skipped low quality face (score: 0.0)
2026-06-22 09:59:46  DEBUG     [camera.py:94]  Rejected — InsightFace found no face.
2026-06-22 09:59:46  INFO      [camera.py:250]  Face detected — YOLO conf: 0.788 — quality score: 0.0 — good: False
2026-06-22 09:59:46  DEBUG     [camera.py:264]  Skipped low quality face (score: 0.0)
2026-06-22 09:59:46  DEBUG     [camera.py:94]  Rejected — InsightFace found no face.
2026-06-22 09:59:46  INFO      [camera.py:250]  Face detected — YOLO conf: 0.783 — quality score: 0.0 — good: False
2026-06-22 09:59:46  DEBUG     [camera.py:264]  Skipped low quality face (score: 0.0)
2026-06-22 09:59:46  DEBUG     [camera.py:94]  Rejected — InsightFace found no face.
2026-06-22 09:59:46  INFO      [camera.py:250]  Face detected — YOLO conf: 0.793 — quality score: 0.0 — good: False
2026-06-22 09:59:46  DEBUG     [camera.py:264]  Skipped low quality face (score: 0.0)
2026-06-22 09:59:47  DEBUG     [camera.py:94]  Rejected — InsightFace found no face.
2026-06-22 09:59:47  INFO      [camera.py:250]  Face detected — YOLO conf: 0.773 — quality score: 0.0 — good: False
2026-06-22 09:59:47  DEBUG     [camera.py:264]  Skipped low quality face (score: 0.0)
2026-06-22 09:59:47  DEBUG     [camera.py:94]  Rejected — InsightFace found no face.
2026-06-22 09:59:47  INFO      [camera.py:250]  Face detected — YOLO conf: 0.790 — quality score: 0.0 — good: False
2026-06-22 09:59:47  DEBUG     [camera.py:264]  Skipped low quality face (score: 0.0)
2026-06-22 09:59:47  DEBUG     [camera.py:94]  Rejected — InsightFace found no face.
2026-06-22 09:59:47  INFO      [camera.py:250]  Face detected — YOLO conf: 0.797 — quality score: 0.0 — good: False
2026-06-22 09:59:47  DEBUG     [camera.py:264]  Skipped low quality face (score: 0.0)
2026-06-22 09:59:47  DEBUG     [camera.py:94]  Rejected — InsightFace found no face.
2026-06-22 09:59:47  INFO      [camera.py:250]  Face detected — YOLO conf: 0.784 — quality score: 0.0 — good: False
2026-06-22 09:59:47  DEBUG     [camera.py:264]  Skipped low quality face (score: 0.0)
2026-06-22 09:59:47  DEBUG     [camera.py:94]  Rejected — InsightFace found no face.
2026-06-22 09:59:47  INFO      [camera.py:250]  Face detected — YOLO conf: 0.792 — quality score: 0.0 — good: False
2026-06-22 09:59:47  DEBUG     [camera.py:264]  Skipped low quality face (score: 0.0)
2026-06-22 09:59:47  DEBUG     [camera.py:94]  Rejected — InsightFace found no face.
2026-06-22 09:59:47  INFO      [camera.py:250]  Face detected — YOLO conf: 0.824 — quality score: 0.0 — good: False
2026-06-22 09:59:47  DEBUG     [camera.py:264]  Skipped low quality face (score: 0.0)
2026-06-22 09:59:47  DEBUG     [camera.py:94]  Rejected — InsightFace found no face.
2026-06-22 09:59:47  INFO      [camera.py:250]  Face detected — YOLO conf: 0.829 — quality score: 0.0 — good: False
2026-06-22 09:59:47  DEBUG     [camera.py:264]  Skipped low quality face (score: 0.0)
2026-06-22 09:59:47  DEBUG     [camera.py:94]  Rejected — InsightFace found no face.
2026-06-22 09:59:47  INFO      [camera.py:250]  Face detected — YOLO conf: 0.848 — quality score: 0.0 — good: False
2026-06-22 09:59:47  DEBUG     [camera.py:264]  Skipped low quality face (score: 0.0)
2026-06-22 09:59:47  DEBUG     [camera.py:94]  Rejected — InsightFace found no face.
2026-06-22 09:59:47  INFO      [camera.py:250]  Face detected — YOLO conf: 0.855 — quality score: 0.0 — good: False
2026-06-22 09:59:47  DEBUG     [camera.py:264]  Skipped low quality face (score: 0.0)
2026-06-22 09:59:47  DEBUG     [camera.py:94]  Rejected — InsightFace found no face.
2026-06-22 09:59:47  INFO      [camera.py:250]  Face detected — YOLO conf: 0.847 — quality score: 0.0 — good: False
2026-06-22 09:59:47  DEBUG     [camera.py:264]  Skipped low quality face (score: 0.0)
2026-06-22 09:59:48  DEBUG     [camera.py:94]  Rejected — InsightFace found no face.
2026-06-22 09:59:48  INFO      [camera.py:250]  Face detected — YOLO conf: 0.823 — quality score: 0.0 — good: False
2026-06-22 09:59:48  DEBUG     [camera.py:264]  Skipped low quality face (score: 0.0)
2026-06-22 09:59:48  DEBUG     [camera.py:94]  Rejected — InsightFace found no face.
2026-06-22 09:59:48  INFO      [camera.py:250]  Face detected — YOLO conf: 0.810 — quality score: 0.0 — good: False
2026-06-22 09:59:48  DEBUG     [camera.py:264]  Skipped low quality face (score: 0.0)
2026-06-22 09:59:48  DEBUG     [camera.py:94]  Rejected — InsightFace found no face.
2026-06-22 09:59:48  INFO      [camera.py:250]  Face detected — YOLO conf: 0.822 — quality score: 0.0 — good: False
2026-06-22 09:59:48  DEBUG     [camera.py:264]  Skipped low quality face (score: 0.0)
2026-06-22 09:59:48  DEBUG     [camera.py:94]  Rejected — InsightFace found no face.
2026-06-22 09:59:48  INFO      [camera.py:250]  Face detected — YOLO conf: 0.869 — quality score: 0.0 — good: False
2026-06-22 09:59:48  DEBUG     [camera.py:264]  Skipped low quality face (score: 0.0)
2026-06-22 09:59:48  DEBUG     [camera.py:94]  Rejected — InsightFace found no face.
2026-06-22 09:59:48  INFO      [camera.py:250]  Face detected — YOLO conf: 0.814 — quality score: 0.0 — good: False
2026-06-22 09:59:48  DEBUG     [camera.py:264]  Skipped low quality face (score: 0.0)
2026-06-22 09:59:48  DEBUG     [camera.py:94]  Rejected — InsightFace found no face.
2026-06-22 09:59:48  INFO      [camera.py:250]  Face detected — YOLO conf: 0.816 — quality score: 0.0 — good: False
2026-06-22 09:59:48  DEBUG     [camera.py:264]  Skipped low quality face (score: 0.0)
2026-06-22 09:59:48  DEBUG     [camera.py:94]  Rejected — InsightFace found no face.
2026-06-22 09:59:48  INFO      [camera.py:250]  Face detected — YOLO conf: 0.822 — quality score: 0.0 — good: False
2026-06-22 09:59:48  DEBUG     [camera.py:264]  Skipped low quality face (score: 0.0)
2026-06-22 09:59:48  DEBUG     [camera.py:94]  Rejected — InsightFace found no face.
2026-06-22 09:59:48  INFO      [camera.py:250]  Face detected — YOLO conf: 0.806 — quality score: 0.0 — good: False
2026-06-22 09:59:48  DEBUG     [camera.py:264]  Skipped low quality face (score: 0.0)
2026-06-22 09:59:48  DEBUG     [camera.py:94]  Rejected — InsightFace found no face.
2026-06-22 09:59:48  INFO      [camera.py:250]  Face detected — YOLO conf: 0.830 — quality score: 0.0 — good: False
2026-06-22 09:59:48  DEBUG     [camera.py:264]  Skipped low quality face (score: 0.0)
2026-06-22 09:59:49  DEBUG     [camera.py:94]  Rejected — InsightFace found no face.
2026-06-22 09:59:49  INFO      [camera.py:250]  Face detected — YOLO conf: 0.832 — quality score: 0.0 — good: False
2026-06-22 09:59:49  DEBUG     [camera.py:264]  Skipped low quality face (score: 0.0)
2026-06-22 09:59:49  DEBUG     [camera.py:94]  Rejected — InsightFace found no face.
2026-06-22 09:59:49  INFO      [camera.py:250]  Face detected — YOLO conf: 0.831 — quality score: 0.0 — good: False
2026-06-22 09:59:49  DEBUG     [camera.py:264]  Skipped low quality face (score: 0.0)
2026-06-22 09:59:49  DEBUG     [camera.py:94]  Rejected — InsightFace found no face.
2026-06-22 09:59:49  INFO      [camera.py:250]  Face detected — YOLO conf: 0.835 — quality score: 0.0 — good: False
2026-06-22 09:59:49  DEBUG     [camera.py:264]  Skipped low quality face (score: 0.0)
2026-06-22 09:59:49  DEBUG     [camera.py:94]  Rejected — InsightFace found no face.
2026-06-22 09:59:49  INFO      [camera.py:250]  Face detected — YOLO conf: 0.833 — quality score: 0.0 — good: False
2026-06-22 09:59:49  DEBUG     [camera.py:264]  Skipped low quality face (score: 0.0)
2026-06-22 09:59:49  DEBUG     [camera.py:94]  Rejected — InsightFace found no face.
2026-06-22 09:59:49  INFO      [camera.py:250]  Face detected — YOLO conf: 0.841 — quality score: 0.0 — good: False
2026-06-22 09:59:49  DEBUG     [camera.py:264]  Skipped low quality face (score: 0.0)
2026-06-22 09:59:49  DEBUG     [camera.py:94]  Rejected — InsightFace found no face.
2026-06-22 09:59:49  INFO      [camera.py:250]  Face detected — YOLO conf: 0.831 — quality score: 0.0 — good: False
2026-06-22 09:59:49  DEBUG     [camera.py:264]  Skipped low quality face (score: 0.0)
2026-06-22 09:59:49  DEBUG     [camera.py:94]  Rejected — InsightFace found no face.
2026-06-22 09:59:49  INFO      [camera.py:250]  Face detected — YOLO conf: 0.842 — quality score: 0.0 — good: False
2026-06-22 09:59:49  DEBUG     [camera.py:264]  Skipped low quality face (score: 0.0)
2026-06-22 09:59:49  DEBUG     [camera.py:94]  Rejected — InsightFace found no face.
2026-06-22 09:59:49  INFO      [camera.py:250]  Face detected — YOLO conf: 0.833 — quality score: 0.0 — good: False
2026-06-22 09:59:49  DEBUG     [camera.py:264]  Skipped low quality face (score: 0.0)
2026-06-22 09:59:49  DEBUG     [camera.py:94]  Rejected — InsightFace found no face.
2026-06-22 09:59:49  INFO      [camera.py:250]  Face detected — YOLO conf: 0.833 — quality score: 0.0 — good: False
2026-06-22 09:59:49  DEBUG     [camera.py:264]  Skipped low quality face (score: 0.0)
2026-06-22 09:59:49  DEBUG     [camera.py:94]  Rejected — InsightFace found no face.
2026-06-22 09:59:49  INFO      [camera.py:250]  Face detected — YOLO conf: 0.821 — quality score: 0.0 — good: False
2026-06-22 09:59:49  DEBUG     [camera.py:264]  Skipped low quality face (score: 0.0)
2026-06-22 09:59:50  DEBUG     [camera.py:94]  Rejected — InsightFace found no face.
2026-06-22 09:59:50  INFO      [camera.py:250]  Face detected — YOLO conf: 0.842 — quality score: 0.0 — good: False
2026-06-22 09:59:50  DEBUG     [camera.py:264]  Skipped low quality face (score: 0.0)
2026-06-22 09:59:50  DEBUG     [camera.py:94]  Rejected — InsightFace found no face.
2026-06-22 09:59:50  INFO      [camera.py:250]  Face detected — YOLO conf: 0.834 — quality score: 0.0 — good: False
2026-06-22 09:59:50  DEBUG     [camera.py:264]  Skipped low quality face (score: 0.0)
2026-06-22 09:59:50  DEBUG     [camera.py:94]  Rejected — InsightFace found no face.
2026-06-22 09:59:50  INFO      [camera.py:250]  Face detected — YOLO conf: 0.837 — quality score: 0.0 — good: False
2026-06-22 09:59:50  DEBUG     [camera.py:264]  Skipped low quality face (score: 0.0)
2026-06-22 09:59:50  DEBUG     [camera.py:94]  Rejected — InsightFace found no face.
2026-06-22 09:59:50  INFO      [camera.py:250]  Face detected — YOLO conf: 0.834 — quality score: 0.0 — good: False
2026-06-22 09:59:50  DEBUG     [camera.py:264]  Skipped low quality face (score: 0.0)
2026-06-22 09:59:50  DEBUG     [camera.py:94]  Rejected — InsightFace found no face.
2026-06-22 09:59:50  INFO      [camera.py:250]  Face detected — YOLO conf: 0.830 — quality score: 0.0 — good: False
2026-06-22 09:59:50  DEBUG     [camera.py:264]  Skipped low quality face (score: 0.0)
2026-06-22 09:59:50  DEBUG     [camera.py:94]  Rejected — InsightFace found no face.
2026-06-22 09:59:50  INFO      [camera.py:250]  Face detected — YOLO conf: 0.825 — quality score: 0.0 — good: False
2026-06-22 09:59:50  DEBUG     [camera.py:264]  Skipped low quality face (score: 0.0)
2026-06-22 09:59:50  DEBUG     [camera.py:94]  Rejected — InsightFace found no face.
2026-06-22 09:59:50  INFO      [camera.py:250]  Face detected — YOLO conf: 0.835 — quality score: 0.0 — good: False
2026-06-22 09:59:50  DEBUG     [camera.py:264]  Skipped low quality face (score: 0.0)
2026-06-22 09:59:50  DEBUG     [camera.py:94]  Rejected — InsightFace found no face.
2026-06-22 09:59:50  INFO      [camera.py:250]  Face detected — YOLO conf: 0.841 — quality score: 0.0 — good: False
2026-06-22 09:59:50  DEBUG     [camera.py:264]  Skipped low quality face (score: 0.0)
2026-06-22 09:59:50  DEBUG     [camera.py:94]  Rejected — InsightFace found no face.
2026-06-22 09:59:50  INFO      [camera.py:250]  Face detected — YOLO conf: 0.839 — quality score: 0.0 — good: False
2026-06-22 09:59:50  DEBUG     [camera.py:264]  Skipped low quality face (score: 0.0)
2026-06-22 09:59:51  DEBUG     [camera.py:94]  Rejected — InsightFace found no face.
2026-06-22 09:59:51  INFO      [camera.py:250]  Face detected — YOLO conf: 0.849 — quality score: 0.0 — good: False
2026-06-22 09:59:51  DEBUG     [camera.py:264]  Skipped low quality face (score: 0.0)
2026-06-22 09:59:51  DEBUG     [camera.py:94]  Rejected — InsightFace found no face.
2026-06-22 09:59:51  INFO      [camera.py:250]  Face detected — YOLO conf: 0.852 — quality score: 0.0 — good: False
2026-06-22 09:59:51  DEBUG     [camera.py:264]  Skipped low quality face (score: 0.0)
2026-06-22 09:59:51  DEBUG     [camera.py:94]  Rejected — InsightFace found no face.
2026-06-22 09:59:51  INFO      [camera.py:250]  Face detected — YOLO conf: 0.862 — quality score: 0.0 — good: False
2026-06-22 09:59:51  DEBUG     [camera.py:264]  Skipped low quality face (score: 0.0)
2026-06-22 09:59:51  DEBUG     [camera.py:94]  Rejected — InsightFace found no face.
2026-06-22 09:59:51  INFO      [camera.py:250]  Face detected — YOLO conf: 0.862 — quality score: 0.0 — good: False
2026-06-22 09:59:51  DEBUG     [camera.py:264]  Skipped low quality face (score: 0.0)
2026-06-22 09:59:51  DEBUG     [camera.py:94]  Rejected — InsightFace found no face.
2026-06-22 09:59:51  INFO      [camera.py:250]  Face detected — YOLO conf: 0.855 — quality score: 0.0 — good: False
2026-06-22 09:59:51  DEBUG     [camera.py:264]  Skipped low quality face (score: 0.0)
2026-06-22 09:59:51  DEBUG     [camera.py:94]  Rejected — InsightFace found no face.
2026-06-22 09:59:51  INFO      [camera.py:250]  Face detected — YOLO conf: 0.857 — quality score: 0.0 — good: False
2026-06-22 09:59:51  DEBUG     [camera.py:264]  Skipped low quality face (score: 0.0)
2026-06-22 09:59:51  DEBUG     [camera.py:94]  Rejected — InsightFace found no face.
2026-06-22 09:59:51  INFO      [camera.py:250]  Face detected — YOLO conf: 0.860 — quality score: 0.0 — good: False
2026-06-22 09:59:51  DEBUG     [camera.py:264]  Skipped low quality face (score: 0.0)
2026-06-22 09:59:51  DEBUG     [camera.py:94]  Rejected — InsightFace found no face.
2026-06-22 09:59:51  INFO      [camera.py:250]  Face detected — YOLO conf: 0.851 — quality score: 0.0 — good: False
2026-06-22 09:59:51  DEBUG     [camera.py:264]  Skipped low quality face (score: 0.0)
2026-06-22 09:59:51  DEBUG     [camera.py:94]  Rejected — InsightFace found no face.
2026-06-22 09:59:51  INFO      [camera.py:250]  Face detected — YOLO conf: 0.833 — quality score: 0.0 — good: False
2026-06-22 09:59:51  DEBUG     [camera.py:264]  Skipped low quality face (score: 0.0)
2026-06-22 09:59:51  DEBUG     [camera.py:94]  Rejected — InsightFace found no face.
2026-06-22 09:59:51  INFO      [camera.py:250]  Face detected — YOLO conf: 0.837 — quality score: 0.0 — good: False
2026-06-22 09:59:51  DEBUG     [camera.py:264]  Skipped low quality face (score: 0.0)
2026-06-22 09:59:52  DEBUG     [camera.py:94]  Rejected — InsightFace found no face.
2026-06-22 09:59:52  INFO      [camera.py:250]  Face detected — YOLO conf: 0.844 — quality score: 0.0 — good: False
2026-06-22 09:59:52  DEBUG     [camera.py:264]  Skipped low quality face (score: 0.0)
2026-06-22 09:59:52  DEBUG     [camera.py:94]  Rejected — InsightFace found no face.
2026-06-22 09:59:52  INFO      [camera.py:250]  Face detected — YOLO conf: 0.844 — quality score: 0.0 — good: False
2026-06-22 09:59:52  DEBUG     [camera.py:264]  Skipped low quality face (score: 0.0)
2026-06-22 09:59:52  DEBUG     [camera.py:94]  Rejected — InsightFace found no face.
2026-06-22 09:59:52  INFO      [camera.py:250]  Face detected — YOLO conf: 0.839 — quality score: 0.0 — good: False
2026-06-22 09:59:52  DEBUG     [camera.py:264]  Skipped low quality face (score: 0.0)
2026-06-22 09:59:52  DEBUG     [camera.py:94]  Rejected — InsightFace found no face.
2026-06-22 09:59:52  INFO      [camera.py:250]  Face detected — YOLO conf: 0.847 — quality score: 0.0 — good: False
2026-06-22 09:59:52  DEBUG     [camera.py:264]  Skipped low quality face (score: 0.0)
2026-06-22 09:59:52  DEBUG     [camera.py:94]  Rejected — InsightFace found no face.
2026-06-22 09:59:52  INFO      [camera.py:250]  Face detected — YOLO conf: 0.848 — quality score: 0.0 — good: False
2026-06-22 09:59:52  DEBUG     [camera.py:264]  Skipped low quality face (score: 0.0)
2026-06-22 09:59:52  DEBUG     [camera.py:94]  Rejected — InsightFace found no face.
2026-06-22 09:59:52  INFO      [camera.py:250]  Face detected — YOLO conf: 0.850 — quality score: 0.0 — good: False
2026-06-22 09:59:52  DEBUG     [camera.py:264]  Skipped low quality face (score: 0.0)
2026-06-22 09:59:52  DEBUG     [camera.py:94]  Rejected — InsightFace found no face.
2026-06-22 09:59:52  INFO      [camera.py:250]  Face detected — YOLO conf: 0.856 — quality score: 0.0 — good: False
2026-06-22 09:59:52  DEBUG     [camera.py:264]  Skipped low quality face (score: 0.0)
2026-06-22 09:59:52  INFO      [main.py:52]  Checking calendars at 09:59:52
2026-06-22 09:59:52  DEBUG     [client.py:31]  GET https://192.168.1.249:5004/scl/get-all-calender
2026-06-22 09:59:52  INFO      [calendar_service.py:44]  Fetched 2 valid session(s).
2026-06-22 09:59:52  INFO      [main.py:84]  Calendar 2108 already started — skipping.
2026-06-22 09:59:52  INFO      [main.py:84]  Calendar 2108 already started — skipping.
2026-06-22 09:59:52  INFO      [main.py:176]  Calendar 2108 still running (10m 7s remaining).
2026-06-22 09:59:52  INFO      [main.py:188]  Active calendars: [2108]
2026-06-22 09:59:52  DEBUG     [camera.py:94]  Rejected — InsightFace found no face.
2026-06-22 09:59:52  INFO      [camera.py:250]  Face detected — YOLO conf: 0.818 — quality score: 0.0 — good: False
2026-06-22 09:59:52  DEBUG     [camera.py:264]  Skipped low quality face (score: 0.0)
2026-06-22 09:59:52  DEBUG     [camera.py:94]  Rejected — InsightFace found no face.
2026-06-22 09:59:52  INFO      [camera.py:250]  Face detected — YOLO conf: 0.822 — quality score: 0.0 — good: False
2026-06-22 09:59:52  DEBUG     [camera.py:264]  Skipped low quality face (score: 0.0)
2026-06-22 09:59:52  DEBUG     [camera.py:94]  Rejected — InsightFace found no face.
2026-06-22 09:59:52  INFO      [camera.py:250]  Face detected — YOLO conf: 0.828 — quality score: 0.0 — good: False
2026-06-22 09:59:52  DEBUG     [camera.py:264]  Skipped low quality face (score: 0.0)
2026-06-22 09:59:53  DEBUG     [camera.py:94]  Rejected — InsightFace found no face.
2026-06-22 09:59:53  INFO      [camera.py:250]  Face detected — YOLO conf: 0.830 — quality score: 0.0 — good: False
2026-06-22 09:59:53  DEBUG     [camera.py:264]  Skipped low quality face (score: 0.0)
2026-06-22 09:59:53  DEBUG     [camera.py:94]  Rejected — InsightFace found no face.
2026-06-22 09:59:53  INFO      [camera.py:250]  Face detected — YOLO conf: 0.832 — quality score: 0.0 — good: False
2026-06-22 09:59:53  DEBUG     [camera.py:264]  Skipped low quality face (score: 0.0)
2026-06-22 09:59:53  DEBUG     [camera.py:94]  Rejected — InsightFace found no face.
2026-06-22 09:59:53  INFO      [camera.py:250]  Face detected — YOLO conf: 0.829 — quality score: 0.0 — good: False
2026-06-22 09:59:53  DEBUG     [camera.py:264]  Skipped low quality face (score: 0.0)
2026-06-22 09:59:53  DEBUG     [camera.py:94]  Rejected — InsightFace found no face.
2026-06-22 09:59:53  INFO      [camera.py:250]  Face detected — YOLO conf: 0.827 — quality score: 0.0 — good: False
2026-06-22 09:59:53  DEBUG     [camera.py:264]  Skipped low quality face (score: 0.0)
2026-06-22 09:59:53  DEBUG     [camera.py:94]  Rejected — InsightFace found no face.
2026-06-22 09:59:53  INFO      [camera.py:250]  Face detected — YOLO conf: 0.824 — quality score: 0.0 — good: False
2026-06-22 09:59:53  DEBUG     [camera.py:264]  Skipped low quality face (score: 0.0)
2026-06-22 09:59:53  DEBUG     [camera.py:94]  Rejected — InsightFace found no face.
2026-06-22 09:59:53  INFO      [camera.py:250]  Face detected — YOLO conf: 0.818 — quality score: 0.0 — good: False
2026-06-22 09:59:53  DEBUG     [camera.py:264]  Skipped low quality face (score: 0.0)
2026-06-22 09:59:53  DEBUG     [camera.py:94]  Rejected — InsightFace found no face.
2026-06-22 09:59:53  INFO      [camera.py:250]  Face detected — YOLO conf: 0.820 — quality score: 0.0 — good: False
2026-06-22 09:59:53  DEBUG     [camera.py:264]  Skipped low quality face (score: 0.0)
2026-06-22 09:59:53  DEBUG     [camera.py:94]  Rejected — InsightFace found no face.
2026-06-22 09:59:53  INFO      [camera.py:250]  Face detected — YOLO conf: 0.821 — quality score: 0.0 — good: False
2026-06-22 09:59:53  DEBUG     [camera.py:264]  Skipped low quality face (score: 0.0)
2026-06-22 09:59:53  DEBUG     [camera.py:94]  Rejected — InsightFace found no face.
2026-06-22 09:59:53  INFO      [camera.py:250]  Face detected — YOLO conf: 0.812 — quality score: 0.0 — good: False
2026-06-22 09:59:53  DEBUG     [camera.py:264]  Skipped low quality face (score: 0.0)
2026-06-22 09:59:53  DEBUG     [camera.py:94]  Rejected — InsightFace found no face.
2026-06-22 09:59:53  INFO      [camera.py:250]  Face detected — YOLO conf: 0.811 — quality score: 0.0 — good: False
2026-06-22 09:59:53  DEBUG     [camera.py:264]  Skipped low quality face (score: 0.0)
2026-06-22 09:59:54  DEBUG     [camera.py:94]  Rejected — InsightFace found no face.
2026-06-22 09:59:54  INFO      [camera.py:250]  Face detected — YOLO conf: 0.823 — quality score: 0.0 — good: False
2026-06-22 09:59:54  DEBUG     [camera.py:264]  Skipped low quality face (score: 0.0)
2026-06-22 09:59:54  DEBUG     [camera.py:94]  Rejected — InsightFace found no face.
2026-06-22 09:59:54  INFO      [camera.py:250]  Face detected — YOLO conf: 0.813 — quality score: 0.0 — good: False
2026-06-22 09:59:54  DEBUG     [camera.py:264]  Skipped low quality face (score: 0.0)
2026-06-22 09:59:54  DEBUG     [camera.py:94]  Rejected — InsightFace found no face.
2026-06-22 09:59:54  INFO      [camera.py:250]  Face detected — YOLO conf: 0.789 — quality score: 0.0 — good: False
2026-06-22 09:59:54  DEBUG     [camera.py:264]  Skipped low quality face (score: 0.0)
2026-06-22 09:59:54  DEBUG     [camera.py:94]  Rejected — InsightFace found no face.
2026-06-22 09:59:54  INFO      [camera.py:250]  Face detected — YOLO conf: 0.811 — quality score: 0.0 — good: False
2026-06-22 09:59:54  DEBUG     [camera.py:264]  Skipped low quality face (score: 0.0)
2026-06-22 09:59:54  DEBUG     [camera.py:94]  Rejected — InsightFace found no face.
2026-06-22 09:59:54  INFO      [camera.py:250]  Face detected — YOLO conf: 0.787 — quality score: 0.0 — good: False
2026-06-22 09:59:54  DEBUG     [camera.py:264]  Skipped low quality face (score: 0.0)
2026-06-22 09:59:54  DEBUG     [camera.py:94]  Rejected — InsightFace found no face.
2026-06-22 09:59:54  INFO      [camera.py:250]  Face detected — YOLO conf: 0.792 — quality score: 0.0 — good: False
2026-06-22 09:59:54  DEBUG     [camera.py:264]  Skipped low quality face (score: 0.0)
2026-06-22 09:59:54  DEBUG     [camera.py:94]  Rejected — InsightFace found no face.
2026-06-22 09:59:54  INFO      [camera.py:250]  Face detected — YOLO conf: 0.779 — quality score: 0.0 — good: False
2026-06-22 09:59:54  DEBUG     [camera.py:264]  Skipped low quality face (score: 0.0)
2026-06-22 09:59:54  DEBUG     [camera.py:94]  Rejected — InsightFace found no face.
2026-06-22 09:59:54  INFO      [camera.py:250]  Face detected — YOLO conf: 0.791 — quality score: 0.0 — good: False
2026-06-22 09:59:54  DEBUG     [camera.py:264]  Skipped low quality face (score: 0.0)
2026-06-22 09:59:54  DEBUG     [camera.py:94]  Rejected — InsightFace found no face.
2026-06-22 09:59:54  INFO      [camera.py:250]  Face detected — YOLO conf: 0.803 — quality score: 0.0 — good: False
2026-06-22 09:59:54  DEBUG     [camera.py:264]  Skipped low quality face (score: 0.0)
2026-06-22 09:59:54  DEBUG     [camera.py:94]  Rejected — InsightFace found no face.
2026-06-22 09:59:54  INFO      [camera.py:250]  Face detected — YOLO conf: 0.798 — quality score: 0.0 — good: False
2026-06-22 09:59:54  DEBUG     [camera.py:264]  Skipped low quality face (score: 0.0)
2026-06-22 09:59:55  DEBUG     [camera.py:94]  Rejected — InsightFace found no face.
2026-06-22 09:59:55  INFO      [camera.py:250]  Face detected — YOLO conf: 0.808 — quality score: 0.0 — good: False
2026-06-22 09:59:55  DEBUG     [camera.py:264]  Skipped low quality face (score: 0.0)
2026-06-22 09:59:55  DEBUG     [camera.py:94]  Rejected — InsightFace found no face.
2026-06-22 09:59:55  INFO      [camera.py:250]  Face detected — YOLO conf: 0.787 — quality score: 0.0 — good: False
2026-06-22 09:59:55  DEBUG     [camera.py:264]  Skipped low quality face (score: 0.0)
2026-06-22 09:59:55  DEBUG     [camera.py:94]  Rejected — InsightFace found no face.
2026-06-22 09:59:55  INFO      [camera.py:250]  Face detected — YOLO conf: 0.775 — quality score: 0.0 — good: False
2026-06-22 09:59:55  DEBUG     [camera.py:264]  Skipped low quality face (score: 0.0)
2026-06-22 09:59:55  DEBUG     [camera.py:94]  Rejected — InsightFace found no face.
2026-06-22 09:59:55  INFO      [camera.py:250]  Face detected — YOLO conf: 0.785 — quality score: 0.0 — good: False
2026-06-22 09:59:55  DEBUG     [camera.py:264]  Skipped low quality face (score: 0.0)
2026-06-22 09:59:55  DEBUG     [camera.py:94]  Rejected — InsightFace found no face.
2026-06-22 09:59:55  INFO      [camera.py:250]  Face detected — YOLO conf: 0.810 — quality score: 0.0 — good: False
2026-06-22 09:59:55  DEBUG     [camera.py:264]  Skipped low quality face (score: 0.0)
2026-06-22 09:59:55  DEBUG     [camera.py:94]  Rejected — InsightFace found no face.
2026-06-22 09:59:55  INFO      [camera.py:250]  Face detected — YOLO conf: 0.816 — quality score: 0.0 — good: False
2026-06-22 09:59:55  DEBUG     [camera.py:264]  Skipped low quality face (score: 0.0)
2026-06-22 09:59:55  DEBUG     [camera.py:94]  Rejected — InsightFace found no face.
2026-06-22 09:59:55  INFO      [camera.py:250]  Face detected — YOLO conf: 0.886 — quality score: 0.0 — good: False
2026-06-22 09:59:55  DEBUG     [camera.py:264]  Skipped low quality face (score: 0.0)
2026-06-22 09:59:55  DEBUG     [camera.py:94]  Rejected — InsightFace found no face.
2026-06-22 09:59:55  INFO      [camera.py:250]  Face detected — YOLO conf: 0.884 — quality score: 0.0 — good: False
2026-06-22 09:59:55  DEBUG     [camera.py:264]  Skipped low quality face (score: 0.0)
2026-06-22 09:59:55  DEBUG     [camera.py:94]  Rejected — InsightFace found no face.
2026-06-22 09:59:55  INFO      [camera.py:250]  Face detected — YOLO conf: 0.874 — quality score: 0.0 — good: False
2026-06-22 09:59:55  DEBUG     [camera.py:264]  Skipped low quality face (score: 0.0)
2026-06-22 09:59:55  DEBUG     [camera.py:94]  Rejected — InsightFace found no face.
2026-06-22 09:59:55  INFO      [camera.py:250]  Face detected — YOLO conf: 0.863 — quality score: 0.0 — good: False
2026-06-22 09:59:55  DEBUG     [camera.py:264]  Skipped low quality face (score: 0.0)
2026-06-22 09:59:56  DEBUG     [camera.py:94]  Rejected — InsightFace found no face.
2026-06-22 09:59:56  INFO      [camera.py:250]  Face detected — YOLO conf: 0.866 — quality score: 0.0 — good: False
2026-06-22 09:59:56  DEBUG     [camera.py:264]  Skipped low quality face (score: 0.0)
2026-06-22 09:59:56  DEBUG     [camera.py:94]  Rejected — InsightFace found no face.
2026-06-22 09:59:56  INFO      [camera.py:250]  Face detected — YOLO conf: 0.875 — quality score: 0.0 — good: False
2026-06-22 09:59:56  DEBUG     [camera.py:264]  Skipped low quality face (score: 0.0)
2026-06-22 09:59:56  DEBUG     [camera.py:94]  Rejected — InsightFace found no face.
2026-06-22 09:59:56  INFO      [camera.py:250]  Face detected — YOLO conf: 0.880 — quality score: 0.0 — good: False
2026-06-22 09:59:56  DEBUG     [camera.py:264]  Skipped low quality face (score: 0.0)
2026-06-22 09:59:56  DEBUG     [camera.py:94]  Rejected — InsightFace found no face.
2026-06-22 09:59:56  INFO      [camera.py:250]  Face detected — YOLO conf: 0.890 — quality score: 0.0 — good: False
2026-06-22 09:59:56  DEBUG     [camera.py:264]  Skipped low quality face (score: 0.0)
2026-06-22 09:59:56  DEBUG     [camera.py:94]  Rejected — InsightFace found no face.
2026-06-22 09:59:56  INFO      [camera.py:250]  Face detected — YOLO conf: 0.866 — quality score: 0.0 — good: False
2026-06-22 09:59:56  DEBUG     [camera.py:264]  Skipped low quality face (score: 0.0)
2026-06-22 09:59:56  DEBUG     [camera.py:94]  Rejected — InsightFace found no face.
2026-06-22 09:59:56  INFO      [camera.py:250]  Face detected — YOLO conf: 0.863 — quality score: 0.0 — good: False
2026-06-22 09:59:56  DEBUG     [camera.py:264]  Skipped low quality face (score: 0.0)
2026-06-22 09:59:56  DEBUG     [camera.py:94]  Rejected — InsightFace found no face.
2026-06-22 09:59:56  INFO      [camera.py:250]  Face detected — YOLO conf: 0.856 — quality score: 0.0 — good: False
2026-06-22 09:59:56  DEBUG     [camera.py:264]  Skipped low quality face (score: 0.0)
2026-06-22 09:59:56  DEBUG     [camera.py:94]  Rejected — InsightFace found no face.
2026-06-22 09:59:56  INFO      [camera.py:250]  Face detected — YOLO conf: 0.838 — quality score: 0.0 — good: False
2026-06-22 09:59:56  DEBUG     [camera.py:264]  Skipped low quality face (score: 0.0)
2026-06-22 09:59:56  DEBUG     [camera.py:94]  Rejected — InsightFace found no face.
2026-06-22 09:59:56  INFO      [camera.py:250]  Face detected — YOLO conf: 0.842 — quality score: 0.0 — good: False
2026-06-22 09:59:56  DEBUG     [camera.py:264]  Skipped low quality face (score: 0.0)
2026-06-22 09:59:56  DEBUG     [camera.py:94]  Rejected — InsightFace found no face.
2026-06-22 09:59:56  INFO      [camera.py:250]  Face detected — YOLO conf: 0.850 — quality score: 0.0 — good: False
2026-06-22 09:59:56  DEBUG     [camera.py:264]  Skipped low quality face (score: 0.0)
2026-06-22 09:59:57  DEBUG     [camera.py:94]  Rejected — InsightFace found no face.
2026-06-22 09:59:57  INFO      [camera.py:250]  Face detected — YOLO conf: 0.842 — quality score: 0.0 — good: False
2026-06-22 09:59:57  DEBUG     [camera.py:264]  Skipped low quality face (score: 0.0)
2026-06-22 09:59:57  DEBUG     [camera.py:94]  Rejected — InsightFace found no face.
2026-06-22 09:59:57  INFO      [camera.py:250]  Face detected — YOLO conf: 0.833 — quality score: 0.0 — good: False
2026-06-22 09:59:57  DEBUG     [camera.py:264]  Skipped low quality face (score: 0.0)
2026-06-22 09:59:57  DEBUG     [camera.py:94]  Rejected — InsightFace found no face.
2026-06-22 09:59:57  INFO      [camera.py:250]  Face detected — YOLO conf: 0.842 — quality score: 0.0 — good: False
2026-06-22 09:59:57  DEBUG     [camera.py:264]  Skipped low quality face (score: 0.0)
2026-06-22 09:59:57  DEBUG     [camera.py:94]  Rejected — InsightFace found no face.
2026-06-22 09:59:57  INFO      [camera.py:250]  Face detected — YOLO conf: 0.831 — quality score: 0.0 — good: False
2026-06-22 09:59:57  DEBUG     [camera.py:264]  Skipped low quality face (score: 0.0)
2026-06-22 09:59:57  DEBUG     [camera.py:94]  Rejected — InsightFace found no face.
2026-06-22 09:59:57  INFO      [camera.py:250]  Face detected — YOLO conf: 0.849 — quality score: 0.0 — good: False
2026-06-22 09:59:57  DEBUG     [camera.py:264]  Skipped low quality face (score: 0.0)
2026-06-22 09:59:57  DEBUG     [camera.py:94]  Rejected — InsightFace found no face.
2026-06-22 09:59:57  INFO      [camera.py:250]  Face detected — YOLO conf: 0.833 — quality score: 0.0 — good: False
2026-06-22 09:59:57  DEBUG     [camera.py:264]  Skipped low quality face (score: 0.0)
2026-06-22 09:59:57  DEBUG     [camera.py:94]  Rejected — InsightFace found no face.
2026-06-22 09:59:57  INFO      [camera.py:250]  Face detected — YOLO conf: 0.823 — quality score: 0.0 — good: False
2026-06-22 09:59:57  DEBUG     [camera.py:264]  Skipped low quality face (score: 0.0)
2026-06-22 09:59:57  DEBUG     [camera.py:94]  Rejected — InsightFace found no face.
2026-06-22 09:59:57  INFO      [camera.py:250]  Face detected — YOLO conf: 0.831 — quality score: 0.0 — good: False
2026-06-22 09:59:57  DEBUG     [camera.py:264]  Skipped low quality face (score: 0.0)
2026-06-22 09:59:57  DEBUG     [camera.py:94]  Rejected — InsightFace found no face.
2026-06-22 09:59:57  INFO      [camera.py:250]  Face detected — YOLO conf: 0.848 — quality score: 0.0 — good: False
2026-06-22 09:59:57  DEBUG     [camera.py:264]  Skipped low quality face (score: 0.0)
2026-06-22 09:59:58  DEBUG     [camera.py:94]  Rejected — InsightFace found no face.
2026-06-22 09:59:58  INFO      [camera.py:250]  Face detected — YOLO conf: 0.828 — quality score: 0.0 — good: False
2026-06-22 09:59:58  DEBUG     [camera.py:264]  Skipped low quality face (score: 0.0)
2026-06-22 09:59:58  DEBUG     [camera.py:94]  Rejected — InsightFace found no face.
2026-06-22 09:59:58  INFO      [camera.py:250]  Face detected — YOLO conf: 0.850 — quality score: 0.0 — good: False
2026-06-22 09:59:58  DEBUG     [camera.py:264]  Skipped low quality face (score: 0.0)
2026-06-22 09:59:58  DEBUG     [camera.py:94]  Rejected — InsightFace found no face.
2026-06-22 09:59:58  INFO      [camera.py:250]  Face detected — YOLO conf: 0.847 — quality score: 0.0 — good: False
2026-06-22 09:59:58  DEBUG     [camera.py:264]  Skipped low quality face (score: 0.0)
2026-06-22 09:59:58  DEBUG     [camera.py:94]  Rejected — InsightFace found no face.
2026-06-22 09:59:58  INFO      [camera.py:250]  Face detected — YOLO conf: 0.849 — quality score: 0.0 — good: False
2026-06-22 09:59:58  DEBUG     [camera.py:264]  Skipped low quality face (score: 0.0)
2026-06-22 09:59:58  DEBUG     [camera.py:94]  Rejected — InsightFace found no face.
2026-06-22 09:59:58  INFO      [camera.py:250]  Face detected — YOLO conf: 0.833 — quality score: 0.0 — good: False
2026-06-22 09:59:58  DEBUG     [camera.py:264]  Skipped low quality face (score: 0.0)
2026-06-22 09:59:58  DEBUG     [camera.py:94]  Rejected — InsightFace found no face.
2026-06-22 09:59:58  INFO      [camera.py:250]  Face detected — YOLO conf: 0.835 — quality score: 0.0 — good: False
2026-06-22 09:59:58  DEBUG     [camera.py:264]  Skipped low quality face (score: 0.0)
2026-06-22 09:59:58  DEBUG     [camera.py:94]  Rejected — InsightFace found no face.
2026-06-22 09:59:58  INFO      [camera.py:250]  Face detected — YOLO conf: 0.838 — quality score: 0.0 — good: False
2026-06-22 09:59:58  DEBUG     [camera.py:264]  Skipped low quality face (score: 0.0)
2026-06-22 09:59:58  DEBUG     [camera.py:94]  Rejected — InsightFace found no face.
2026-06-22 09:59:58  INFO      [camera.py:250]  Face detected — YOLO conf: 0.848 — quality score: 0.0 — good: False
2026-06-22 09:59:58  DEBUG     [camera.py:264]  Skipped low quality face (score: 0.0)
2026-06-22 09:59:58  DEBUG     [camera.py:94]  Rejected — InsightFace found no face.
2026-06-22 09:59:58  INFO      [camera.py:250]  Face detected — YOLO conf: 0.830 — quality score: 0.0 — good: False
2026-06-22 09:59:58  DEBUG     [camera.py:264]  Skipped low quality face (score: 0.0)
2026-06-22 09:59:59  DEBUG     [camera.py:94]  Rejected — InsightFace found no face.
2026-06-22 09:59:59  INFO      [camera.py:250]  Face detected — YOLO conf: 0.832 — quality score: 0.0 — good: False
2026-06-22 09:59:59  DEBUG     [camera.py:264]  Skipped low quality face (score: 0.0)
2026-06-22 09:59:59  DEBUG     [camera.py:94]  Rejected — InsightFace found no face.
2026-06-22 09:59:59  INFO      [camera.py:250]  Face detected — YOLO conf: 0.803 — quality score: 0.0 — good: False
2026-06-22 09:59:59  DEBUG     [camera.py:264]  Skipped low quality face (score: 0.0)
2026-06-22 09:59:59  DEBUG     [camera.py:94]  Rejected — InsightFace found no face.
2026-06-22 09:59:59  INFO      [camera.py:250]  Face detected — YOLO conf: 0.722 — quality score: 0.0 — good: False
2026-06-22 09:59:59  DEBUG     [camera.py:264]  Skipped low quality face (score: 0.0)
2026-06-22 09:59:59  DEBUG     [camera.py:94]  Rejected — InsightFace found no face.
2026-06-22 09:59:59  INFO      [camera.py:250]  Face detected — YOLO conf: 0.821 — quality score: 0.0 — good: False
2026-06-22 09:59:59  DEBUG     [camera.py:264]  Skipped low quality face (score: 0.0)
2026-06-22 09:59:59  DEBUG     [camera.py:94]  Rejected — InsightFace found no face.
2026-06-22 09:59:59  INFO      [camera.py:250]  Face detected — YOLO conf: 0.854 — quality score: 0.0 — good: False
2026-06-22 09:59:59  DEBUG     [camera.py:264]  Skipped low quality face (score: 0.0)
2026-06-22 09:59:59  DEBUG     [camera.py:94]  Rejected — InsightFace found no face.
2026-06-22 09:59:59  INFO      [camera.py:250]  Face detected — YOLO conf: 0.841 — quality score: 0.0 — good: False
2026-06-22 09:59:59  DEBUG     [camera.py:264]  Skipped low quality face (score: 0.0)
2026-06-22 09:59:59  DEBUG     [camera.py:94]  Rejected — InsightFace found no face.
2026-06-22 09:59:59  INFO      [camera.py:250]  Face detected — YOLO conf: 0.846 — quality score: 0.0 — good: False
2026-06-22 09:59:59  DEBUG     [camera.py:264]  Skipped low quality face (score: 0.0)
2026-06-22 09:59:59  DEBUG     [camera.py:94]  Rejected — InsightFace found no face.
2026-06-22 09:59:59  INFO      [camera.py:250]  Face detected — YOLO conf: 0.818 — quality score: 0.0 — good: False
2026-06-22 09:59:59  DEBUG     [camera.py:264]  Skipped low quality face (score: 0.0)
2026-06-22 09:59:59  DEBUG     [camera.py:94]  Rejected — InsightFace found no face.
2026-06-22 09:59:59  INFO      [camera.py:250]  Face detected — YOLO conf: 0.848 — quality score: 0.0 — good: False
2026-06-22 09:59:59  DEBUG     [camera.py:264]  Skipped low quality face (score: 0.0)
2026-06-22 10:00:00  DEBUG     [camera.py:94]  Rejected — InsightFace found no face.
2026-06-22 10:00:00  INFO      [camera.py:250]  Face detected — YOLO conf: 0.842 — quality score: 0.0 — good: False
2026-06-22 10:00:00  DEBUG     [camera.py:264]  Skipped low quality face (score: 0.0)
2026-06-22 10:00:00  DEBUG     [camera.py:94]  Rejected — InsightFace found no face.
2026-06-22 10:00:00  INFO      [camera.py:250]  Face detected — YOLO conf: 0.863 — quality score: 0.0 — good: False
2026-06-22 10:00:00  DEBUG     [camera.py:264]  Skipped low quality face (score: 0.0)
2026-06-22 10:00:00  DEBUG     [camera.py:94]  Rejected — InsightFace found no face.
2026-06-22 10:00:00  INFO      [camera.py:250]  Face detected — YOLO conf: 0.857 — quality score: 0.0 — good: False
2026-06-22 10:00:00  DEBUG     [camera.py:264]  Skipped low quality face (score: 0.0)
2026-06-22 10:00:00  DEBUG     [camera.py:94]  Rejected — InsightFace found no face.
2026-06-22 10:00:00  INFO      [camera.py:250]  Face detected — YOLO conf: 0.854 — quality score: 0.0 — good: False
2026-06-22 10:00:00  DEBUG     [camera.py:264]  Skipped low quality face (score: 0.0)
2026-06-22 10:00:00  DEBUG     [camera.py:94]  Rejected — InsightFace found no face.
2026-06-22 10:00:00  INFO      [camera.py:250]  Face detected — YOLO conf: 0.860 — quality score: 0.0 — good: False
2026-06-22 10:00:00  DEBUG     [camera.py:264]  Skipped low quality face (score: 0.0)
2026-06-22 10:00:00  DEBUG     [camera.py:94]  Rejected — InsightFace found no face.
2026-06-22 10:00:00  INFO      [camera.py:250]  Face detected — YOLO conf: 0.858 — quality score: 0.0 — good: False
2026-06-22 10:00:00  DEBUG     [camera.py:264]  Skipped low quality face (score: 0.0)
2026-06-22 10:00:00  DEBUG     [camera.py:94]  Rejected — InsightFace found no face.
2026-06-22 10:00:00  INFO      [camera.py:250]  Face detected — YOLO conf: 0.864 — quality score: 0.0 — good: False
2026-06-22 10:00:00  DEBUG     [camera.py:264]  Skipped low quality face (score: 0.0)
2026-06-22 10:00:00  DEBUG     [camera.py:94]  Rejected — InsightFace found no face.
2026-06-22 10:00:00  INFO      [camera.py:250]  Face detected — YOLO conf: 0.805 — quality score: 0.0 — good: False
2026-06-22 10:00:00  DEBUG     [camera.py:264]  Skipped low quality face (score: 0.0)
2026-06-22 10:00:00  DEBUG     [camera.py:94]  Rejected — InsightFace found no face.
2026-06-22 10:00:00  INFO      [camera.py:250]  Face detected — YOLO conf: 0.785 — quality score: 0.0 — good: False
2026-06-22 10:00:00  DEBUG     [camera.py:264]  Skipped low quality face (score: 0.0)
2026-06-22 10:00:00  DEBUG     [camera.py:94]  Rejected — InsightFace found no face.
2026-06-22 10:00:00  INFO      [camera.py:250]  Face detected — YOLO conf: 0.704 — quality score: 0.0 — good: False
2026-06-22 10:00:00  DEBUG     [camera.py:264]  Skipped low quality face (score: 0.0)
2026-06-22 10:00:01  DEBUG     [camera.py:94]  Rejected — InsightFace found no face.
2026-06-22 10:00:01  INFO      [camera.py:250]  Face detected — YOLO conf: 0.785 — quality score: 0.0 — good: False
2026-06-22 10:00:01  DEBUG     [camera.py:264]  Skipped low quality face (score: 0.0)
2026-06-22 10:00:01  DEBUG     [camera.py:94]  Rejected — InsightFace found no face.
2026-06-22 10:00:01  INFO      [camera.py:250]  Face detected — YOLO conf: 0.750 — quality score: 0.0 — good: False
2026-06-22 10:00:01  DEBUG     [camera.py:264]  Skipped low quality face (score: 0.0)
2026-06-22 10:00:01  DEBUG     [camera.py:94]  Rejected — InsightFace found no face.
2026-06-22 10:00:01  INFO      [camera.py:250]  Face detected — YOLO conf: 0.779 — quality score: 0.0 — good: False
2026-06-22 10:00:01  DEBUG     [camera.py:264]  Skipped low quality face (score: 0.0)
2026-06-22 10:00:01  DEBUG     [camera.py:94]  Rejected — InsightFace found no face.
2026-06-22 10:00:01  INFO      [camera.py:250]  Face detected — YOLO conf: 0.792 — quality score: 0.0 — good: False
2026-06-22 10:00:01  DEBUG     [camera.py:264]  Skipped low quality face (score: 0.0)
2026-06-22 10:00:01  DEBUG     [camera.py:94]  Rejected — InsightFace found no face.
2026-06-22 10:00:01  INFO      [camera.py:250]  Face detected — YOLO conf: 0.854 — quality score: 0.0 — good: False
2026-06-22 10:00:01  DEBUG     [camera.py:264]  Skipped low quality face (score: 0.0)
2026-06-22 10:00:01  DEBUG     [camera.py:94]  Rejected — InsightFace found no face.
2026-06-22 10:00:01  INFO      [camera.py:250]  Face detected — YOLO conf: 0.830 — quality score: 0.0 — good: False
2026-06-22 10:00:01  DEBUG     [camera.py:264]  Skipped low quality face (score: 0.0)
2026-06-22 10:00:01  DEBUG     [camera.py:94]  Rejected — InsightFace found no face.
2026-06-22 10:00:01  INFO      [camera.py:250]  Face detected — YOLO conf: 0.852 — quality score: 0.0 — good: False
2026-06-22 10:00:01  DEBUG     [camera.py:264]  Skipped low quality face (score: 0.0)
2026-06-22 10:00:01  DEBUG     [camera.py:94]  Rejected — InsightFace found no face.
2026-06-22 10:00:01  INFO      [camera.py:250]  Face detected — YOLO conf: 0.876 — quality score: 0.0 — good: False
2026-06-22 10:00:01  DEBUG     [camera.py:264]  Skipped low quality face (score: 0.0)
2026-06-22 10:00:01  DEBUG     [camera.py:94]  Rejected — InsightFace found no face.
2026-06-22 10:00:01  INFO      [camera.py:250]  Face detected — YOLO conf: 0.851 — quality score: 0.0 — good: False
2026-06-22 10:00:01  DEBUG     [camera.py:264]  Skipped low quality face (score: 0.0)
2026-06-22 10:00:02  DEBUG     [camera.py:94]  Rejected — InsightFace found no face.
2026-06-22 10:00:02  INFO      [camera.py:250]  Face detected — YOLO conf: 0.856 — quality score: 0.0 — good: False
2026-06-22 10:00:02  DEBUG     [camera.py:264]  Skipped low quality face (score: 0.0)
2026-06-22 10:00:02  DEBUG     [camera.py:94]  Rejected — InsightFace found no face.
2026-06-22 10:00:02  INFO      [camera.py:250]  Face detected — YOLO conf: 0.868 — quality score: 0.0 — good: False
2026-06-22 10:00:02  DEBUG     [camera.py:264]  Skipped low quality face (score: 0.0)
2026-06-22 10:00:02  DEBUG     [camera.py:94]  Rejected — InsightFace found no face.
2026-06-22 10:00:02  INFO      [camera.py:250]  Face detected — YOLO conf: 0.863 — quality score: 0.0 — good: False
2026-06-22 10:00:02  DEBUG     [camera.py:264]  Skipped low quality face (score: 0.0)
2026-06-22 10:00:02  DEBUG     [camera.py:94]  Rejected — InsightFace found no face.
2026-06-22 10:00:02  INFO      [camera.py:250]  Face detected — YOLO conf: 0.824 — quality score: 0.0 — good: False
2026-06-22 10:00:02  DEBUG     [camera.py:264]  Skipped low quality face (score: 0.0)
2026-06-22 10:00:02  DEBUG     [camera.py:94]  Rejected — InsightFace found no face.
2026-06-22 10:00:02  INFO      [camera.py:250]  Face detected — YOLO conf: 0.844 — quality score: 0.0 — good: False
2026-06-22 10:00:02  DEBUG     [camera.py:264]  Skipped low quality face (score: 0.0)
2026-06-22 10:00:02  DEBUG     [camera.py:94]  Rejected — InsightFace found no face.
2026-06-22 10:00:02  INFO      [camera.py:250]  Face detected — YOLO conf: 0.850 — quality score: 0.0 — good: False
2026-06-22 10:00:02  DEBUG     [camera.py:264]  Skipped low quality face (score: 0.0)
2026-06-22 10:00:02  DEBUG     [camera.py:94]  Rejected — InsightFace found no face.
2026-06-22 10:00:02  INFO      [camera.py:250]  Face detected — YOLO conf: 0.857 — quality score: 0.0 — good: False
2026-06-22 10:00:02  DEBUG     [camera.py:264]  Skipped low quality face (score: 0.0)
2026-06-22 10:00:02  INFO      [main.py:52]  Checking calendars at 10:00:02
2026-06-22 10:00:02  DEBUG     [client.py:31]  GET https://192.168.1.249:5004/scl/get-all-calender
2026-06-22 10:00:02  INFO      [calendar_service.py:44]  Fetched 2 valid session(s).
2026-06-22 10:00:02  INFO      [main.py:84]  Calendar 2108 already started — skipping.
2026-06-22 10:00:02  INFO      [main.py:84]  Calendar 2108 already started — skipping.
2026-06-22 10:00:02  INFO      [main.py:176]  Calendar 2108 still running (9m 57s remaining).
2026-06-22 10:00:02  INFO      [main.py:188]  Active calendars: [2108]
2026-06-22 10:00:02  DEBUG     [camera.py:94]  Rejected — InsightFace found no face.
2026-06-22 10:00:02  INFO      [camera.py:250]  Face detected — YOLO conf: 0.829 — quality score: 0.0 — good: False
2026-06-22 10:00:02  DEBUG     [camera.py:264]  Skipped low quality face (score: 0.0)
2026-06-22 10:00:02  DEBUG     [camera.py:94]  Rejected — InsightFace found no face.
2026-06-22 10:00:02  INFO      [camera.py:250]  Face detected — YOLO conf: 0.867 — quality score: 0.0 — good: False
2026-06-22 10:00:02  DEBUG     [camera.py:264]  Skipped low quality face (score: 0.0)
2026-06-22 10:00:02  DEBUG     [camera.py:109]  Quality — score: 0.658 blur: 41.3 brightness: 81.9
2026-06-22 10:00:02  INFO      [camera.py:250]  Face detected — YOLO conf: 0.872 — quality score: 0.658 — good: True
2026-06-22 10:00:02  INFO      [camera.py:262]  Saved face (quality: 0.658): face_20260622_100002_972.jpg
2026-06-22 10:00:03  DEBUG     [camera.py:109]  Quality — score: 0.575 blur: 36.7 brightness: 81.0
2026-06-22 10:00:03  INFO      [camera.py:250]  Face detected — YOLO conf: 0.861 — quality score: 0.575 — good: True
2026-06-22 10:00:03  INFO      [camera.py:262]  Saved face (quality: 0.575): face_20260622_100003_057.jpg
2026-06-22 10:00:03  DEBUG     [camera.py:109]  Quality — score: 0.694 blur: 45.1 brightness: 73.8
2026-06-22 10:00:03  INFO      [camera.py:250]  Face detected — YOLO conf: 0.864 — quality score: 0.694 — good: True
2026-06-22 10:00:03  INFO      [camera.py:262]  Saved face (quality: 0.694): face_20260622_100003_163.jpg
2026-06-22 10:00:03  DEBUG     [camera.py:109]  Quality — score: 0.709 blur: 44.4 brightness: 74.5
2026-06-22 10:00:03  INFO      [camera.py:250]  Face detected — YOLO conf: 0.887 — quality score: 0.709 — good: True
2026-06-22 10:00:03  INFO      [camera.py:262]  Saved face (quality: 0.709): face_20260622_100003_255.jpg
2026-06-22 10:00:03  DEBUG     [camera.py:94]  Rejected — InsightFace found no face.
2026-06-22 10:00:03  INFO      [camera.py:250]  Face detected — YOLO conf: 0.808 — quality score: 0.0 — good: False
2026-06-22 10:00:03  DEBUG     [camera.py:264]  Skipped low quality face (score: 0.0)
2026-06-22 10:00:03  DEBUG     [camera.py:94]  Rejected — InsightFace found no face.
2026-06-22 10:00:03  INFO      [camera.py:250]  Face detected — YOLO conf: 0.848 — quality score: 0.0 — good: False
2026-06-22 10:00:03  DEBUG     [camera.py:264]  Skipped low quality face (score: 0.0)
2026-06-22 10:00:03  DEBUG     [camera.py:94]  Rejected — InsightFace found no face.
2026-06-22 10:00:03  INFO      [camera.py:250]  Face detected — YOLO conf: 0.828 — quality score: 0.0 — good: False
2026-06-22 10:00:03  DEBUG     [camera.py:264]  Skipped low quality face (score: 0.0)
2026-06-22 10:00:03  DEBUG     [camera.py:94]  Rejected — InsightFace found no face.
2026-06-22 10:00:03  INFO      [camera.py:250]  Face detected — YOLO conf: 0.773 — quality score: 0.0 — good: False
2026-06-22 10:00:03  DEBUG     [camera.py:264]  Skipped low quality face (score: 0.0)
2026-06-22 10:00:03  DEBUG     [camera.py:94]  Rejected — InsightFace found no face.
2026-06-22 10:00:03  INFO      [camera.py:250]  Face detected — YOLO conf: 0.805 — quality score: 0.0 — good: False
2026-06-22 10:00:03  DEBUG     [camera.py:264]  Skipped low quality face (score: 0.0)
2026-06-22 10:00:03  DEBUG     [camera.py:94]  Rejected — InsightFace found no face.
2026-06-22 10:00:03  INFO      [camera.py:250]  Face detected — YOLO conf: 0.819 — quality score: 0.0 — good: False
2026-06-22 10:00:03  DEBUG     [camera.py:264]  Skipped low quality face (score: 0.0)
2026-06-22 10:00:04  DEBUG     [camera.py:94]  Rejected — InsightFace found no face.
2026-06-22 10:00:04  INFO      [camera.py:250]  Face detected — YOLO conf: 0.833 — quality score: 0.0 — good: False
2026-06-22 10:00:04  DEBUG     [camera.py:264]  Skipped low quality face (score: 0.0)
2026-06-22 10:00:04  DEBUG     [camera.py:94]  Rejected — InsightFace found no face.
2026-06-22 10:00:04  INFO      [camera.py:250]  Face detected — YOLO conf: 0.830 — quality score: 0.0 — good: False
2026-06-22 10:00:04  DEBUG     [camera.py:264]  Skipped low quality face (score: 0.0)
2026-06-22 10:00:04  DEBUG     [camera.py:94]  Rejected — InsightFace found no face.
2026-06-22 10:00:04  INFO      [camera.py:250]  Face detected — YOLO conf: 0.808 — quality score: 0.0 — good: False
2026-06-22 10:00:04  DEBUG     [camera.py:264]  Skipped low quality face (score: 0.0)
2026-06-22 10:00:04  DEBUG     [camera.py:94]  Rejected — InsightFace found no face.
2026-06-22 10:00:04  INFO      [camera.py:250]  Face detected — YOLO conf: 0.824 — quality score: 0.0 — good: False
2026-06-22 10:00:04  DEBUG     [camera.py:264]  Skipped low quality face (score: 0.0)
2026-06-22 10:00:04  DEBUG     [camera.py:94]  Rejected — InsightFace found no face.
2026-06-22 10:00:04  INFO      [camera.py:250]  Face detected — YOLO conf: 0.822 — quality score: 0.0 — good: False
2026-06-22 10:00:04  DEBUG     [camera.py:264]  Skipped low quality face (score: 0.0)
2026-06-22 10:00:04  DEBUG     [camera.py:94]  Rejected — InsightFace found no face.
2026-06-22 10:00:04  INFO      [camera.py:250]  Face detected — YOLO conf: 0.796 — quality score: 0.0 — good: False
2026-06-22 10:00:04  DEBUG     [camera.py:264]  Skipped low quality face (score: 0.0)
2026-06-22 10:00:04  DEBUG     [camera.py:94]  Rejected — InsightFace found no face.
2026-06-22 10:00:04  INFO      [camera.py:250]  Face detected — YOLO conf: 0.796 — quality score: 0.0 — good: False
2026-06-22 10:00:04  DEBUG     [camera.py:264]  Skipped low quality face (score: 0.0)
2026-06-22 10:00:04  DEBUG     [camera.py:94]  Rejected — InsightFace found no face.
2026-06-22 10:00:04  INFO      [camera.py:250]  Face detected — YOLO conf: 0.802 — quality score: 0.0 — good: False
2026-06-22 10:00:04  DEBUG     [camera.py:264]  Skipped low quality face (score: 0.0)
2026-06-22 10:00:04  DEBUG     [camera.py:94]  Rejected — InsightFace found no face.
2026-06-22 10:00:04  INFO      [camera.py:250]  Face detected — YOLO conf: 0.797 — quality score: 0.0 — good: False
2026-06-22 10:00:04  DEBUG     [camera.py:264]  Skipped low quality face (score: 0.0)
2026-06-22 10:00:04  DEBUG     [camera.py:94]  Rejected — InsightFace found no face.
2026-06-22 10:00:04  INFO      [camera.py:250]  Face detected — YOLO conf: 0.803 — quality score: 0.0 — good: False
2026-06-22 10:00:04  DEBUG     [camera.py:264]  Skipped low quality face (score: 0.0)
2026-06-22 10:00:05  DEBUG     [camera.py:94]  Rejected — InsightFace found no face.
2026-06-22 10:00:05  INFO      [camera.py:250]  Face detected — YOLO conf: 0.831 — quality score: 0.0 — good: False
2026-06-22 10:00:05  DEBUG     [camera.py:264]  Skipped low quality face (score: 0.0)
2026-06-22 10:00:05  DEBUG     [camera.py:94]  Rejected — InsightFace found no face.
2026-06-22 10:00:05  INFO      [camera.py:250]  Face detected — YOLO conf: 0.825 — quality score: 0.0 — good: False
2026-06-22 10:00:05  DEBUG     [camera.py:264]  Skipped low quality face (score: 0.0)
2026-06-22 10:00:05  DEBUG     [camera.py:94]  Rejected — InsightFace found no face.
2026-06-22 10:00:05  INFO      [camera.py:250]  Face detected — YOLO conf: 0.819 — quality score: 0.0 — good: False
2026-06-22 10:00:05  DEBUG     [camera.py:264]  Skipped low quality face (score: 0.0)
2026-06-22 10:00:05  DEBUG     [camera.py:94]  Rejected — InsightFace found no face.
2026-06-22 10:00:05  INFO      [camera.py:250]  Face detected — YOLO conf: 0.835 — quality score: 0.0 — good: False
2026-06-22 10:00:05  DEBUG     [camera.py:264]  Skipped low quality face (score: 0.0)
2026-06-22 10:00:05  DEBUG     [camera.py:94]  Rejected — InsightFace found no face.
2026-06-22 10:00:05  INFO      [camera.py:250]  Face detected — YOLO conf: 0.835 — quality score: 0.0 — good: False
2026-06-22 10:00:05  DEBUG     [camera.py:264]  Skipped low quality face (score: 0.0)
2026-06-22 10:00:05  DEBUG     [camera.py:94]  Rejected — InsightFace found no face.
2026-06-22 10:00:05  INFO      [camera.py:250]  Face detected — YOLO conf: 0.830 — quality score: 0.0 — good: False
2026-06-22 10:00:05  DEBUG     [camera.py:264]  Skipped low quality face (score: 0.0)
2026-06-22 10:00:05  DEBUG     [camera.py:94]  Rejected — InsightFace found no face.
2026-06-22 10:00:05  INFO      [camera.py:250]  Face detected — YOLO conf: 0.823 — quality score: 0.0 — good: False
2026-06-22 10:00:05  DEBUG     [camera.py:264]  Skipped low quality face (score: 0.0)
2026-06-22 10:00:05  DEBUG     [camera.py:94]  Rejected — InsightFace found no face.
2026-06-22 10:00:05  INFO      [camera.py:250]  Face detected — YOLO conf: 0.818 — quality score: 0.0 — good: False
2026-06-22 10:00:05  DEBUG     [camera.py:264]  Skipped low quality face (score: 0.0)
2026-06-22 10:00:05  DEBUG     [camera.py:94]  Rejected — InsightFace found no face.
2026-06-22 10:00:05  INFO      [camera.py:250]  Face detected — YOLO conf: 0.824 — quality score: 0.0 — good: False
2026-06-22 10:00:05  DEBUG     [camera.py:264]  Skipped low quality face (score: 0.0)
2026-06-22 10:00:05  DEBUG     [camera.py:94]  Rejected — InsightFace found no face.
2026-06-22 10:00:05  INFO      [camera.py:250]  Face detected — YOLO conf: 0.826 — quality score: 0.0 — good: False
2026-06-22 10:00:05  DEBUG     [camera.py:264]  Skipped low quality face (score: 0.0)
2026-06-22 10:00:06  DEBUG     [camera.py:94]  Rejected — InsightFace found no face.
2026-06-22 10:00:06  INFO      [camera.py:250]  Face detected — YOLO conf: 0.819 — quality score: 0.0 — good: False
2026-06-22 10:00:06  DEBUG     [camera.py:264]  Skipped low quality face (score: 0.0)
2026-06-22 10:00:06  DEBUG     [camera.py:94]  Rejected — InsightFace found no face.
2026-06-22 10:00:06  INFO      [camera.py:250]  Face detected — YOLO conf: 0.835 — quality score: 0.0 — good: False
2026-06-22 10:00:06  DEBUG     [camera.py:264]  Skipped low quality face (score: 0.0)
2026-06-22 10:00:06  DEBUG     [camera.py:94]  Rejected — InsightFace found no face.
2026-06-22 10:00:06  INFO      [camera.py:250]  Face detected — YOLO conf: 0.818 — quality score: 0.0 — good: False
2026-06-22 10:00:06  DEBUG     [camera.py:264]  Skipped low quality face (score: 0.0)
2026-06-22 10:00:06  DEBUG     [camera.py:94]  Rejected — InsightFace found no face.
2026-06-22 10:00:06  INFO      [camera.py:250]  Face detected — YOLO conf: 0.829 — quality score: 0.0 — good: False
2026-06-22 10:00:06  DEBUG     [camera.py:264]  Skipped low quality face (score: 0.0)
2026-06-22 10:00:06  DEBUG     [camera.py:94]  Rejected — InsightFace found no face.
2026-06-22 10:00:06  INFO      [camera.py:250]  Face detected — YOLO conf: 0.820 — quality score: 0.0 — good: False
2026-06-22 10:00:06  DEBUG     [camera.py:264]  Skipped low quality face (score: 0.0)
2026-06-22 10:00:06  DEBUG     [camera.py:94]  Rejected — InsightFace found no face.
2026-06-22 10:00:06  INFO      [camera.py:250]  Face detected — YOLO conf: 0.821 — quality score: 0.0 — good: False
2026-06-22 10:00:06  DEBUG     [camera.py:264]  Skipped low quality face (score: 0.0)
2026-06-22 10:00:06  DEBUG     [camera.py:94]  Rejected — InsightFace found no face.
2026-06-22 10:00:06  INFO      [camera.py:250]  Face detected — YOLO conf: 0.826 — quality score: 0.0 — good: False
2026-06-22 10:00:06  DEBUG     [camera.py:264]  Skipped low quality face (score: 0.0)
2026-06-22 10:00:06  DEBUG     [camera.py:94]  Rejected — InsightFace found no face.
2026-06-22 10:00:06  INFO      [camera.py:250]  Face detected — YOLO conf: 0.815 — quality score: 0.0 — good: False
2026-06-22 10:00:06  DEBUG     [camera.py:264]  Skipped low quality face (score: 0.0)
2026-06-22 10:00:06  DEBUG     [camera.py:94]  Rejected — InsightFace found no face.
2026-06-22 10:00:06  INFO      [camera.py:250]  Face detected — YOLO conf: 0.826 — quality score: 0.0 — good: False
2026-06-22 10:00:06  DEBUG     [camera.py:264]  Skipped low quality face (score: 0.0)
2026-06-22 10:00:06  DEBUG     [camera.py:94]  Rejected — InsightFace found no face.
2026-06-22 10:00:06  INFO      [camera.py:250]  Face detected — YOLO conf: 0.832 — quality score: 0.0 — good: False
2026-06-22 10:00:06  DEBUG     [camera.py:264]  Skipped low quality face (score: 0.0)
2026-06-22 10:00:07  DEBUG     [camera.py:94]  Rejected — InsightFace found no face.
2026-06-22 10:00:07  INFO      [camera.py:250]  Face detected — YOLO conf: 0.808 — quality score: 0.0 — good: False
2026-06-22 10:00:07  DEBUG     [camera.py:264]  Skipped low quality face (score: 0.0)
2026-06-22 10:00:07  DEBUG     [camera.py:94]  Rejected — InsightFace found no face.
2026-06-22 10:00:07  INFO      [camera.py:250]  Face detected — YOLO conf: 0.847 — quality score: 0.0 — good: False
2026-06-22 10:00:07  DEBUG     [camera.py:264]  Skipped low quality face (score: 0.0)
2026-06-22 10:00:07  DEBUG     [camera.py:94]  Rejected — InsightFace found no face.
2026-06-22 10:00:07  INFO      [camera.py:250]  Face detected — YOLO conf: 0.844 — quality score: 0.0 — good: False
2026-06-22 10:00:07  DEBUG     [camera.py:264]  Skipped low quality face (score: 0.0)
2026-06-22 10:00:07  DEBUG     [camera.py:94]  Rejected — InsightFace found no face.
2026-06-22 10:00:07  INFO      [camera.py:250]  Face detected — YOLO conf: 0.863 — quality score: 0.0 — good: False
2026-06-22 10:00:07  DEBUG     [camera.py:264]  Skipped low quality face (score: 0.0)
2026-06-22 10:00:07  DEBUG     [camera.py:94]  Rejected — InsightFace found no face.
2026-06-22 10:00:07  INFO      [camera.py:250]  Face detected — YOLO conf: 0.862 — quality score: 0.0 — good: False
2026-06-22 10:00:07  DEBUG     [camera.py:264]  Skipped low quality face (score: 0.0)
                                                                                                                                                                                                                                                                                                                                                                                                                                                                                                                                                                                                                                                                                                                                                                                                                                                                                                                                                                                                                                                                                                                                                                                                                                                                                                                                                                                                                                                                                                                                                                                                                                                                                                                                                                 2026-06-22 10:03:05  ERROR     [auth_service.py:28]  Cannot connect to Flask server at https://192.168.1.249:5004/scl/login_slc
2026-06-22 10:03:05  DEBUG     [client.py:31]  GET https://192.168.1.249:5004/scl/get-attendance/2107
2026-06-22 10:03:05  ERROR     [client.py:36]  Cannot connect to Flask server at https://192.168.1.249:5004/scl/get-attendance/2107
2026-06-22 10:03:05  ERROR     [student_service.py:14]  Failed to fetch students for calendar 2107: HTTPSConnectionPool(host='192.168.1.249', port=5004): Max retries exceeded with url: /scl/get-attendance/2107 (Caused by NewConnectionError('<urllib3.connection.HTTPSConnection object at 0x7046d4db44c0>: Failed to establish a new connection: [Errno 111] Connection refused'))
2026-06-22 10:03:06  INFO      [recognition.py:42]  Found 1 subject(s) already enrolled in CompreFace.
2026-06-22 10:03:06  INFO      [recognition.py:95]  Enrollment complete — 0/0 student(s) enrolled.
2026-06-22 10:03:06  INFO      [recognition.py:139]  Recognizing 2 person(s) for calendar 2107...
2026-06-22 10:03:21  INFO      [main.py:32]  Server is starting...
2026-06-22 10:03:21  ERROR     [auth_service.py:28]  Cannot connect to Flask server at https://192.168.1.249:5004/scl/login_slc
2026-06-22 10:03:21  ERROR     [main.py:37]  Login failed. Exiting.
2026-06-22 10:03:43  INFO      [main.py:32]  Server is starting...
2026-06-22 10:03:44  INFO      [auth_service.py:23]  Login successful.
2026-06-22 10:03:44  INFO      [main.py:52]  Checking calendars at 10:03:44
2026-06-22 10:03:44  DEBUG     [client.py:31]  GET https://192.168.1.249:5004/scl/get-all-calender
2026-06-22 10:03:44  INFO      [calendar_service.py:44]  Fetched 2 valid session(s).
2026-06-22 10:03:44  INFO      [main.py:87]  Processing calendar 2108 in room 7...
2026-06-22 10:03:44  DEBUG     [client.py:31]  GET https://192.168.1.249:5004/scl/get-all-camera-room/7
2026-06-22 10:03:44  INFO      [camera_service.py:11]  Fond 1 camera(s) in room7.
2026-06-22 10:03:44  DEBUG     [client.py:31]  GET https://192.168.1.249:5004/scl/get-attendance/2108
2026-06-22 10:03:44  INFO      [student_service.py:11]  Found 2 student(s) for calendar 2108
2026-06-22 10:03:44  INFO      [main.py:100]  Enrolling students for calendar 2108...
2026-06-22 10:03:44  INFO      [recognition.py:42]  Found 1 subject(s) already enrolled in CompreFace.
2026-06-22 10:03:44  INFO      [recognition.py:57]  Student 3 already enrolled in CompreFace — skipping.
2026-06-22 10:03:44  WARNING   [recognition.py:53]  Student 683 has no reference photo (userRefRlc is null) — skipping.
2026-06-22 10:03:44  INFO      [recognition.py:95]  Enrollment complete — 0/2 student(s) enrolled.
2026-06-22 10:03:44  INFO      [detector.py:15]  Starting detection for calendar 2108 in room 7...
2026-06-22 10:03:44  INFO      [detector.py:72]  Starting webcam process — device: /dev/video0
2026-06-22 10:03:44  INFO      [detector.py:89]  Started 1 detection process(es) for calendar 2108.
2026-06-22 10:03:44  INFO      [main.py:124]  Calendar 2108 started — 1 camera(s) running.
2026-06-22 10:03:44  INFO      [main.py:84]  Calendar 2108 already started — skipping.
2026-06-22 10:03:44  INFO      [main.py:176]  Calendar 2108 still running (6m 15s remaining).
2026-06-22 10:03:44  INFO      [main.py:188]  Active calendars: [2108]
2026-06-22 10:03:46  INFO      [camera.py:124]  CUDA is available — using GPU.
2026-06-22 10:03:46  INFO      [camera.py:133]  YOLO model loaded successfully.
2026-06-22 10:03:46  INFO      [session.py:29]  Created dataset folders for calendar 2108.
2026-06-22 10:03:46  INFO      [camera.py:180]  Connecting to webcam: /dev/video0
2026-06-22 10:03:46  INFO      [camera.py:205]  Connected to webcam — running face detection...
2026-06-22 10:03:54  INFO      [main.py:52]  Checking calendars at 10:03:54
2026-06-22 10:03:54  DEBUG     [client.py:31]  GET https://192.168.1.249:5004/scl/get-all-calender
2026-06-22 10:03:54  INFO      [calendar_service.py:44]  Fetched 2 valid session(s).
2026-06-22 10:03:54  INFO      [main.py:84]  Calendar 2108 already started — skipping.
2026-06-22 10:03:54  INFO      [main.py:84]  Calendar 2108 already started — skipping.
2026-06-22 10:03:54  INFO      [main.py:176]  Calendar 2108 still running (6m 5s remaining).
2026-06-22 10:03:54  INFO      [main.py:188]  Active calendars: [2108]
2026-06-22 10:04:04  INFO      [main.py:52]  Checking calendars at 10:04:04
2026-06-22 10:04:04  DEBUG     [client.py:31]  GET https://192.168.1.249:5004/scl/get-all-calender
2026-06-22 10:04:04  INFO      [calendar_service.py:44]  Fetched 2 valid session(s).
2026-06-22 10:04:04  INFO      [main.py:84]  Calendar 2108 already started — skipping.
2026-06-22 10:04:04  INFO      [main.py:84]  Calendar 2108 already started — skipping.
2026-06-22 10:04:04  INFO      [main.py:176]  Calendar 2108 still running (5m 55s remaining).
2026-06-22 10:04:04  INFO      [main.py:188]  Active calendars: [2108]
2026-06-22 10:04:10  INFO      [camera.py:45]  Initializing InsightFace quality checker...
2026-06-22 10:04:14  INFO      [main.py:52]  Checking calendars at 10:04:14
2026-06-22 10:04:14  DEBUG     [client.py:31]  GET https://192.168.1.249:5004/scl/get-all-calender
2026-06-22 10:04:14  INFO      [calendar_service.py:44]  Fetched 2 valid session(s).
2026-06-22 10:04:14  INFO      [main.py:84]  Calendar 2108 already started — skipping.
2026-06-22 10:04:14  INFO      [main.py:84]  Calendar 2108 already started — skipping.
2026-06-22 10:04:14  INFO      [main.py:176]  Calendar 2108 still running (5m 45s remaining).
2026-06-22 10:04:14  INFO      [main.py:188]  Active calendars: [2108]
2026-06-22 10:04:17  INFO      [camera.py:49]  InsightFace ready on GPU.
2026-06-22 10:04:20  DEBUG     [camera.py:94]  Rejected — InsightFace found no face.
2026-06-22 10:04:20  INFO      [camera.py:250]  Face detected — YOLO conf: 0.762 — quality score: 0.0 — good: False
2026-06-22 10:04:20  DEBUG     [camera.py:264]  Skipped low quality face (score: 0.0)
2026-06-22 10:04:20  DEBUG     [camera.py:94]  Rejected — InsightFace found no face.
2026-06-22 10:04:20  INFO      [camera.py:250]  Face detected — YOLO conf: 0.807 — quality score: 0.0 — good: False
2026-06-22 10:04:20  DEBUG     [camera.py:264]  Skipped low quality face (score: 0.0)
2026-06-22 10:04:20  DEBUG     [camera.py:94]  Rejected — InsightFace found no face.
2026-06-22 10:04:20  INFO      [camera.py:250]  Face detected — YOLO conf: 0.846 — quality score: 0.0 — good: False
2026-06-22 10:04:20  DEBUG     [camera.py:264]  Skipped low quality face (score: 0.0)
2026-06-22 10:04:20  DEBUG     [camera.py:94]  Rejected — InsightFace found no face.
2026-06-22 10:04:20  INFO      [camera.py:250]  Face detected — YOLO conf: 0.819 — quality score: 0.0 — good: False
2026-06-22 10:04:20  DEBUG     [camera.py:264]  Skipped low quality face (score: 0.0)
2026-06-22 10:04:20  DEBUG     [camera.py:94]  Rejected — InsightFace found no face.
2026-06-22 10:04:20  INFO      [camera.py:250]  Face detected — YOLO conf: 0.837 — quality score: 0.0 — good: False
2026-06-22 10:04:20  DEBUG     [camera.py:264]  Skipped low quality face (score: 0.0)
2026-06-22 10:04:21  DEBUG     [camera.py:94]  Rejected — InsightFace found no face.
2026-06-22 10:04:21  INFO      [camera.py:250]  Face detected — YOLO conf: 0.737 — quality score: 0.0 — good: False
2026-06-22 10:04:21  DEBUG     [camera.py:264]  Skipped low quality face (score: 0.0)
2026-06-22 10:04:21  DEBUG     [camera.py:94]  Rejected — InsightFace found no face.
2026-06-22 10:04:21  INFO      [camera.py:250]  Face detected — YOLO conf: 0.792 — quality score: 0.0 — good: False
2026-06-22 10:04:21  DEBUG     [camera.py:264]  Skipped low quality face (score: 0.0)
2026-06-22 10:04:21  DEBUG     [camera.py:94]  Rejected — InsightFace found no face.
2026-06-22 10:04:21  INFO      [camera.py:250]  Face detected — YOLO conf: 0.805 — quality score: 0.0 — good: False
2026-06-22 10:04:21  DEBUG     [camera.py:264]  Skipped low quality face (score: 0.0)
2026-06-22 10:04:21  DEBUG     [camera.py:94]  Rejected — InsightFace found no face.
2026-06-22 10:04:21  INFO      [camera.py:250]  Face detected — YOLO conf: 0.825 — quality score: 0.0 — good: False
2026-06-22 10:04:21  DEBUG     [camera.py:264]  Skipped low quality face (score: 0.0)
2026-06-22 10:04:21  DEBUG     [camera.py:94]  Rejected — InsightFace found no face.
2026-06-22 10:04:21  INFO      [camera.py:250]  Face detected — YOLO conf: 0.791 — quality score: 0.0 — good: False
2026-06-22 10:04:21  DEBUG     [camera.py:264]  Skipped low quality face (score: 0.0)
2026-06-22 10:04:21  DEBUG     [camera.py:94]  Rejected — InsightFace found no face.
2026-06-22 10:04:21  INFO      [camera.py:250]  Face detected — YOLO conf: 0.796 — quality score: 0.0 — good: False
2026-06-22 10:04:21  DEBUG     [camera.py:264]  Skipped low quality face (score: 0.0)
2026-06-22 10:04:21  DEBUG     [camera.py:94]  Rejected — InsightFace found no face.
2026-06-22 10:04:21  INFO      [camera.py:250]  Face detected — YOLO conf: 0.821 — quality score: 0.0 — good: False
2026-06-22 10:04:21  DEBUG     [camera.py:264]  Skipped low quality face (score: 0.0)
2026-06-22 10:04:22  DEBUG     [camera.py:94]  Rejected — InsightFace found no face.
2026-06-22 10:04:22  INFO      [camera.py:250]  Face detected — YOLO conf: 0.845 — quality score: 0.0 — good: False
2026-06-22 10:04:22  DEBUG     [camera.py:264]  Skipped low quality face (score: 0.0)
2026-06-22 10:04:22  DEBUG     [camera.py:94]  Rejected — InsightFace found no face.
2026-06-22 10:04:22  INFO      [camera.py:250]  Face detected — YOLO conf: 0.847 — quality score: 0.0 — good: False
2026-06-22 10:04:22  DEBUG     [camera.py:264]  Skipped low quality face (score: 0.0)
2026-06-22 10:04:22  DEBUG     [camera.py:94]  Rejected — InsightFace found no face.
2026-06-22 10:04:22  INFO      [camera.py:250]  Face detected — YOLO conf: 0.852 — quality score: 0.0 — good: False
2026-06-22 10:04:22  DEBUG     [camera.py:264]  Skipped low quality face (score: 0.0)
2026-06-22 10:04:22  DEBUG     [camera.py:94]  Rejected — InsightFace found no face.
2026-06-22 10:04:22  INFO      [camera.py:250]  Face detected — YOLO conf: 0.852 — quality score: 0.0 — good: False
2026-06-22 10:04:22  DEBUG     [camera.py:264]  Skipped low quality face (score: 0.0)
2026-06-22 10:04:22  DEBUG     [camera.py:94]  Rejected — InsightFace found no face.
2026-06-22 10:04:22  INFO      [camera.py:250]  Face detected — YOLO conf: 0.856 — quality score: 0.0 — good: False
2026-06-22 10:04:22  DEBUG     [camera.py:264]  Skipped low quality face (score: 0.0)
2026-06-22 10:04:22  DEBUG     [camera.py:94]  Rejected — InsightFace found no face.
2026-06-22 10:04:22  INFO      [camera.py:250]  Face detected — YOLO conf: 0.851 — quality score: 0.0 — good: False
2026-06-22 10:04:22  DEBUG     [camera.py:264]  Skipped low quality face (score: 0.0)
2026-06-22 10:04:22  DEBUG     [camera.py:94]  Rejected — InsightFace found no face.
2026-06-22 10:04:22  INFO      [camera.py:250]  Face detected — YOLO conf: 0.848 — quality score: 0.0 — good: False
2026-06-22 10:04:22  DEBUG     [camera.py:264]  Skipped low quality face (score: 0.0)
2026-06-22 10:04:22  DEBUG     [camera.py:94]  Rejected — InsightFace found no face.
2026-06-22 10:04:22  INFO      [camera.py:250]  Face detected — YOLO conf: 0.845 — quality score: 0.0 — good: False
2026-06-22 10:04:22  DEBUG     [camera.py:264]  Skipped low quality face (score: 0.0)
2026-06-22 10:04:22  DEBUG     [camera.py:94]  Rejected — InsightFace found no face.
2026-06-22 10:04:22  INFO      [camera.py:250]  Face detected — YOLO conf: 0.842 — quality score: 0.0 — good: False
2026-06-22 10:04:22  DEBUG     [camera.py:264]  Skipped low quality face (score: 0.0)
2026-06-22 10:04:23  DEBUG     [camera.py:94]  Rejected — InsightFace found no face.
2026-06-22 10:04:23  INFO      [camera.py:250]  Face detected — YOLO conf: 0.819 — quality score: 0.0 — good: False
2026-06-22 10:04:23  DEBUG     [camera.py:264]  Skipped low quality face (score: 0.0)
2026-06-22 10:04:23  DEBUG     [camera.py:94]  Rejected — InsightFace found no face.
2026-06-22 10:04:23  INFO      [camera.py:250]  Face detected — YOLO conf: 0.806 — quality score: 0.0 — good: False
2026-06-22 10:04:23  DEBUG     [camera.py:264]  Skipped low quality face (score: 0.0)
2026-06-22 10:04:23  DEBUG     [camera.py:94]  Rejected — InsightFace found no face.
2026-06-22 10:04:23  INFO      [camera.py:250]  Face detected — YOLO conf: 0.820 — quality score: 0.0 — good: False
2026-06-22 10:04:23  DEBUG     [camera.py:264]  Skipped low quality face (score: 0.0)
2026-06-22 10:04:23  DEBUG     [camera.py:94]  Rejected — InsightFace found no face.
2026-06-22 10:04:23  INFO      [camera.py:250]  Face detected — YOLO conf: 0.817 — quality score: 0.0 — good: False
2026-06-22 10:04:23  DEBUG     [camera.py:264]  Skipped low quality face (score: 0.0)
2026-06-22 10:04:23  DEBUG     [camera.py:94]  Rejected — InsightFace found no face.
2026-06-22 10:04:23  INFO      [camera.py:250]  Face detected — YOLO conf: 0.820 — quality score: 0.0 — good: False
2026-06-22 10:04:23  DEBUG     [camera.py:264]  Skipped low quality face (score: 0.0)
2026-06-22 10:04:23  DEBUG     [camera.py:94]  Rejected — InsightFace found no face.
2026-06-22 10:04:23  INFO      [camera.py:250]  Face detected — YOLO conf: 0.808 — quality score: 0.0 — good: False
2026-06-22 10:04:23  DEBUG     [camera.py:264]  Skipped low quality face (score: 0.0)
2026-06-22 10:04:23  DEBUG     [camera.py:94]  Rejected — InsightFace found no face.
2026-06-22 10:04:23  INFO      [camera.py:250]  Face detected — YOLO conf: 0.829 — quality score: 0.0 — good: False
2026-06-22 10:04:23  DEBUG     [camera.py:264]  Skipped low quality face (score: 0.0)
2026-06-22 10:04:23  DEBUG     [camera.py:94]  Rejected — InsightFace found no face.
2026-06-22 10:04:23  INFO      [camera.py:250]  Face detected — YOLO conf: 0.843 — quality score: 0.0 — good: False
2026-06-22 10:04:23  DEBUG     [camera.py:264]  Skipped low quality face (score: 0.0)
2026-06-22 10:04:23  DEBUG     [camera.py:94]  Rejected — InsightFace found no face.
2026-06-22 10:04:23  INFO      [camera.py:250]  Face detected — YOLO conf: 0.854 — quality score: 0.0 — good: False
2026-06-22 10:04:23  DEBUG     [camera.py:264]  Skipped low quality face (score: 0.0)
2026-06-22 10:04:23  DEBUG     [camera.py:94]  Rejected — InsightFace found no face.
2026-06-22 10:04:23  INFO      [camera.py:250]  Face detected — YOLO conf: 0.840 — quality score: 0.0 — good: False
2026-06-22 10:04:23  DEBUG     [camera.py:264]  Skipped low quality face (score: 0.0)
2026-06-22 10:04:23  DEBUG     [camera.py:94]  Rejected — InsightFace found no face.
2026-06-22 10:04:23  INFO      [camera.py:250]  Face detected — YOLO conf: 0.841 — quality score: 0.0 — good: False
2026-06-22 10:04:23  DEBUG     [camera.py:264]  Skipped low quality face (score: 0.0)
2026-06-22 10:04:24  DEBUG     [camera.py:94]  Rejected — InsightFace found no face.
2026-06-22 10:04:24  INFO      [camera.py:250]  Face detected — YOLO conf: 0.857 — quality score: 0.0 — good: False
2026-06-22 10:04:24  DEBUG     [camera.py:264]  Skipped low quality face (score: 0.0)
2026-06-22 10:04:24  DEBUG     [camera.py:94]  Rejected — InsightFace found no face.
2026-06-22 10:04:24  INFO      [camera.py:250]  Face detected — YOLO conf: 0.872 — quality score: 0.0 — good: False
2026-06-22 10:04:24  DEBUG     [camera.py:264]  Skipped low quality face (score: 0.0)
2026-06-22 10:04:24  DEBUG     [camera.py:94]  Rejected — InsightFace found no face.
2026-06-22 10:04:24  INFO      [camera.py:250]  Face detected — YOLO conf: 0.856 — quality score: 0.0 — good: False
2026-06-22 10:04:24  DEBUG     [camera.py:264]  Skipped low quality face (score: 0.0)
2026-06-22 10:04:24  INFO      [main.py:52]  Checking calendars at 10:04:24
2026-06-22 10:04:24  DEBUG     [client.py:31]  GET https://192.168.1.249:5004/scl/get-all-calender
2026-06-22 10:04:24  INFO      [calendar_service.py:44]  Fetched 2 valid session(s).
2026-06-22 10:04:24  INFO      [main.py:84]  Calendar 2108 already started — skipping.
2026-06-22 10:04:24  INFO      [main.py:84]  Calendar 2108 already started — skipping.
2026-06-22 10:04:24  INFO      [main.py:176]  Calendar 2108 still running (5m 35s remaining).
2026-06-22 10:04:24  INFO      [main.py:188]  Active calendars: [2108]
2026-06-22 10:04:24  DEBUG     [camera.py:94]  Rejected — InsightFace found no face.
2026-06-22 10:04:24  INFO      [camera.py:250]  Face detected — YOLO conf: 0.864 — quality score: 0.0 — good: False
2026-06-22 10:04:24  DEBUG     [camera.py:264]  Skipped low quality face (score: 0.0)
2026-06-22 10:04:24  DEBUG     [camera.py:94]  Rejected — InsightFace found no face.
2026-06-22 10:04:24  INFO      [camera.py:250]  Face detected — YOLO conf: 0.851 — quality score: 0.0 — good: False
2026-06-22 10:04:24  DEBUG     [camera.py:264]  Skipped low quality face (score: 0.0)
2026-06-22 10:04:24  DEBUG     [camera.py:94]  Rejected — InsightFace found no face.
2026-06-22 10:04:24  INFO      [camera.py:250]  Face detected — YOLO conf: 0.848 — quality score: 0.0 — good: False
2026-06-22 10:04:24  DEBUG     [camera.py:264]  Skipped low quality face (score: 0.0)
2026-06-22 10:04:24  DEBUG     [camera.py:94]  Rejected — InsightFace found no face.
2026-06-22 10:04:24  INFO      [camera.py:250]  Face detected — YOLO conf: 0.854 — quality score: 0.0 — good: False
2026-06-22 10:04:24  DEBUG     [camera.py:264]  Skipped low quality face (score: 0.0)
2026-06-22 10:04:24  DEBUG     [camera.py:94]  Rejected — InsightFace found no face.
2026-06-22 10:04:24  INFO      [camera.py:250]  Face detected — YOLO conf: 0.841 — quality score: 0.0 — good: False
2026-06-22 10:04:24  DEBUG     [camera.py:264]  Skipped low quality face (score: 0.0)
2026-06-22 10:04:24  DEBUG     [camera.py:94]  Rejected — InsightFace found no face.
2026-06-22 10:04:24  INFO      [camera.py:250]  Face detected — YOLO conf: 0.807 — quality score: 0.0 — good: False
2026-06-22 10:04:24  DEBUG     [camera.py:264]  Skipped low quality face (score: 0.0)
2026-06-22 10:04:34  INFO      [main.py:52]  Checking calendars at 10:04:34
2026-06-22 10:04:34  DEBUG     [client.py:31]  GET https://192.168.1.249:5004/scl/get-all-calender
2026-06-22 10:04:34  INFO      [calendar_service.py:44]  Fetched 2 valid session(s).
2026-06-22 10:04:34  INFO      [main.py:84]  Calendar 2108 already started — skipping.
2026-06-22 10:04:34  INFO      [main.py:84]  Calendar 2108 already started — skipping.
2026-06-22 10:04:34  INFO      [main.py:176]  Calendar 2108 still running (5m 25s remaining).
2026-06-22 10:04:34  INFO      [main.py:188]  Active calendars: [2108]
2026-06-22 10:04:34  DEBUG     [camera.py:94]  Rejected — InsightFace found no face.
2026-06-22 10:04:34  INFO      [camera.py:250]  Face detected — YOLO conf: 0.804 — quality score: 0.0 — good: False
2026-06-22 10:04:34  DEBUG     [camera.py:264]  Skipped low quality face (score: 0.0)
2026-06-22 10:04:34  DEBUG     [camera.py:94]  Rejected — InsightFace found no face.
2026-06-22 10:04:34  INFO      [camera.py:250]  Face detected — YOLO conf: 0.843 — quality score: 0.0 — good: False
2026-06-22 10:04:34  DEBUG     [camera.py:264]  Skipped low quality face (score: 0.0)
2026-06-22 10:04:34  DEBUG     [camera.py:94]  Rejected — InsightFace found no face.
2026-06-22 10:04:34  INFO      [camera.py:250]  Face detected — YOLO conf: 0.867 — quality score: 0.0 — good: False
2026-06-22 10:04:34  DEBUG     [camera.py:264]  Skipped low quality face (score: 0.0)
2026-06-22 10:04:35  DEBUG     [camera.py:94]  Rejected — InsightFace found no face.
2026-06-22 10:04:35  INFO      [camera.py:250]  Face detected — YOLO conf: 0.855 — quality score: 0.0 — good: False
2026-06-22 10:04:35  DEBUG     [camera.py:264]  Skipped low quality face (score: 0.0)
2026-06-22 10:04:35  DEBUG     [camera.py:94]  Rejected — InsightFace found no face.
2026-06-22 10:04:35  INFO      [camera.py:250]  Face detected — YOLO conf: 0.865 — quality score: 0.0 — good: False
2026-06-22 10:04:35  DEBUG     [camera.py:264]  Skipped low quality face (score: 0.0)
2026-06-22 10:04:35  DEBUG     [camera.py:94]  Rejected — InsightFace found no face.
2026-06-22 10:04:35  INFO      [camera.py:250]  Face detected — YOLO conf: 0.854 — quality score: 0.0 — good: False
2026-06-22 10:04:35  DEBUG     [camera.py:264]  Skipped low quality face (score: 0.0)
2026-06-22 10:04:35  DEBUG     [camera.py:94]  Rejected — InsightFace found no face.
2026-06-22 10:04:35  INFO      [camera.py:250]  Face detected — YOLO conf: 0.842 — quality score: 0.0 — good: False
2026-06-22 10:04:35  DEBUG     [camera.py:264]  Skipped low quality face (score: 0.0)
2026-06-22 10:04:35  DEBUG     [camera.py:94]  Rejected — InsightFace found no face.
2026-06-22 10:04:35  INFO      [camera.py:250]  Face detected — YOLO conf: 0.834 — quality score: 0.0 — good: False
2026-06-22 10:04:35  DEBUG     [camera.py:264]  Skipped low quality face (score: 0.0)
2026-06-22 10:04:35  DEBUG     [camera.py:94]  Rejected — InsightFace found no face.
2026-06-22 10:04:35  INFO      [camera.py:250]  Face detected — YOLO conf: 0.836 — quality score: 0.0 — good: False
2026-06-22 10:04:35  DEBUG     [camera.py:264]  Skipped low quality face (score: 0.0)
2026-06-22 10:04:35  DEBUG     [camera.py:94]  Rejected — InsightFace found no face.
2026-06-22 10:04:35  INFO      [camera.py:250]  Face detected — YOLO conf: 0.823 — quality score: 0.0 — good: False
2026-06-22 10:04:35  DEBUG     [camera.py:264]  Skipped low quality face (score: 0.0)
2026-06-22 10:04:35  DEBUG     [camera.py:94]  Rejected — InsightFace found no face.
2026-06-22 10:04:35  INFO      [camera.py:250]  Face detected — YOLO conf: 0.811 — quality score: 0.0 — good: False
2026-06-22 10:04:35  DEBUG     [camera.py:264]  Skipped low quality face (score: 0.0)
2026-06-22 10:04:35  DEBUG     [camera.py:94]  Rejected — InsightFace found no face.
2026-06-22 10:04:35  INFO      [camera.py:250]  Face detected — YOLO conf: 0.818 — quality score: 0.0 — good: False
2026-06-22 10:04:35  DEBUG     [camera.py:264]  Skipped low quality face (score: 0.0)
2026-06-22 10:04:36  DEBUG     [camera.py:94]  Rejected — InsightFace found no face.
2026-06-22 10:04:36  INFO      [camera.py:250]  Face detected — YOLO conf: 0.811 — quality score: 0.0 — good: False
2026-06-22 10:04:36  DEBUG     [camera.py:264]  Skipped low quality face (score: 0.0)
2026-06-22 10:04:36  DEBUG     [camera.py:94]  Rejected — InsightFace found no face.
2026-06-22 10:04:36  INFO      [camera.py:250]  Face detected — YOLO conf: 0.810 — quality score: 0.0 — good: False
2026-06-22 10:04:36  DEBUG     [camera.py:264]  Skipped low quality face (score: 0.0)
2026-06-22 10:04:36  DEBUG     [camera.py:94]  Rejected — InsightFace found no face.
2026-06-22 10:04:36  INFO      [camera.py:250]  Face detected — YOLO conf: 0.791 — quality score: 0.0 — good: False
2026-06-22 10:04:36  DEBUG     [camera.py:264]  Skipped low quality face (score: 0.0)
2026-06-22 10:04:36  DEBUG     [camera.py:94]  Rejected — InsightFace found no face.
2026-06-22 10:04:36  INFO      [camera.py:250]  Face detected — YOLO conf: 0.767 — quality score: 0.0 — good: False
2026-06-22 10:04:36  DEBUG     [camera.py:264]  Skipped low quality face (score: 0.0)
2026-06-22 10:04:36  DEBUG     [camera.py:94]  Rejected — InsightFace found no face.
2026-06-22 10:04:36  INFO      [camera.py:250]  Face detected — YOLO conf: 0.830 — quality score: 0.0 — good: False
2026-06-22 10:04:36  DEBUG     [camera.py:264]  Skipped low quality face (score: 0.0)
2026-06-22 10:04:36  DEBUG     [camera.py:94]  Rejected — InsightFace found no face.
2026-06-22 10:04:36  INFO      [camera.py:250]  Face detected — YOLO conf: 0.806 — quality score: 0.0 — good: False
2026-06-22 10:04:36  DEBUG     [camera.py:264]  Skipped low quality face (score: 0.0)
2026-06-22 10:04:36  DEBUG     [camera.py:94]  Rejected — InsightFace found no face.
2026-06-22 10:04:36  INFO      [camera.py:250]  Face detected — YOLO conf: 0.839 — quality score: 0.0 — good: False
2026-06-22 10:04:36  DEBUG     [camera.py:264]  Skipped low quality face (score: 0.0)
2026-06-22 10:04:36  DEBUG     [camera.py:94]  Rejected — InsightFace found no face.
2026-06-22 10:04:36  INFO      [camera.py:250]  Face detected — YOLO conf: 0.810 — quality score: 0.0 — good: False
2026-06-22 10:04:36  DEBUG     [camera.py:264]  Skipped low quality face (score: 0.0)
2026-06-22 10:04:36  DEBUG     [camera.py:94]  Rejected — InsightFace found no face.
2026-06-22 10:04:36  INFO      [camera.py:250]  Face detected — YOLO conf: 0.800 — quality score: 0.0 — good: False
2026-06-22 10:04:36  DEBUG     [camera.py:264]  Skipped low quality face (score: 0.0)
2026-06-22 10:04:36  DEBUG     [camera.py:94]  Rejected — InsightFace found no face.
2026-06-22 10:04:36  INFO      [camera.py:250]  Face detected — YOLO conf: 0.823 — quality score: 0.0 — good: False
2026-06-22 10:04:36  DEBUG     [camera.py:264]  Skipped low quality face (score: 0.0)
2026-06-22 10:04:37  DEBUG     [camera.py:94]  Rejected — InsightFace found no face.
2026-06-22 10:04:37  INFO      [camera.py:250]  Face detected — YOLO conf: 0.814 — quality score: 0.0 — good: False
2026-06-22 10:04:37  DEBUG     [camera.py:264]  Skipped low quality face (score: 0.0)
2026-06-22 10:04:37  DEBUG     [camera.py:94]  Rejected — InsightFace found no face.
2026-06-22 10:04:37  INFO      [camera.py:250]  Face detected — YOLO conf: 0.814 — quality score: 0.0 — good: False
2026-06-22 10:04:37  DEBUG     [camera.py:264]  Skipped low quality face (score: 0.0)
2026-06-22 10:04:37  DEBUG     [camera.py:94]  Rejected — InsightFace found no face.
2026-06-22 10:04:37  INFO      [camera.py:250]  Face detected — YOLO conf: 0.826 — quality score: 0.0 — good: False
2026-06-22 10:04:37  DEBUG     [camera.py:264]  Skipped low quality face (score: 0.0)
2026-06-22 10:04:37  DEBUG     [camera.py:94]  Rejected — InsightFace found no face.
2026-06-22 10:04:37  INFO      [camera.py:250]  Face detected — YOLO conf: 0.857 — quality score: 0.0 — good: False
2026-06-22 10:04:37  DEBUG     [camera.py:264]  Skipped low quality face (score: 0.0)
2026-06-22 10:04:37  DEBUG     [camera.py:94]  Rejected — InsightFace found no face.
2026-06-22 10:04:37  INFO      [camera.py:250]  Face detected — YOLO conf: 0.839 — quality score: 0.0 — good: False
2026-06-22 10:04:37  DEBUG     [camera.py:264]  Skipped low quality face (score: 0.0)
2026-06-22 10:04:37  DEBUG     [camera.py:94]  Rejected — InsightFace found no face.
2026-06-22 10:04:37  INFO      [camera.py:250]  Face detected — YOLO conf: 0.846 — quality score: 0.0 — good: False
2026-06-22 10:04:37  DEBUG     [camera.py:264]  Skipped low quality face (score: 0.0)
2026-06-22 10:04:37  DEBUG     [camera.py:94]  Rejected — InsightFace found no face.
2026-06-22 10:04:37  INFO      [camera.py:250]  Face detected — YOLO conf: 0.845 — quality score: 0.0 — good: False
2026-06-22 10:04:37  DEBUG     [camera.py:264]  Skipped low quality face (score: 0.0)
2026-06-22 10:04:37  DEBUG     [camera.py:94]  Rejected — InsightFace found no face.
2026-06-22 10:04:37  INFO      [camera.py:250]  Face detected — YOLO conf: 0.844 — quality score: 0.0 — good: False
2026-06-22 10:04:37  DEBUG     [camera.py:264]  Skipped low quality face (score: 0.0)
2026-06-22 10:04:37  DEBUG     [camera.py:94]  Rejected — InsightFace found no face.
2026-06-22 10:04:37  INFO      [camera.py:250]  Face detected — YOLO conf: 0.879 — quality score: 0.0 — good: False
2026-06-22 10:04:37  DEBUG     [camera.py:264]  Skipped low quality face (score: 0.0)
2026-06-22 10:04:37  DEBUG     [camera.py:94]  Rejected — InsightFace found no face.
2026-06-22 10:04:37  INFO      [camera.py:250]  Face detected — YOLO conf: 0.881 — quality score: 0.0 — good: False
2026-06-22 10:04:37  DEBUG     [camera.py:264]  Skipped low quality face (score: 0.0)
2026-06-22 10:04:38  DEBUG     [camera.py:94]  Rejected — InsightFace found no face.
2026-06-22 10:04:38  INFO      [camera.py:250]  Face detected — YOLO conf: 0.869 — quality score: 0.0 — good: False
2026-06-22 10:04:38  DEBUG     [camera.py:264]  Skipped low quality face (score: 0.0)
2026-06-22 10:04:38  DEBUG     [camera.py:94]  Rejected — InsightFace found no face.
2026-06-22 10:04:38  INFO      [camera.py:250]  Face detected — YOLO conf: 0.852 — quality score: 0.0 — good: False
2026-06-22 10:04:38  DEBUG     [camera.py:264]  Skipped low quality face (score: 0.0)
2026-06-22 10:04:38  DEBUG     [camera.py:94]  Rejected — InsightFace found no face.
2026-06-22 10:04:38  INFO      [camera.py:250]  Face detected — YOLO conf: 0.840 — quality score: 0.0 — good: False
2026-06-22 10:04:38  DEBUG     [camera.py:264]  Skipped low quality face (score: 0.0)
2026-06-22 10:04:38  DEBUG     [camera.py:94]  Rejected — InsightFace found no face.
2026-06-22 10:04:38  INFO      [camera.py:250]  Face detected — YOLO conf: 0.823 — quality score: 0.0 — good: False
2026-06-22 10:04:38  DEBUG     [camera.py:264]  Skipped low quality face (score: 0.0)
2026-06-22 10:04:38  DEBUG     [camera.py:94]  Rejected — InsightFace found no face.
2026-06-22 10:04:38  INFO      [camera.py:250]  Face detected — YOLO conf: 0.812 — quality score: 0.0 — good: False
2026-06-22 10:04:38  DEBUG     [camera.py:264]  Skipped low quality face (score: 0.0)
2026-06-22 10:04:38  DEBUG     [camera.py:94]  Rejected — InsightFace found no face.
2026-06-22 10:04:38  INFO      [camera.py:250]  Face detected — YOLO conf: 0.805 — quality score: 0.0 — good: False
2026-06-22 10:04:38  DEBUG     [camera.py:264]  Skipped low quality face (score: 0.0)
2026-06-22 10:04:38  DEBUG     [camera.py:94]  Rejected — InsightFace found no face.
2026-06-22 10:04:38  INFO      [camera.py:250]  Face detected — YOLO conf: 0.814 — quality score: 0.0 — good: False
2026-06-22 10:04:38  DEBUG     [camera.py:264]  Skipped low quality face (score: 0.0)
2026-06-22 10:04:38  DEBUG     [camera.py:94]  Rejected — InsightFace found no face.
2026-06-22 10:04:38  INFO      [camera.py:250]  Face detected — YOLO conf: 0.837 — quality score: 0.0 — good: False
2026-06-22 10:04:38  DEBUG     [camera.py:264]  Skipped low quality face (score: 0.0)
2026-06-22 10:04:38  DEBUG     [camera.py:80]  Rejected — too blurry (blur score: 20.3)
2026-06-22 10:04:38  INFO      [camera.py:250]  Face detected — YOLO conf: 0.780 — quality score: 0.0 — good: False
2026-06-22 10:04:38  DEBUG     [camera.py:264]  Skipped low quality face (score: 0.0)
2026-06-22 10:04:38  DEBUG     [camera.py:80]  Rejected — too blurry (blur score: 27.5)
2026-06-22 10:04:38  INFO      [camera.py:250]  Face detected — YOLO conf: 0.856 — quality score: 0.0 — good: False
2026-06-22 10:04:38  DEBUG     [camera.py:264]  Skipped low quality face (score: 0.0)
2026-06-22 10:04:39  DEBUG     [camera.py:80]  Rejected — too blurry (blur score: 27.4)
2026-06-22 10:04:39  INFO      [camera.py:250]  Face detected — YOLO conf: 0.872 — quality score: 0.0 — good: False
2026-06-22 10:04:39  DEBUG     [camera.py:264]  Skipped low quality face (score: 0.0)
2026-06-22 10:04:39  DEBUG     [camera.py:94]  Rejected — InsightFace found no face.
2026-06-22 10:04:39  INFO      [camera.py:250]  Face detected — YOLO conf: 0.807 — quality score: 0.0 — good: False
2026-06-22 10:04:39  DEBUG     [camera.py:264]  Skipped low quality face (score: 0.0)
2026-06-22 10:04:39  DEBUG     [camera.py:94]  Rejected — InsightFace found no face.
2026-06-22 10:04:39  INFO      [camera.py:250]  Face detected — YOLO conf: 0.807 — quality score: 0.0 — good: False
2026-06-22 10:04:39  DEBUG     [camera.py:264]  Skipped low quality face (score: 0.0)
2026-06-22 10:04:42  DEBUG     [camera.py:109]  Quality — score: 0.717 blur: 32.0 brightness: 81.3
2026-06-22 10:04:42  INFO      [camera.py:250]  Face detected — YOLO conf: 0.853 — quality score: 0.717 — good: True
2026-06-22 10:04:42  INFO      [camera.py:262]  Saved face (quality: 0.717): face_20260622_100442_148.jpg
2026-06-22 10:04:42  DEBUG     [camera.py:109]  Quality — score: 0.660 blur: 47.6 brightness: 78.7
2026-06-22 10:04:42  INFO      [camera.py:250]  Face detected — YOLO conf: 0.853 — quality score: 0.66 — good: True
2026-06-22 10:04:42  INFO      [camera.py:262]  Saved face (quality: 0.66): face_20260622_100442_230.jpg
2026-06-22 10:04:42  DEBUG     [camera.py:94]  Rejected — InsightFace found no face.
2026-06-22 10:04:42  INFO      [camera.py:250]  Face detected — YOLO conf: 0.852 — quality score: 0.0 — good: False
2026-06-22 10:04:42  DEBUG     [camera.py:264]  Skipped low quality face (score: 0.0)
2026-06-22 10:04:42  DEBUG     [camera.py:109]  Quality — score: 0.640 blur: 49.6 brightness: 74.3
2026-06-22 10:04:42  INFO      [camera.py:250]  Face detected — YOLO conf: 0.834 — quality score: 0.64 — good: True
2026-06-22 10:04:42  INFO      [camera.py:262]  Saved face (quality: 0.64): face_20260622_100442_310.jpg
2026-06-22 10:04:42  DEBUG     [camera.py:94]  Rejected — InsightFace found no face.
2026-06-22 10:04:42  INFO      [camera.py:250]  Face detected — YOLO conf: 0.850 — quality score: 0.0 — good: False
2026-06-22 10:04:42  DEBUG     [camera.py:264]  Skipped low quality face (score: 0.0)
2026-06-22 10:04:43  DEBUG     [camera.py:94]  Rejected — InsightFace found no face.
2026-06-22 10:04:43  INFO      [camera.py:250]  Face detected — YOLO conf: 0.703 — quality score: 0.0 — good: False
2026-06-22 10:04:43  DEBUG     [camera.py:264]  Skipped low quality face (score: 0.0)
2026-06-22 10:04:44  INFO      [main.py:52]  Checking calendars at 10:04:44
2026-06-22 10:04:44  DEBUG     [client.py:31]  GET https://192.168.1.249:5004/scl/get-all-calender
2026-06-22 10:04:44  INFO      [calendar_service.py:44]  Fetched 2 valid session(s).
2026-06-22 10:04:44  INFO      [main.py:84]  Calendar 2108 already started — skipping.
2026-06-22 10:04:44  INFO      [main.py:84]  Calendar 2108 already started — skipping.
2026-06-22 10:04:44  INFO      [main.py:176]  Calendar 2108 still running (5m 15s remaining).
2026-06-22 10:04:44  INFO      [main.py:188]  Active calendars: [2108]
2026-06-22 10:04:54  DEBUG     [camera.py:94]  Rejected — InsightFace found no face.
2026-06-22 10:04:54  INFO      [camera.py:250]  Face detected — YOLO conf: 0.756 — quality score: 0.0 — good: False
2026-06-22 10:04:54  DEBUG     [camera.py:264]  Skipped low quality face (score: 0.0)
2026-06-22 10:04:54  INFO      [main.py:52]  Checking calendars at 10:04:54
2026-06-22 10:04:54  DEBUG     [client.py:31]  GET https://192.168.1.249:5004/scl/get-all-calender
2026-06-22 10:04:54  INFO      [calendar_service.py:44]  Fetched 2 valid session(s).
2026-06-22 10:04:54  INFO      [main.py:84]  Calendar 2108 already started — skipping.
2026-06-22 10:04:54  INFO      [main.py:84]  Calendar 2108 already started — skipping.
2026-06-22 10:04:54  INFO      [main.py:176]  Calendar 2108 still running (5m 5s remaining).
2026-06-22 10:04:54  INFO      [main.py:188]  Active calendars: [2108]
2026-06-22 10:04:54  DEBUG     [camera.py:94]  Rejected — InsightFace found no face.
2026-06-22 10:04:54  INFO      [camera.py:250]  Face detected — YOLO conf: 0.761 — quality score: 0.0 — good: False
2026-06-22 10:04:54  DEBUG     [camera.py:264]  Skipped low quality face (score: 0.0)
2026-06-22 10:04:54  DEBUG     [camera.py:94]  Rejected — InsightFace found no face.
2026-06-22 10:04:54  INFO      [camera.py:250]  Face detected — YOLO conf: 0.764 — quality score: 0.0 — good: False
2026-06-22 10:04:54  DEBUG     [camera.py:264]  Skipped low quality face (score: 0.0)
2026-06-22 10:04:54  DEBUG     [camera.py:94]  Rejected — InsightFace found no face.
2026-06-22 10:04:54  INFO      [camera.py:250]  Face detected — YOLO conf: 0.781 — quality score: 0.0 — good: False
2026-06-22 10:04:54  DEBUG     [camera.py:264]  Skipped low quality face (score: 0.0)
2026-06-22 10:04:54  DEBUG     [camera.py:94]  Rejected — InsightFace found no face.
2026-06-22 10:04:54  INFO      [camera.py:250]  Face detected — YOLO conf: 0.786 — quality score: 0.0 — good: False
2026-06-22 10:04:54  DEBUG     [camera.py:264]  Skipped low quality face (score: 0.0)
2026-06-22 10:04:54  DEBUG     [camera.py:94]  Rejected — InsightFace found no face.
2026-06-22 10:04:54  INFO      [camera.py:250]  Face detected — YOLO conf: 0.788 — quality score: 0.0 — good: False
2026-06-22 10:04:54  DEBUG     [camera.py:264]  Skipped low quality face (score: 0.0)
2026-06-22 10:04:54  DEBUG     [camera.py:94]  Rejected — InsightFace found no face.
2026-06-22 10:04:54  INFO      [camera.py:250]  Face detected — YOLO conf: 0.781 — quality score: 0.0 — good: False
2026-06-22 10:04:54  DEBUG     [camera.py:264]  Skipped low quality face (score: 0.0)
2026-06-22 10:04:55  DEBUG     [camera.py:94]  Rejected — InsightFace found no face.
2026-06-22 10:04:55  INFO      [camera.py:250]  Face detected — YOLO conf: 0.778 — quality score: 0.0 — good: False
2026-06-22 10:04:55  DEBUG     [camera.py:264]  Skipped low quality face (score: 0.0)
2026-06-22 10:04:55  DEBUG     [camera.py:94]  Rejected — InsightFace found no face.
2026-06-22 10:04:55  INFO      [camera.py:250]  Face detected — YOLO conf: 0.777 — quality score: 0.0 — good: False
2026-06-22 10:04:55  DEBUG     [camera.py:264]  Skipped low quality face (score: 0.0)
2026-06-22 10:04:55  DEBUG     [camera.py:94]  Rejected — InsightFace found no face.
2026-06-22 10:04:55  INFO      [camera.py:250]  Face detected — YOLO conf: 0.757 — quality score: 0.0 — good: False
2026-06-22 10:04:55  DEBUG     [camera.py:264]  Skipped low quality face (score: 0.0)
2026-06-22 10:04:57  DEBUG     [camera.py:94]  Rejected — InsightFace found no face.
2026-06-22 10:04:57  INFO      [camera.py:250]  Face detected — YOLO conf: 0.726 — quality score: 0.0 — good: False
2026-06-22 10:04:57  DEBUG     [camera.py:264]  Skipped low quality face (score: 0.0)
2026-06-22 10:04:57  DEBUG     [camera.py:94]  Rejected — InsightFace found no face.
2026-06-22 10:04:57  INFO      [camera.py:250]  Face detected — YOLO conf: 0.740 — quality score: 0.0 — good: False
2026-06-22 10:04:57  DEBUG     [camera.py:264]  Skipped low quality face (score: 0.0)
2026-06-22 10:04:57  DEBUG     [camera.py:94]  Rejected — InsightFace found no face.
2026-06-22 10:04:57  INFO      [camera.py:250]  Face detected — YOLO conf: 0.710 — quality score: 0.0 — good: False
2026-06-22 10:04:57  DEBUG     [camera.py:264]  Skipped low quality face (score: 0.0)
2026-06-22 10:04:58  DEBUG     [camera.py:94]  Rejected — InsightFace found no face.
2026-06-22 10:04:58  INFO      [camera.py:250]  Face detected — YOLO conf: 0.765 — quality score: 0.0 — good: False
2026-06-22 10:04:58  DEBUG     [camera.py:264]  Skipped low quality face (score: 0.0)
2026-06-22 10:04:58  DEBUG     [camera.py:94]  Rejected — InsightFace found no face.
2026-06-22 10:04:58  INFO      [camera.py:250]  Face detected — YOLO conf: 0.791 — quality score: 0.0 — good: False
2026-06-22 10:04:58  DEBUG     [camera.py:264]  Skipped low quality face (score: 0.0)
2026-06-22 10:04:58  DEBUG     [camera.py:94]  Rejected — InsightFace found no face.
2026-06-22 10:04:58  INFO      [camera.py:250]  Face detected — YOLO conf: 0.790 — quality score: 0.0 — good: False
2026-06-22 10:04:58  DEBUG     [camera.py:264]  Skipped low quality face (score: 0.0)
2026-06-22 10:04:58  DEBUG     [camera.py:94]  Rejected — InsightFace found no face.
2026-06-22 10:04:58  INFO      [camera.py:250]  Face detected — YOLO conf: 0.812 — quality score: 0.0 — good: False
2026-06-22 10:04:58  DEBUG     [camera.py:264]  Skipped low quality face (score: 0.0)
2026-06-22 10:04:58  DEBUG     [camera.py:94]  Rejected — InsightFace found no face.
2026-06-22 10:04:58  INFO      [camera.py:250]  Face detected — YOLO conf: 0.777 — quality score: 0.0 — good: False
2026-06-22 10:04:58  DEBUG     [camera.py:264]  Skipped low quality face (score: 0.0)
2026-06-22 10:04:58  DEBUG     [camera.py:94]  Rejected — InsightFace found no face.
2026-06-22 10:04:58  INFO      [camera.py:250]  Face detected — YOLO conf: 0.753 — quality score: 0.0 — good: False
2026-06-22 10:04:58  DEBUG     [camera.py:264]  Skipped low quality face (score: 0.0)
2026-06-22 10:04:58  DEBUG     [camera.py:94]  Rejected — InsightFace found no face.
2026-06-22 10:04:58  INFO      [camera.py:250]  Face detected — YOLO conf: 0.789 — quality score: 0.0 — good: False
2026-06-22 10:04:58  DEBUG     [camera.py:264]  Skipped low quality face (score: 0.0)
2026-06-22 10:04:59  DEBUG     [camera.py:94]  Rejected — InsightFace found no face.
2026-06-22 10:04:59  INFO      [camera.py:250]  Face detected — YOLO conf: 0.830 — quality score: 0.0 — good: False
2026-06-22 10:04:59  DEBUG     [camera.py:264]  Skipped low quality face (score: 0.0)
2026-06-22 10:04:59  DEBUG     [camera.py:94]  Rejected — InsightFace found no face.
2026-06-22 10:04:59  INFO      [camera.py:250]  Face detected — YOLO conf: 0.799 — quality score: 0.0 — good: False
2026-06-22 10:04:59  DEBUG     [camera.py:264]  Skipped low quality face (score: 0.0)
2026-06-22 10:04:59  DEBUG     [camera.py:94]  Rejected — InsightFace found no face.
2026-06-22 10:04:59  INFO      [camera.py:250]  Face detected — YOLO conf: 0.832 — quality score: 0.0 — good: False
2026-06-22 10:04:59  DEBUG     [camera.py:264]  Skipped low quality face (score: 0.0)
2026-06-22 10:04:59  DEBUG     [camera.py:94]  Rejected — InsightFace found no face.
2026-06-22 10:04:59  INFO      [camera.py:250]  Face detected — YOLO conf: 0.810 — quality score: 0.0 — good: False
2026-06-22 10:04:59  DEBUG     [camera.py:264]  Skipped low quality face (score: 0.0)
2026-06-22 10:04:59  DEBUG     [camera.py:94]  Rejected — InsightFace found no face.
2026-06-22 10:04:59  INFO      [camera.py:250]  Face detected — YOLO conf: 0.765 — quality score: 0.0 — good: False
2026-06-22 10:04:59  DEBUG     [camera.py:264]  Skipped low quality face (score: 0.0)
2026-06-22 10:04:59  DEBUG     [camera.py:94]  Rejected — InsightFace found no face.
2026-06-22 10:04:59  INFO      [camera.py:250]  Face detected — YOLO conf: 0.769 — quality score: 0.0 — good: False
2026-06-22 10:04:59  DEBUG     [camera.py:264]  Skipped low quality face (score: 0.0)
2026-06-22 10:04:59  DEBUG     [camera.py:94]  Rejected — InsightFace found no face.
2026-06-22 10:04:59  INFO      [camera.py:250]  Face detected — YOLO conf: 0.818 — quality score: 0.0 — good: False
2026-06-22 10:04:59  DEBUG     [camera.py:264]  Skipped low quality face (score: 0.0)
2026-06-22 10:04:59  DEBUG     [camera.py:94]  Rejected — InsightFace found no face.
2026-06-22 10:04:59  INFO      [camera.py:250]  Face detected — YOLO conf: 0.824 — quality score: 0.0 — good: False
2026-06-22 10:04:59  DEBUG     [camera.py:264]  Skipped low quality face (score: 0.0)
2026-06-22 10:04:59  DEBUG     [camera.py:94]  Rejected — InsightFace found no face.
2026-06-22 10:04:59  INFO      [camera.py:250]  Face detected — YOLO conf: 0.834 — quality score: 0.0 — good: False
2026-06-22 10:04:59  DEBUG     [camera.py:264]  Skipped low quality face (score: 0.0)
2026-06-22 10:04:59  DEBUG     [camera.py:94]  Rejected — InsightFace found no face.
2026-06-22 10:04:59  INFO      [camera.py:250]  Face detected — YOLO conf: 0.794 — quality score: 0.0 — good: False
2026-06-22 10:04:59  DEBUG     [camera.py:264]  Skipped low quality face (score: 0.0)
2026-06-22 10:05:00  DEBUG     [camera.py:94]  Rejected — InsightFace found no face.
2026-06-22 10:05:00  INFO      [camera.py:250]  Face detected — YOLO conf: 0.775 — quality score: 0.0 — good: False
2026-06-22 10:05:00  DEBUG     [camera.py:264]  Skipped low quality face (score: 0.0)
2026-06-22 10:05:00  DEBUG     [camera.py:94]  Rejected — InsightFace found no face.
2026-06-22 10:05:00  INFO      [camera.py:250]  Face detected — YOLO conf: 0.746 — quality score: 0.0 — good: False
2026-06-22 10:05:00  DEBUG     [camera.py:264]  Skipped low quality face (score: 0.0)
2026-06-22 10:05:00  DEBUG     [camera.py:94]  Rejected — InsightFace found no face.
2026-06-22 10:05:00  INFO      [camera.py:250]  Face detected — YOLO conf: 0.795 — quality score: 0.0 — good: False
2026-06-22 10:05:00  DEBUG     [camera.py:264]  Skipped low quality face (score: 0.0)
2026-06-22 10:05:00  DEBUG     [camera.py:94]  Rejected — InsightFace found no face.
2026-06-22 10:05:00  INFO      [camera.py:250]  Face detected — YOLO conf: 0.813 — quality score: 0.0 — good: False
2026-06-22 10:05:00  DEBUG     [camera.py:264]  Skipped low quality face (score: 0.0)
2026-06-22 10:05:00  DEBUG     [camera.py:94]  Rejected — InsightFace found no face.
2026-06-22 10:05:00  INFO      [camera.py:250]  Face detected — YOLO conf: 0.814 — quality score: 0.0 — good: False
2026-06-22 10:05:00  DEBUG     [camera.py:264]  Skipped low quality face (score: 0.0)
2026-06-22 10:05:00  DEBUG     [camera.py:94]  Rejected — InsightFace found no face.
2026-06-22 10:05:00  INFO      [camera.py:250]  Face detected — YOLO conf: 0.813 — quality score: 0.0 — good: False
2026-06-22 10:05:00  DEBUG     [camera.py:264]  Skipped low quality face (score: 0.0)
2026-06-22 10:05:00  DEBUG     [camera.py:94]  Rejected — InsightFace found no face.
2026-06-22 10:05:00  INFO      [camera.py:250]  Face detected — YOLO conf: 0.821 — quality score: 0.0 — good: False
2026-06-22 10:05:00  DEBUG     [camera.py:264]  Skipped low quality face (score: 0.0)
2026-06-22 10:05:00  DEBUG     [camera.py:94]  Rejected — InsightFace found no face.
2026-06-22 10:05:00  INFO      [camera.py:250]  Face detected — YOLO conf: 0.805 — quality score: 0.0 — good: False
2026-06-22 10:05:00  DEBUG     [camera.py:264]  Skipped low quality face (score: 0.0)
2026-06-22 10:05:01  DEBUG     [camera.py:94]  Rejected — InsightFace found no face.
2026-06-22 10:05:01  INFO      [camera.py:250]  Face detected — YOLO conf: 0.789 — quality score: 0.0 — good: False
2026-06-22 10:05:01  DEBUG     [camera.py:264]  Skipped low quality face (score: 0.0)
2026-06-22 10:05:01  DEBUG     [camera.py:94]  Rejected — InsightFace found no face.
2026-06-22 10:05:01  INFO      [camera.py:250]  Face detected — YOLO conf: 0.823 — quality score: 0.0 — good: False
2026-06-22 10:05:01  DEBUG     [camera.py:264]  Skipped low quality face (score: 0.0)
2026-06-22 10:05:01  DEBUG     [camera.py:94]  Rejected — InsightFace found no face.
2026-06-22 10:05:01  INFO      [camera.py:250]  Face detected — YOLO conf: 0.834 — quality score: 0.0 — good: False
2026-06-22 10:05:01  DEBUG     [camera.py:264]  Skipped low quality face (score: 0.0)
2026-06-22 10:05:01  DEBUG     [camera.py:94]  Rejected — InsightFace found no face.
2026-06-22 10:05:01  INFO      [camera.py:250]  Face detected — YOLO conf: 0.852 — quality score: 0.0 — good: False
2026-06-22 10:05:01  DEBUG     [camera.py:264]  Skipped low quality face (score: 0.0)
2026-06-22 10:05:01  DEBUG     [camera.py:94]  Rejected — InsightFace found no face.
2026-06-22 10:05:01  INFO      [camera.py:250]  Face detected — YOLO conf: 0.852 — quality score: 0.0 — good: False
2026-06-22 10:05:01  DEBUG     [camera.py:264]  Skipped low quality face (score: 0.0)
2026-06-22 10:05:01  DEBUG     [camera.py:94]  Rejected — InsightFace found no face.
2026-06-22 10:05:01  INFO      [camera.py:250]  Face detected — YOLO conf: 0.844 — quality score: 0.0 — good: False
2026-06-22 10:05:01  DEBUG     [camera.py:264]  Skipped low quality face (score: 0.0)
2026-06-22 10:05:01  DEBUG     [camera.py:94]  Rejected — InsightFace found no face.
2026-06-22 10:05:01  INFO      [camera.py:250]  Face detected — YOLO conf: 0.832 — quality score: 0.0 — good: False
2026-06-22 10:05:01  DEBUG     [camera.py:264]  Skipped low quality face (score: 0.0)
2026-06-22 10:05:01  DEBUG     [camera.py:94]  Rejected — InsightFace found no face.
2026-06-22 10:05:01  INFO      [camera.py:250]  Face detected — YOLO conf: 0.834 — quality score: 0.0 — good: False
2026-06-22 10:05:01  DEBUG     [camera.py:264]  Skipped low quality face (score: 0.0)
2026-06-22 10:05:01  DEBUG     [camera.py:94]  Rejected — InsightFace found no face.
2026-06-22 10:05:01  INFO      [camera.py:250]  Face detected — YOLO conf: 0.844 — quality score: 0.0 — good: False
2026-06-22 10:05:01  DEBUG     [camera.py:264]  Skipped low quality face (score: 0.0)
2026-06-22 10:05:01  DEBUG     [camera.py:94]  Rejected — InsightFace found no face.
2026-06-22 10:05:01  INFO      [camera.py:250]  Face detected — YOLO conf: 0.841 — quality score: 0.0 — good: False
2026-06-22 10:05:01  DEBUG     [camera.py:264]  Skipped low quality face (score: 0.0)
2026-06-22 10:05:02  DEBUG     [camera.py:94]  Rejected — InsightFace found no face.
2026-06-22 10:05:02  INFO      [camera.py:250]  Face detected — YOLO conf: 0.836 — quality score: 0.0 — good: False
2026-06-22 10:05:02  DEBUG     [camera.py:264]  Skipped low quality face (score: 0.0)
2026-06-22 10:05:02  DEBUG     [camera.py:94]  Rejected — InsightFace found no face.
2026-06-22 10:05:02  INFO      [camera.py:250]  Face detected — YOLO conf: 0.833 — quality score: 0.0 — good: False
2026-06-22 10:05:02  DEBUG     [camera.py:264]  Skipped low quality face (score: 0.0)
2026-06-22 10:05:02  DEBUG     [camera.py:94]  Rejected — InsightFace found no face.
2026-06-22 10:05:02  INFO      [camera.py:250]  Face detected — YOLO conf: 0.834 — quality score: 0.0 — good: False
2026-06-22 10:05:02  DEBUG     [camera.py:264]  Skipped low quality face (score: 0.0)
2026-06-22 10:05:02  DEBUG     [camera.py:94]  Rejected — InsightFace found no face.
2026-06-22 10:05:02  INFO      [camera.py:250]  Face detected — YOLO conf: 0.835 — quality score: 0.0 — good: False
2026-06-22 10:05:02  DEBUG     [camera.py:264]  Skipped low quality face (score: 0.0)
2026-06-22 10:05:02  DEBUG     [camera.py:94]  Rejected — InsightFace found no face.
2026-06-22 10:05:02  INFO      [camera.py:250]  Face detected — YOLO conf: 0.837 — quality score: 0.0 — good: False
2026-06-22 10:05:02  DEBUG     [camera.py:264]  Skipped low quality face (score: 0.0)
2026-06-22 10:05:02  DEBUG     [camera.py:94]  Rejected — InsightFace found no face.
2026-06-22 10:05:02  INFO      [camera.py:250]  Face detected — YOLO conf: 0.838 — quality score: 0.0 — good: False
2026-06-22 10:05:02  DEBUG     [camera.py:264]  Skipped low quality face (score: 0.0)
2026-06-22 10:05:02  DEBUG     [camera.py:94]  Rejected — InsightFace found no face.
2026-06-22 10:05:02  INFO      [camera.py:250]  Face detected — YOLO conf: 0.840 — quality score: 0.0 — good: False
2026-06-22 10:05:02  DEBUG     [camera.py:264]  Skipped low quality face (score: 0.0)
2026-06-22 10:05:02  DEBUG     [camera.py:94]  Rejected — InsightFace found no face.
2026-06-22 10:05:02  INFO      [camera.py:250]  Face detected — YOLO conf: 0.835 — quality score: 0.0 — good: False
2026-06-22 10:05:02  DEBUG     [camera.py:264]  Skipped low quality face (score: 0.0)
2026-06-22 10:05:02  DEBUG     [camera.py:94]  Rejected — InsightFace found no face.
2026-06-22 10:05:02  INFO      [camera.py:250]  Face detected — YOLO conf: 0.842 — quality score: 0.0 — good: False
2026-06-22 10:05:02  DEBUG     [camera.py:264]  Skipped low quality face (score: 0.0)
2026-06-22 10:05:03  DEBUG     [camera.py:94]  Rejected — InsightFace found no face.
2026-06-22 10:05:03  INFO      [camera.py:250]  Face detected — YOLO conf: 0.843 — quality score: 0.0 — good: False
2026-06-22 10:05:03  DEBUG     [camera.py:264]  Skipped low quality face (score: 0.0)
2026-06-22 10:05:03  DEBUG     [camera.py:94]  Rejected — InsightFace found no face.
2026-06-22 10:05:03  INFO      [camera.py:250]  Face detected — YOLO conf: 0.841 — quality score: 0.0 — good: False
2026-06-22 10:05:03  DEBUG     [camera.py:264]  Skipped low quality face (score: 0.0)
2026-06-22 10:05:03  DEBUG     [camera.py:94]  Rejected — InsightFace found no face.
2026-06-22 10:05:03  INFO      [camera.py:250]  Face detected — YOLO conf: 0.834 — quality score: 0.0 — good: False
2026-06-22 10:05:03  DEBUG     [camera.py:264]  Skipped low quality face (score: 0.0)
2026-06-22 10:05:03  DEBUG     [camera.py:94]  Rejected — InsightFace found no face.
2026-06-22 10:05:03  INFO      [camera.py:250]  Face detected — YOLO conf: 0.832 — quality score: 0.0 — good: False
2026-06-22 10:05:03  DEBUG     [camera.py:264]  Skipped low quality face (score: 0.0)
2026-06-22 10:05:03  DEBUG     [camera.py:94]  Rejected — InsightFace found no face.
2026-06-22 10:05:03  INFO      [camera.py:250]  Face detected — YOLO conf: 0.863 — quality score: 0.0 — good: False
2026-06-22 10:05:03  DEBUG     [camera.py:264]  Skipped low quality face (score: 0.0)
2026-06-22 10:05:03  DEBUG     [camera.py:94]  Rejected — InsightFace found no face.
2026-06-22 10:05:03  INFO      [camera.py:250]  Face detected — YOLO conf: 0.871 — quality score: 0.0 — good: False
2026-06-22 10:05:03  DEBUG     [camera.py:264]  Skipped low quality face (score: 0.0)
2026-06-22 10:05:03  DEBUG     [camera.py:94]  Rejected — InsightFace found no face.
2026-06-22 10:05:03  INFO      [camera.py:250]  Face detected — YOLO conf: 0.866 — quality score: 0.0 — good: False
2026-06-22 10:05:03  DEBUG     [camera.py:264]  Skipped low quality face (score: 0.0)
2026-06-22 10:05:03  DEBUG     [camera.py:94]  Rejected — InsightFace found no face.
2026-06-22 10:05:03  INFO      [camera.py:250]  Face detected — YOLO conf: 0.859 — quality score: 0.0 — good: False
2026-06-22 10:05:03  DEBUG     [camera.py:264]  Skipped low quality face (score: 0.0)
2026-06-22 10:05:03  DEBUG     [camera.py:94]  Rejected — InsightFace found no face.
2026-06-22 10:05:03  INFO      [camera.py:250]  Face detected — YOLO conf: 0.850 — quality score: 0.0 — good: False
2026-06-22 10:05:03  DEBUG     [camera.py:264]  Skipped low quality face (score: 0.0)
2026-06-22 10:05:04  DEBUG     [camera.py:94]  Rejected — InsightFace found no face.
2026-06-22 10:05:04  INFO      [camera.py:250]  Face detected — YOLO conf: 0.845 — quality score: 0.0 — good: False
2026-06-22 10:05:04  DEBUG     [camera.py:264]  Skipped low quality face (score: 0.0)
2026-06-22 10:05:04  DEBUG     [camera.py:94]  Rejected — InsightFace found no face.
2026-06-22 10:05:04  INFO      [camera.py:250]  Face detected — YOLO conf: 0.849 — quality score: 0.0 — good: False
2026-06-22 10:05:04  DEBUG     [camera.py:264]  Skipped low quality face (score: 0.0)
2026-06-22 10:05:04  DEBUG     [camera.py:94]  Rejected — InsightFace found no face.
2026-06-22 10:05:04  INFO      [camera.py:250]  Face detected — YOLO conf: 0.852 — quality score: 0.0 — good: False
2026-06-22 10:05:04  DEBUG     [camera.py:264]  Skipped low quality face (score: 0.0)
2026-06-22 10:05:04  DEBUG     [camera.py:94]  Rejected — InsightFace found no face.
2026-06-22 10:05:04  INFO      [camera.py:250]  Face detected — YOLO conf: 0.849 — quality score: 0.0 — good: False
2026-06-22 10:05:04  DEBUG     [camera.py:264]  Skipped low quality face (score: 0.0)
2026-06-22 10:05:04  INFO      [main.py:52]  Checking calendars at 10:05:04
2026-06-22 10:05:04  DEBUG     [client.py:31]  GET https://192.168.1.249:5004/scl/get-all-calender
2026-06-22 10:05:04  INFO      [calendar_service.py:44]  Fetched 2 valid session(s).
2026-06-22 10:05:04  INFO      [main.py:84]  Calendar 2108 already started — skipping.
2026-06-22 10:05:04  INFO      [main.py:84]  Calendar 2108 already started — skipping.
2026-06-22 10:05:04  INFO      [main.py:176]  Calendar 2108 still running (4m 55s remaining).
2026-06-22 10:05:04  INFO      [main.py:188]  Active calendars: [2108]
2026-06-22 10:05:04  DEBUG     [camera.py:94]  Rejected — InsightFace found no face.
2026-06-22 10:05:04  INFO      [camera.py:250]  Face detected — YOLO conf: 0.851 — quality score: 0.0 — good: False
2026-06-22 10:05:04  DEBUG     [camera.py:264]  Skipped low quality face (score: 0.0)
2026-06-22 10:05:04  DEBUG     [camera.py:94]  Rejected — InsightFace found no face.
2026-06-22 10:05:04  INFO      [camera.py:250]  Face detected — YOLO conf: 0.857 — quality score: 0.0 — good: False
2026-06-22 10:05:04  DEBUG     [camera.py:264]  Skipped low quality face (score: 0.0)
2026-06-22 10:05:04  DEBUG     [camera.py:94]  Rejected — InsightFace found no face.
2026-06-22 10:05:04  INFO      [camera.py:250]  Face detected — YOLO conf: 0.858 — quality score: 0.0 — good: False
2026-06-22 10:05:04  DEBUG     [camera.py:264]  Skipped low quality face (score: 0.0)
2026-06-22 10:05:04  DEBUG     [camera.py:94]  Rejected — InsightFace found no face.
2026-06-22 10:05:04  INFO      [camera.py:250]  Face detected — YOLO conf: 0.854 — quality score: 0.0 — good: False
2026-06-22 10:05:04  DEBUG     [camera.py:264]  Skipped low quality face (score: 0.0)
2026-06-22 10:05:04  DEBUG     [camera.py:94]  Rejected — InsightFace found no face.
2026-06-22 10:05:04  INFO      [camera.py:250]  Face detected — YOLO conf: 0.861 — quality score: 0.0 — good: False
2026-06-22 10:05:04  DEBUG     [camera.py:264]  Skipped low quality face (score: 0.0)
2026-06-22 10:05:04  DEBUG     [camera.py:94]  Rejected — InsightFace found no face.
2026-06-22 10:05:04  INFO      [camera.py:250]  Face detected — YOLO conf: 0.854 — quality score: 0.0 — good: False
2026-06-22 10:05:04  DEBUG     [camera.py:264]  Skipped low quality face (score: 0.0)
2026-06-22 10:05:05  DEBUG     [camera.py:94]  Rejected — InsightFace found no face.
2026-06-22 10:05:05  INFO      [camera.py:250]  Face detected — YOLO conf: 0.863 — quality score: 0.0 — good: False
2026-06-22 10:05:05  DEBUG     [camera.py:264]  Skipped low quality face (score: 0.0)
2026-06-22 10:05:05  DEBUG     [camera.py:94]  Rejected — InsightFace found no face.
2026-06-22 10:05:05  INFO      [camera.py:250]  Face detected — YOLO conf: 0.865 — quality score: 0.0 — good: False
2026-06-22 10:05:05  DEBUG     [camera.py:264]  Skipped low quality face (score: 0.0)
2026-06-22 10:05:05  DEBUG     [camera.py:94]  Rejected — InsightFace found no face.
2026-06-22 10:05:05  INFO      [camera.py:250]  Face detected — YOLO conf: 0.864 — quality score: 0.0 — good: False
2026-06-22 10:05:05  DEBUG     [camera.py:264]  Skipped low quality face (score: 0.0)
2026-06-22 10:05:05  DEBUG     [camera.py:94]  Rejected — InsightFace found no face.
2026-06-22 10:05:05  INFO      [camera.py:250]  Face detected — YOLO conf: 0.860 — quality score: 0.0 — good: False
2026-06-22 10:05:05  DEBUG     [camera.py:264]  Skipped low quality face (score: 0.0)
2026-06-22 10:05:05  DEBUG     [camera.py:94]  Rejected — InsightFace found no face.
2026-06-22 10:05:05  INFO      [camera.py:250]  Face detected — YOLO conf: 0.863 — quality score: 0.0 — good: False
2026-06-22 10:05:05  DEBUG     [camera.py:264]  Skipped low quality face (score: 0.0)
2026-06-22 10:05:05  DEBUG     [camera.py:94]  Rejected — InsightFace found no face.
2026-06-22 10:05:05  INFO      [camera.py:250]  Face detected — YOLO conf: 0.863 — quality score: 0.0 — good: False
2026-06-22 10:05:05  DEBUG     [camera.py:264]  Skipped low quality face (score: 0.0)
2026-06-22 10:05:05  DEBUG     [camera.py:94]  Rejected — InsightFace found no face.
2026-06-22 10:05:05  INFO      [camera.py:250]  Face detected — YOLO conf: 0.867 — quality score: 0.0 — good: False
2026-06-22 10:05:05  DEBUG     [camera.py:264]  Skipped low quality face (score: 0.0)
2026-06-22 10:05:05  DEBUG     [camera.py:94]  Rejected — InsightFace found no face.
2026-06-22 10:05:05  INFO      [camera.py:250]  Face detected — YOLO conf: 0.858 — quality score: 0.0 — good: False
2026-06-22 10:05:05  DEBUG     [camera.py:264]  Skipped low quality face (score: 0.0)
2026-06-22 10:05:05  DEBUG     [camera.py:94]  Rejected — InsightFace found no face.
2026-06-22 10:05:05  INFO      [camera.py:250]  Face detected — YOLO conf: 0.865 — quality score: 0.0 — good: False
2026-06-22 10:05:05  DEBUG     [camera.py:264]  Skipped low quality face (score: 0.0)
2026-06-22 10:05:05  DEBUG     [camera.py:94]  Rejected — InsightFace found no face.
2026-06-22 10:05:05  INFO      [camera.py:250]  Face detected — YOLO conf: 0.856 — quality score: 0.0 — good: False
2026-06-22 10:05:05  DEBUG     [camera.py:264]  Skipped low quality face (score: 0.0)
2026-06-22 10:05:06  DEBUG     [camera.py:94]  Rejected — InsightFace found no face.
2026-06-22 10:05:06  INFO      [camera.py:250]  Face detected — YOLO conf: 0.852 — quality score: 0.0 — good: False
2026-06-22 10:05:06  DEBUG     [camera.py:264]  Skipped low quality face (score: 0.0)
2026-06-22 10:05:06  DEBUG     [camera.py:94]  Rejected — InsightFace found no face.
2026-06-22 10:05:06  INFO      [camera.py:250]  Face detected — YOLO conf: 0.856 — quality score: 0.0 — good: False
2026-06-22 10:05:06  DEBUG     [camera.py:264]  Skipped low quality face (score: 0.0)
2026-06-22 10:05:06  DEBUG     [camera.py:94]  Rejected — InsightFace found no face.
2026-06-22 10:05:06  INFO      [camera.py:250]  Face detected — YOLO conf: 0.843 — quality score: 0.0 — good: False
2026-06-22 10:05:06  DEBUG     [camera.py:264]  Skipped low quality face (score: 0.0)
2026-06-22 10:05:06  DEBUG     [camera.py:94]  Rejected — InsightFace found no face.
2026-06-22 10:05:06  INFO      [camera.py:250]  Face detected — YOLO conf: 0.851 — quality score: 0.0 — good: False
2026-06-22 10:05:06  DEBUG     [camera.py:264]  Skipped low quality face (score: 0.0)
2026-06-22 10:05:06  DEBUG     [camera.py:94]  Rejected — InsightFace found no face.
2026-06-22 10:05:06  INFO      [camera.py:250]  Face detected — YOLO conf: 0.849 — quality score: 0.0 — good: False
2026-06-22 10:05:06  DEBUG     [camera.py:264]  Skipped low quality face (score: 0.0)
2026-06-22 10:05:06  DEBUG     [camera.py:94]  Rejected — InsightFace found no face.
2026-06-22 10:05:06  INFO      [camera.py:250]  Face detected — YOLO conf: 0.848 — quality score: 0.0 — good: False
2026-06-22 10:05:06  DEBUG     [camera.py:264]  Skipped low quality face (score: 0.0)
2026-06-22 10:05:06  DEBUG     [camera.py:94]  Rejected — InsightFace found no face.
2026-06-22 10:05:06  INFO      [camera.py:250]  Face detected — YOLO conf: 0.848 — quality score: 0.0 — good: False
2026-06-22 10:05:06  DEBUG     [camera.py:264]  Skipped low quality face (score: 0.0)
2026-06-22 10:05:06  DEBUG     [camera.py:94]  Rejected — InsightFace found no face.
2026-06-22 10:05:06  INFO      [camera.py:250]  Face detected — YOLO conf: 0.841 — quality score: 0.0 — good: False
2026-06-22 10:05:06  DEBUG     [camera.py:264]  Skipped low quality face (score: 0.0)
2026-06-22 10:05:06  DEBUG     [camera.py:94]  Rejected — InsightFace found no face.
2026-06-22 10:05:06  INFO      [camera.py:250]  Face detected — YOLO conf: 0.849 — quality score: 0.0 — good: False
2026-06-22 10:05:06  DEBUG     [camera.py:264]  Skipped low quality face (score: 0.0)
2026-06-22 10:05:06  DEBUG     [camera.py:94]  Rejected — InsightFace found no face.
2026-06-22 10:05:06  INFO      [camera.py:250]  Face detected — YOLO conf: 0.849 — quality score: 0.0 — good: False
2026-06-22 10:05:06  DEBUG     [camera.py:264]  Skipped low quality face (score: 0.0)
2026-06-22 10:05:07  DEBUG     [camera.py:94]  Rejected — InsightFace found no face.
2026-06-22 10:05:07  INFO      [camera.py:250]  Face detected — YOLO conf: 0.842 — quality score: 0.0 — good: False
2026-06-22 10:05:07  DEBUG     [camera.py:264]  Skipped low quality face (score: 0.0)
2026-06-22 10:05:07  DEBUG     [camera.py:94]  Rejected — InsightFace found no face.
2026-06-22 10:05:07  INFO      [camera.py:250]  Face detected — YOLO conf: 0.875 — quality score: 0.0 — good: False
2026-06-22 10:05:07  DEBUG     [camera.py:264]  Skipped low quality face (score: 0.0)
2026-06-22 10:05:07  DEBUG     [camera.py:94]  Rejected — InsightFace found no face.
2026-06-22 10:05:07  INFO      [camera.py:250]  Face detected — YOLO conf: 0.846 — quality score: 0.0 — good: False
2026-06-22 10:05:07  DEBUG     [camera.py:264]  Skipped low quality face (score: 0.0)
2026-06-22 10:05:07  DEBUG     [camera.py:94]  Rejected — InsightFace found no face.
2026-06-22 10:05:07  INFO      [camera.py:250]  Face detected — YOLO conf: 0.861 — quality score: 0.0 — good: False
2026-06-22 10:05:07  DEBUG     [camera.py:264]  Skipped low quality face (score: 0.0)
2026-06-22 10:05:07  DEBUG     [camera.py:94]  Rejected — InsightFace found no face.
2026-06-22 10:05:07  INFO      [camera.py:250]  Face detected — YOLO conf: 0.878 — quality score: 0.0 — good: False
2026-06-22 10:05:07  DEBUG     [camera.py:264]  Skipped low quality face (score: 0.0)
2026-06-22 10:05:07  DEBUG     [camera.py:94]  Rejected — InsightFace found no face.
2026-06-22 10:05:07  INFO      [camera.py:250]  Face detected — YOLO conf: 0.876 — quality score: 0.0 — good: False
2026-06-22 10:05:07  DEBUG     [camera.py:264]  Skipped low quality face (score: 0.0)
2026-06-22 10:05:07  DEBUG     [camera.py:94]  Rejected — InsightFace found no face.
2026-06-22 10:05:07  INFO      [camera.py:250]  Face detected — YOLO conf: 0.879 — quality score: 0.0 — good: False
2026-06-22 10:05:07  DEBUG     [camera.py:264]  Skipped low quality face (score: 0.0)
2026-06-22 10:05:07  DEBUG     [camera.py:94]  Rejected — InsightFace found no face.
2026-06-22 10:05:07  INFO      [camera.py:250]  Face detected — YOLO conf: 0.892 — quality score: 0.0 — good: False
2026-06-22 10:05:07  DEBUG     [camera.py:264]  Skipped low quality face (score: 0.0)
2026-06-22 10:05:07  DEBUG     [camera.py:94]  Rejected — InsightFace found no face.
2026-06-22 10:05:07  INFO      [camera.py:250]  Face detected — YOLO conf: 0.895 — quality score: 0.0 — good: False
2026-06-22 10:05:07  DEBUG     [camera.py:264]  Skipped low quality face (score: 0.0)
2026-06-22 10:05:07  DEBUG     [camera.py:94]  Rejected — InsightFace found no face.
2026-06-22 10:05:07  INFO      [camera.py:250]  Face detected — YOLO conf: 0.884 — quality score: 0.0 — good: False
2026-06-22 10:05:07  DEBUG     [camera.py:264]  Skipped low quality face (score: 0.0)
2026-06-22 10:05:08  DEBUG     [camera.py:94]  Rejected — InsightFace found no face.
2026-06-22 10:05:08  INFO      [camera.py:250]  Face detected — YOLO conf: 0.843 — quality score: 0.0 — good: False
2026-06-22 10:05:08  DEBUG     [camera.py:264]  Skipped low quality face (score: 0.0)
2026-06-22 10:05:08  DEBUG     [camera.py:94]  Rejected — InsightFace found no face.
2026-06-22 10:05:08  INFO      [camera.py:250]  Face detected — YOLO conf: 0.829 — quality score: 0.0 — good: False
2026-06-22 10:05:08  DEBUG     [camera.py:264]  Skipped low quality face (score: 0.0)
2026-06-22 10:05:08  DEBUG     [camera.py:94]  Rejected — InsightFace found no face.
2026-06-22 10:05:08  INFO      [camera.py:250]  Face detected — YOLO conf: 0.826 — quality score: 0.0 — good: False
2026-06-22 10:05:08  DEBUG     [camera.py:264]  Skipped low quality face (score: 0.0)
2026-06-22 10:05:08  DEBUG     [camera.py:94]  Rejected — InsightFace found no face.
2026-06-22 10:05:08  INFO      [camera.py:250]  Face detected — YOLO conf: 0.846 — quality score: 0.0 — good: False
2026-06-22 10:05:08  DEBUG     [camera.py:264]  Skipped low quality face (score: 0.0)
2026-06-22 10:05:08  DEBUG     [camera.py:94]  Rejected — InsightFace found no face.
2026-06-22 10:05:08  INFO      [camera.py:250]  Face detected — YOLO conf: 0.830 — quality score: 0.0 — good: False
2026-06-22 10:05:08  DEBUG     [camera.py:264]  Skipped low quality face (score: 0.0)
2026-06-22 10:05:08  DEBUG     [camera.py:94]  Rejected — InsightFace found no face.
2026-06-22 10:05:08  INFO      [camera.py:250]  Face detected — YOLO conf: 0.825 — quality score: 0.0 — good: False
2026-06-22 10:05:08  DEBUG     [camera.py:264]  Skipped low quality face (score: 0.0)
2026-06-22 10:05:08  DEBUG     [camera.py:94]  Rejected — InsightFace found no face.
2026-06-22 10:05:08  INFO      [camera.py:250]  Face detected — YOLO conf: 0.824 — quality score: 0.0 — good: False
2026-06-22 10:05:08  DEBUG     [camera.py:264]  Skipped low quality face (score: 0.0)
2026-06-22 10:05:08  DEBUG     [camera.py:94]  Rejected — InsightFace found no face.
2026-06-22 10:05:08  INFO      [camera.py:250]  Face detected — YOLO conf: 0.824 — quality score: 0.0 — good: False
2026-06-22 10:05:08  DEBUG     [camera.py:264]  Skipped low quality face (score: 0.0)
2026-06-22 10:05:08  DEBUG     [camera.py:94]  Rejected — InsightFace found no face.
2026-06-22 10:05:08  INFO      [camera.py:250]  Face detected — YOLO conf: 0.825 — quality score: 0.0 — good: False
2026-06-22 10:05:08  DEBUG     [camera.py:264]  Skipped low quality face (score: 0.0)
2026-06-22 10:05:08  DEBUG     [camera.py:94]  Rejected — InsightFace found no face.
2026-06-22 10:05:08  INFO      [camera.py:250]  Face detected — YOLO conf: 0.844 — quality score: 0.0 — good: False
2026-06-22 10:05:08  DEBUG     [camera.py:264]  Skipped low quality face (score: 0.0)
2026-06-22 10:05:09  DEBUG     [camera.py:94]  Rejected — InsightFace found no face.
2026-06-22 10:05:09  INFO      [camera.py:250]  Face detected — YOLO conf: 0.838 — quality score: 0.0 — good: False
2026-06-22 10:05:09  DEBUG     [camera.py:264]  Skipped low quality face (score: 0.0)
2026-06-22 10:05:09  DEBUG     [camera.py:94]  Rejected — InsightFace found no face.
2026-06-22 10:05:09  INFO      [camera.py:250]  Face detected — YOLO conf: 0.827 — quality score: 0.0 — good: False
2026-06-22 10:05:09  DEBUG     [camera.py:264]  Skipped low quality face (score: 0.0)
2026-06-22 10:05:09  DEBUG     [camera.py:94]  Rejected — InsightFace found no face.
2026-06-22 10:05:09  INFO      [camera.py:250]  Face detected — YOLO conf: 0.817 — quality score: 0.0 — good: False
2026-06-22 10:05:09  DEBUG     [camera.py:264]  Skipped low quality face (score: 0.0)
2026-06-22 10:05:09  DEBUG     [camera.py:94]  Rejected — InsightFace found no face.
2026-06-22 10:05:09  INFO      [camera.py:250]  Face detected — YOLO conf: 0.807 — quality score: 0.0 — good: False
2026-06-22 10:05:09  DEBUG     [camera.py:264]  Skipped low quality face (score: 0.0)
2026-06-22 10:05:09  DEBUG     [camera.py:94]  Rejected — InsightFace found no face.
2026-06-22 10:05:09  INFO      [camera.py:250]  Face detected — YOLO conf: 0.817 — quality score: 0.0 — good: False
2026-06-22 10:05:09  DEBUG     [camera.py:264]  Skipped low quality face (score: 0.0)
2026-06-22 10:05:09  DEBUG     [camera.py:94]  Rejected — InsightFace found no face.
2026-06-22 10:05:09  INFO      [camera.py:250]  Face detected — YOLO conf: 0.765 — quality score: 0.0 — good: False
2026-06-22 10:05:09  DEBUG     [camera.py:264]  Skipped low quality face (score: 0.0)
2026-06-22 10:05:09  DEBUG     [camera.py:94]  Rejected — InsightFace found no face.
2026-06-22 10:05:09  INFO      [camera.py:250]  Face detected — YOLO conf: 0.765 — quality score: 0.0 — good: False
2026-06-22 10:05:09  DEBUG     [camera.py:264]  Skipped low quality face (score: 0.0)
2026-06-22 10:05:09  DEBUG     [camera.py:94]  Rejected — InsightFace found no face.
2026-06-22 10:05:09  INFO      [camera.py:250]  Face detected — YOLO conf: 0.765 — quality score: 0.0 — good: False
2026-06-22 10:05:09  DEBUG     [camera.py:264]  Skipped low quality face (score: 0.0)
2026-06-22 10:05:09  DEBUG     [camera.py:94]  Rejected — InsightFace found no face.
2026-06-22 10:05:09  INFO      [camera.py:250]  Face detected — YOLO conf: 0.776 — quality score: 0.0 — good: False
2026-06-22 10:05:09  DEBUG     [camera.py:264]  Skipped low quality face (score: 0.0)
2026-06-22 10:05:09  DEBUG     [camera.py:94]  Rejected — InsightFace found no face.
2026-06-22 10:05:09  INFO      [camera.py:250]  Face detected — YOLO conf: 0.782 — quality score: 0.0 — good: False
2026-06-22 10:05:09  DEBUG     [camera.py:264]  Skipped low quality face (score: 0.0)
2026-06-22 10:05:10  DEBUG     [camera.py:94]  Rejected — InsightFace found no face.
2026-06-22 10:05:10  INFO      [camera.py:250]  Face detected — YOLO conf: 0.769 — quality score: 0.0 — good: False
2026-06-22 10:05:10  DEBUG     [camera.py:264]  Skipped low quality face (score: 0.0)
2026-06-22 10:05:10  DEBUG     [camera.py:94]  Rejected — InsightFace found no face.
2026-06-22 10:05:10  INFO      [camera.py:250]  Face detected — YOLO conf: 0.775 — quality score: 0.0 — good: False
2026-06-22 10:05:10  DEBUG     [camera.py:264]  Skipped low quality face (score: 0.0)
2026-06-22 10:05:10  DEBUG     [camera.py:94]  Rejected — InsightFace found no face.
2026-06-22 10:05:10  INFO      [camera.py:250]  Face detected — YOLO conf: 0.787 — quality score: 0.0 — good: False
2026-06-22 10:05:10  DEBUG     [camera.py:264]  Skipped low quality face (score: 0.0)
2026-06-22 10:05:10  DEBUG     [camera.py:94]  Rejected — InsightFace found no face.
2026-06-22 10:05:10  INFO      [camera.py:250]  Face detected — YOLO conf: 0.773 — quality score: 0.0 — good: False
2026-06-22 10:05:10  DEBUG     [camera.py:264]  Skipped low quality face (score: 0.0)
2026-06-22 10:05:10  DEBUG     [camera.py:94]  Rejected — InsightFace found no face.
2026-06-22 10:05:10  INFO      [camera.py:250]  Face detected — YOLO conf: 0.773 — quality score: 0.0 — good: False
2026-06-22 10:05:10  DEBUG     [camera.py:264]  Skipped low quality face (score: 0.0)
2026-06-22 10:05:10  DEBUG     [camera.py:94]  Rejected — InsightFace found no face.
2026-06-22 10:05:10  INFO      [camera.py:250]  Face detected — YOLO conf: 0.770 — quality score: 0.0 — good: False
2026-06-22 10:05:10  DEBUG     [camera.py:264]  Skipped low quality face (score: 0.0)
2026-06-22 10:05:10  DEBUG     [camera.py:94]  Rejected — InsightFace found no face.
2026-06-22 10:05:10  INFO      [camera.py:250]  Face detected — YOLO conf: 0.775 — quality score: 0.0 — good: False
2026-06-22 10:05:10  DEBUG     [camera.py:264]  Skipped low quality face (score: 0.0)
2026-06-22 10:05:10  DEBUG     [camera.py:94]  Rejected — InsightFace found no face.
2026-06-22 10:05:10  INFO      [camera.py:250]  Face detected — YOLO conf: 0.777 — quality score: 0.0 — good: False
2026-06-22 10:05:10  DEBUG     [camera.py:264]  Skipped low quality face (score: 0.0)
2026-06-22 10:05:10  DEBUG     [camera.py:94]  Rejected — InsightFace found no face.
2026-06-22 10:05:10  INFO      [camera.py:250]  Face detected — YOLO conf: 0.780 — quality score: 0.0 — good: False
2026-06-22 10:05:10  DEBUG     [camera.py:264]  Skipped low quality face (score: 0.0)
2026-06-22 10:05:10  DEBUG     [camera.py:94]  Rejected — InsightFace found no face.
2026-06-22 10:05:10  INFO      [camera.py:250]  Face detected — YOLO conf: 0.764 — quality score: 0.0 — good: False
2026-06-22 10:05:10  DEBUG     [camera.py:264]  Skipped low quality face (score: 0.0)
2026-06-22 10:05:11  DEBUG     [camera.py:94]  Rejected — InsightFace found no face.
2026-06-22 10:05:11  INFO      [camera.py:250]  Face detected — YOLO conf: 0.815 — quality score: 0.0 — good: False
2026-06-22 10:05:11  DEBUG     [camera.py:264]  Skipped low quality face (score: 0.0)
2026-06-22 10:05:11  DEBUG     [camera.py:94]  Rejected — InsightFace found no face.
2026-06-22 10:05:11  INFO      [camera.py:250]  Face detected — YOLO conf: 0.839 — quality score: 0.0 — good: False
2026-06-22 10:05:11  DEBUG     [camera.py:264]  Skipped low quality face (score: 0.0)
2026-06-22 10:05:11  DEBUG     [camera.py:94]  Rejected — InsightFace found no face.
2026-06-22 10:05:11  INFO      [camera.py:250]  Face detected — YOLO conf: 0.869 — quality score: 0.0 — good: False
2026-06-22 10:05:11  DEBUG     [camera.py:264]  Skipped low quality face (score: 0.0)
2026-06-22 10:05:11  DEBUG     [camera.py:94]  Rejected — InsightFace found no face.
2026-06-22 10:05:11  INFO      [camera.py:250]  Face detected — YOLO conf: 0.866 — quality score: 0.0 — good: False
2026-06-22 10:05:11  DEBUG     [camera.py:264]  Skipped low quality face (score: 0.0)
2026-06-22 10:05:11  DEBUG     [camera.py:94]  Rejected — InsightFace found no face.
2026-06-22 10:05:11  INFO      [camera.py:250]  Face detected — YOLO conf: 0.842 — quality score: 0.0 — good: False
2026-06-22 10:05:11  DEBUG     [camera.py:264]  Skipped low quality face (score: 0.0)
2026-06-22 10:05:11  DEBUG     [camera.py:94]  Rejected — InsightFace found no face.
2026-06-22 10:05:11  INFO      [camera.py:250]  Face detected — YOLO conf: 0.840 — quality score: 0.0 — good: False
2026-06-22 10:05:11  DEBUG     [camera.py:264]  Skipped low quality face (score: 0.0)
2026-06-22 10:05:11  DEBUG     [camera.py:94]  Rejected — InsightFace found no face.
2026-06-22 10:05:11  INFO      [camera.py:250]  Face detected — YOLO conf: 0.840 — quality score: 0.0 — good: False
2026-06-22 10:05:11  DEBUG     [camera.py:264]  Skipped low quality face (score: 0.0)
2026-06-22 10:05:11  DEBUG     [camera.py:94]  Rejected — InsightFace found no face.
2026-06-22 10:05:11  INFO      [camera.py:250]  Face detected — YOLO conf: 0.848 — quality score: 0.0 — good: False
2026-06-22 10:05:11  DEBUG     [camera.py:264]  Skipped low quality face (score: 0.0)
2026-06-22 10:05:11  DEBUG     [camera.py:94]  Rejected — InsightFace found no face.
2026-06-22 10:05:11  INFO      [camera.py:250]  Face detected — YOLO conf: 0.852 — quality score: 0.0 — good: False
2026-06-22 10:05:11  DEBUG     [camera.py:264]  Skipped low quality face (score: 0.0)
2026-06-22 10:05:11  DEBUG     [camera.py:94]  Rejected — InsightFace found no face.
2026-06-22 10:05:11  INFO      [camera.py:250]  Face detected — YOLO conf: 0.848 — quality score: 0.0 — good: False
2026-06-22 10:05:11  DEBUG     [camera.py:264]  Skipped low quality face (score: 0.0)
2026-06-22 10:05:12  DEBUG     [camera.py:94]  Rejected — InsightFace found no face.
2026-06-22 10:05:12  INFO      [camera.py:250]  Face detected — YOLO conf: 0.806 — quality score: 0.0 — good: False
2026-06-22 10:05:12  DEBUG     [camera.py:264]  Skipped low quality face (score: 0.0)
2026-06-22 10:05:14  INFO      [main.py:52]  Checking calendars at 10:05:14
2026-06-22 10:05:14  DEBUG     [client.py:31]  GET https://192.168.1.249:5004/scl/get-all-calender
2026-06-22 10:05:14  INFO      [calendar_service.py:44]  Fetched 2 valid session(s).
2026-06-22 10:05:14  INFO      [main.py:84]  Calendar 2108 already started — skipping.
2026-06-22 10:05:14  INFO      [main.py:84]  Calendar 2108 already started — skipping.
2026-06-22 10:05:14  INFO      [main.py:176]  Calendar 2108 still running (4m 45s remaining).
2026-06-22 10:05:14  INFO      [main.py:188]  Active calendars: [2108]
2026-06-22 10:05:24  INFO      [main.py:52]  Checking calendars at 10:05:24
2026-06-22 10:05:24  DEBUG     [client.py:31]  GET https://192.168.1.249:5004/scl/get-all-calender
2026-06-22 10:05:24  INFO      [calendar_service.py:44]  Fetched 2 valid session(s).
2026-06-22 10:05:24  INFO      [main.py:84]  Calendar 2108 already started — skipping.
2026-06-22 10:05:24  INFO      [main.py:84]  Calendar 2108 already started — skipping.
2026-06-22 10:05:24  INFO      [main.py:176]  Calendar 2108 still running (4m 35s remaining).
2026-06-22 10:05:24  INFO      [main.py:188]  Active calendars: [2108]
2026-06-22 10:05:34  INFO      [main.py:52]  Checking calendars at 10:05:34
2026-06-22 10:05:34  DEBUG     [client.py:31]  GET https://192.168.1.249:5004/scl/get-all-calender
2026-06-22 10:05:34  INFO      [calendar_service.py:44]  Fetched 2 valid session(s).
2026-06-22 10:05:34  INFO      [main.py:84]  Calendar 2108 already started — skipping.
2026-06-22 10:05:34  INFO      [main.py:84]  Calendar 2108 already started — skipping.
2026-06-22 10:05:34  INFO      [main.py:176]  Calendar 2108 still running (4m 25s remaining).
2026-06-22 10:05:34  INFO      [main.py:188]  Active calendars: [2108]
2026-06-22 10:05:44  INFO      [main.py:52]  Checking calendars at 10:05:44
2026-06-22 10:05:44  DEBUG     [client.py:31]  GET https://192.168.1.249:5004/scl/get-all-calender
2026-06-22 10:05:44  INFO      [calendar_service.py:44]  Fetched 2 valid session(s).
2026-06-22 10:05:44  INFO      [main.py:84]  Calendar 2108 already started — skipping.
2026-06-22 10:05:44  INFO      [main.py:84]  Calendar 2108 already started — skipping.
2026-06-22 10:05:44  INFO      [main.py:176]  Calendar 2108 still running (4m 15s remaining).
2026-06-22 10:05:44  INFO      [main.py:188]  Active calendars: [2108]
2026-06-22 10:05:54  INFO      [main.py:52]  Checking calendars at 10:05:54
2026-06-22 10:05:54  DEBUG     [client.py:31]  GET https://192.168.1.249:5004/scl/get-all-calender
2026-06-22 10:05:54  INFO      [calendar_service.py:44]  Fetched 2 valid session(s).
2026-06-22 10:05:54  INFO      [main.py:84]  Calendar 2108 already started — skipping.
2026-06-22 10:05:54  INFO      [main.py:84]  Calendar 2108 already started — skipping.
2026-06-22 10:05:54  INFO      [main.py:176]  Calendar 2108 still running (4m 5s remaining).
2026-06-22 10:05:54  INFO      [main.py:188]  Active calendars: [2108]
2026-06-22 10:06:04  INFO      [main.py:52]  Checking calendars at 10:06:04
2026-06-22 10:06:04  DEBUG     [client.py:31]  GET https://192.168.1.249:5004/scl/get-all-calender
2026-06-22 10:06:04  INFO      [calendar_service.py:44]  Fetched 2 valid session(s).
2026-06-22 10:06:04  INFO      [main.py:84]  Calendar 2108 already started — skipping.
2026-06-22 10:06:04  INFO      [main.py:84]  Calendar 2108 already started — skipping.
2026-06-22 10:06:04  INFO      [main.py:176]  Calendar 2108 still running (3m 55s remaining).
2026-06-22 10:06:04  INFO      [main.py:188]  Active calendars: [2108]
2026-06-22 10:06:14  INFO      [main.py:52]  Checking calendars at 10:06:14
2026-06-22 10:06:14  DEBUG     [client.py:31]  GET https://192.168.1.249:5004/scl/get-all-calender
2026-06-22 10:06:14  INFO      [calendar_service.py:44]  Fetched 2 valid session(s).
2026-06-22 10:06:14  INFO      [main.py:84]  Calendar 2108 already started — skipping.
2026-06-22 10:06:14  INFO      [main.py:84]  Calendar 2108 already started — skipping.
2026-06-22 10:06:14  INFO      [main.py:176]  Calendar 2108 still running (3m 45s remaining).
2026-06-22 10:06:14  INFO      [main.py:188]  Active calendars: [2108]
2026-06-22 10:06:24  INFO      [main.py:52]  Checking calendars at 10:06:24
2026-06-22 10:06:24  DEBUG     [client.py:31]  GET https://192.168.1.249:5004/scl/get-all-calender
2026-06-22 10:06:24  INFO      [calendar_service.py:44]  Fetched 2 valid session(s).
2026-06-22 10:06:24  INFO      [main.py:84]  Calendar 2108 already started — skipping.
2026-06-22 10:06:24  INFO      [main.py:84]  Calendar 2108 already started — skipping.
2026-06-22 10:06:24  INFO      [main.py:176]  Calendar 2108 still running (3m 35s remaining).
2026-06-22 10:06:24  INFO      [main.py:188]  Active calendars: [2108]
2026-06-22 10:06:32  DEBUG     [camera.py:94]  Rejected — InsightFace found no face.
2026-06-22 10:06:32  INFO      [camera.py:250]  Face detected — YOLO conf: 0.709 — quality score: 0.0 — good: False
2026-06-22 10:06:32  DEBUG     [camera.py:264]  Skipped low quality face (score: 0.0)
2026-06-22 10:06:32  DEBUG     [camera.py:94]  Rejected — InsightFace found no face.
2026-06-22 10:06:32  INFO      [camera.py:250]  Face detected — YOLO conf: 0.706 — quality score: 0.0 — good: False
2026-06-22 10:06:32  DEBUG     [camera.py:264]  Skipped low quality face (score: 0.0)
2026-06-22 10:06:34  INFO      [main.py:52]  Checking calendars at 10:06:34
2026-06-22 10:06:34  DEBUG     [client.py:31]  GET https://192.168.1.249:5004/scl/get-all-calender
2026-06-22 10:06:34  INFO      [calendar_service.py:44]  Fetched 2 valid session(s).
2026-06-22 10:06:34  INFO      [main.py:84]  Calendar 2108 already started — skipping.
2026-06-22 10:06:34  INFO      [main.py:84]  Calendar 2108 already started — skipping.
2026-06-22 10:06:34  INFO      [main.py:176]  Calendar 2108 still running (3m 25s remaining).
2026-06-22 10:06:34  INFO      [main.py:188]  Active calendars: [2108]
2026-06-22 10:06:35  DEBUG     [camera.py:94]  Rejected — InsightFace found no face.
2026-06-22 10:06:35  INFO      [camera.py:250]  Face detected — YOLO conf: 0.784 — quality score: 0.0 — good: False
2026-06-22 10:06:35  DEBUG     [camera.py:264]  Skipped low quality face (score: 0.0)
2026-06-22 10:06:35  DEBUG     [camera.py:94]  Rejected — InsightFace found no face.
2026-06-22 10:06:35  INFO      [camera.py:250]  Face detected — YOLO conf: 0.753 — quality score: 0.0 — good: False
2026-06-22 10:06:35  DEBUG     [camera.py:264]  Skipped low quality face (score: 0.0)
2026-06-22 10:06:36  DEBUG     [camera.py:86]  Rejected — bad brightness (36.9)
2026-06-22 10:06:36  INFO      [camera.py:250]  Face detected — YOLO conf: 0.784 — quality score: 0.0 — good: False
2026-06-22 10:06:36  DEBUG     [camera.py:264]  Skipped low quality face (score: 0.0)
2026-06-22 10:06:36  DEBUG     [camera.py:86]  Rejected — bad brightness (31.1)
2026-06-22 10:06:36  INFO      [camera.py:250]  Face detected — YOLO conf: 0.839 — quality score: 0.0 — good: False
2026-06-22 10:06:36  DEBUG     [camera.py:264]  Skipped low quality face (score: 0.0)
2026-06-22 10:06:36  DEBUG     [camera.py:94]  Rejected — InsightFace found no face.
2026-06-22 10:06:36  INFO      [camera.py:250]  Face detected — YOLO conf: 0.827 — quality score: 0.0 — good: False
2026-06-22 10:06:36  DEBUG     [camera.py:264]  Skipped low quality face (score: 0.0)
2026-06-22 10:06:36  DEBUG     [camera.py:94]  Rejected — InsightFace found no face.
2026-06-22 10:06:36  INFO      [camera.py:250]  Face detected — YOLO conf: 0.837 — quality score: 0.0 — good: False
2026-06-22 10:06:36  DEBUG     [camera.py:264]  Skipped low quality face (score: 0.0)
2026-06-22 10:06:36  DEBUG     [camera.py:94]  Rejected — InsightFace found no face.
2026-06-22 10:06:36  INFO      [camera.py:250]  Face detected — YOLO conf: 0.792 — quality score: 0.0 — good: False
2026-06-22 10:06:36  DEBUG     [camera.py:264]  Skipped low quality face (score: 0.0)
2026-06-22 10:06:36  DEBUG     [camera.py:94]  Rejected — InsightFace found no face.
2026-06-22 10:06:36  INFO      [camera.py:250]  Face detected — YOLO conf: 0.782 — quality score: 0.0 — good: False
2026-06-22 10:06:36  DEBUG     [camera.py:264]  Skipped low quality face (score: 0.0)
2026-06-22 10:06:37  DEBUG     [camera.py:94]  Rejected — InsightFace found no face.
2026-06-22 10:06:37  INFO      [camera.py:250]  Face detected — YOLO conf: 0.821 — quality score: 0.0 — good: False
2026-06-22 10:06:37  DEBUG     [camera.py:264]  Skipped low quality face (score: 0.0)
2026-06-22 10:06:37  DEBUG     [camera.py:94]  Rejected — InsightFace found no face.
2026-06-22 10:06:37  INFO      [camera.py:250]  Face detected — YOLO conf: 0.761 — quality score: 0.0 — good: False
2026-06-22 10:06:37  DEBUG     [camera.py:264]  Skipped low quality face (score: 0.0)
2026-06-22 10:06:44  INFO      [main.py:52]  Checking calendars at 10:06:44
2026-06-22 10:06:44  DEBUG     [client.py:31]  GET https://192.168.1.249:5004/scl/get-all-calender
2026-06-22 10:06:44  INFO      [calendar_service.py:44]  Fetched 2 valid session(s).
2026-06-22 10:06:44  INFO      [main.py:84]  Calendar 2108 already started — skipping.
2026-06-22 10:06:44  INFO      [main.py:84]  Calendar 2108 already started — skipping.
2026-06-22 10:06:44  INFO      [main.py:176]  Calendar 2108 still running (3m 15s remaining).
2026-06-22 10:06:44  INFO      [main.py:188]  Active calendars: [2108]
2026-06-22 10:06:54  INFO      [main.py:52]  Checking calendars at 10:06:54
2026-06-22 10:06:54  DEBUG     [client.py:31]  GET https://192.168.1.249:5004/scl/get-all-calender
2026-06-22 10:06:54  INFO      [calendar_service.py:44]  Fetched 2 valid session(s).
2026-06-22 10:06:54  INFO      [main.py:84]  Calendar 2108 already started — skipping.
2026-06-22 10:06:54  INFO      [main.py:84]  Calendar 2108 already started — skipping.
2026-06-22 10:06:54  INFO      [main.py:176]  Calendar 2108 still running (3m 5s remaining).
2026-06-22 10:06:54  INFO      [main.py:188]  Active calendars: [2108]
2026-06-22 10:07:04  INFO      [main.py:52]  Checking calendars at 10:07:04
2026-06-22 10:07:04  DEBUG     [client.py:31]  GET https://192.168.1.249:5004/scl/get-all-calender
2026-06-22 10:07:04  INFO      [calendar_service.py:44]  Fetched 2 valid session(s).
2026-06-22 10:07:04  INFO      [main.py:84]  Calendar 2108 already started — skipping.
2026-06-22 10:07:04  INFO      [main.py:84]  Calendar 2108 already started — skipping.
2026-06-22 10:07:04  INFO      [main.py:176]  Calendar 2108 still running (2m 55s remaining).
2026-06-22 10:07:04  INFO      [main.py:188]  Active calendars: [2108]
2026-06-22 10:07:14  INFO      [main.py:52]  Checking calendars at 10:07:14
2026-06-22 10:07:14  DEBUG     [client.py:31]  GET https://192.168.1.249:5004/scl/get-all-calender
2026-06-22 10:07:15  INFO      [calendar_service.py:44]  Fetched 2 valid session(s).
2026-06-22 10:07:15  INFO      [main.py:84]  Calendar 2108 already started — skipping.
2026-06-22 10:07:15  INFO      [main.py:84]  Calendar 2108 already started — skipping.
2026-06-22 10:07:15  INFO      [main.py:176]  Calendar 2108 still running (2m 45s remaining).
2026-06-22 10:07:15  INFO      [main.py:188]  Active calendars: [2108]
2026-06-22 10:07:16  DEBUG     [camera.py:86]  Rejected — bad brightness (39.8)
2026-06-22 10:07:16  INFO      [camera.py:250]  Face detected — YOLO conf: 0.842 — quality score: 0.0 — good: False
2026-06-22 10:07:16  DEBUG     [camera.py:264]  Skipped low quality face (score: 0.0)
2026-06-22 10:07:16  DEBUG     [camera.py:86]  Rejected — bad brightness (39.8)
2026-06-22 10:07:16  INFO      [camera.py:250]  Face detected — YOLO conf: 0.851 — quality score: 0.0 — good: False
2026-06-22 10:07:16  DEBUG     [camera.py:264]  Skipped low quality face (score: 0.0)
2026-06-22 10:07:16  DEBUG     [camera.py:94]  Rejected — InsightFace found no face.
2026-06-22 10:07:16  INFO      [camera.py:250]  Face detected — YOLO conf: 0.881 — quality score: 0.0 — good: False
2026-06-22 10:07:16  DEBUG     [camera.py:264]  Skipped low quality face (score: 0.0)
2026-06-22 10:07:16  DEBUG     [camera.py:94]  Rejected — InsightFace found no face.
2026-06-22 10:07:16  INFO      [camera.py:250]  Face detected — YOLO conf: 0.861 — quality score: 0.0 — good: False
2026-06-22 10:07:16  DEBUG     [camera.py:264]  Skipped low quality face (score: 0.0)
2026-06-22 10:07:16  DEBUG     [camera.py:94]  Rejected — InsightFace found no face.
2026-06-22 10:07:16  INFO      [camera.py:250]  Face detected — YOLO conf: 0.855 — quality score: 0.0 — good: False
2026-06-22 10:07:16  DEBUG     [camera.py:264]  Skipped low quality face (score: 0.0)
2026-06-22 10:07:16  DEBUG     [camera.py:94]  Rejected — InsightFace found no face.
2026-06-22 10:07:16  INFO      [camera.py:250]  Face detected — YOLO conf: 0.822 — quality score: 0.0 — good: False
2026-06-22 10:07:16  DEBUG     [camera.py:264]  Skipped low quality face (score: 0.0)
2026-06-22 10:07:16  DEBUG     [camera.py:94]  Rejected — InsightFace found no face.
2026-06-22 10:07:16  INFO      [camera.py:250]  Face detected — YOLO conf: 0.807 — quality score: 0.0 — good: False
2026-06-22 10:07:16  DEBUG     [camera.py:264]  Skipped low quality face (score: 0.0)
2026-06-22 10:07:16  DEBUG     [camera.py:94]  Rejected — InsightFace found no face.
2026-06-22 10:07:16  INFO      [camera.py:250]  Face detected — YOLO conf: 0.741 — quality score: 0.0 — good: False
2026-06-22 10:07:16  DEBUG     [camera.py:264]  Skipped low quality face (score: 0.0)
2026-06-22 10:07:18  DEBUG     [camera.py:109]  Quality — score: 0.527 blur: 119.1 brightness: 135.2
2026-06-22 10:07:18  INFO      [camera.py:250]  Face detected — YOLO conf: 0.752 — quality score: 0.527 — good: True
2026-06-22 10:07:18  INFO      [camera.py:262]  Saved face (quality: 0.527): face_20260622_100718_890.jpg
2026-06-22 10:07:18  DEBUG     [camera.py:109]  Quality — score: 0.725 blur: 107.9 brightness: 121.2
2026-06-22 10:07:18  INFO      [camera.py:250]  Face detected — YOLO conf: 0.796 — quality score: 0.725 — good: True
2026-06-22 10:07:18  INFO      [camera.py:262]  Saved face (quality: 0.725): face_20260622_100718_981.jpg
2026-06-22 10:07:19  DEBUG     [camera.py:94]  Rejected — InsightFace found no face.
2026-06-22 10:07:19  INFO      [camera.py:250]  Face detected — YOLO conf: 0.875 — quality score: 0.0 — good: False
2026-06-22 10:07:19  DEBUG     [camera.py:264]  Skipped low quality face (score: 0.0)
2026-06-22 10:07:19  DEBUG     [camera.py:94]  Rejected — InsightFace found no face.
2026-06-22 10:07:19  INFO      [camera.py:250]  Face detected — YOLO conf: 0.866 — quality score: 0.0 — good: False
2026-06-22 10:07:19  DEBUG     [camera.py:264]  Skipped low quality face (score: 0.0)
2026-06-22 10:07:19  DEBUG     [camera.py:94]  Rejected — InsightFace found no face.
2026-06-22 10:07:19  INFO      [camera.py:250]  Face detected — YOLO conf: 0.855 — quality score: 0.0 — good: False
2026-06-22 10:07:19  DEBUG     [camera.py:264]  Skipped low quality face (score: 0.0)
2026-06-22 10:07:19  DEBUG     [camera.py:94]  Rejected — InsightFace found no face.
2026-06-22 10:07:19  INFO      [camera.py:250]  Face detected — YOLO conf: 0.873 — quality score: 0.0 — good: False
2026-06-22 10:07:19  DEBUG     [camera.py:264]  Skipped low quality face (score: 0.0)
2026-06-22 10:07:19  DEBUG     [camera.py:94]  Rejected — InsightFace found no face.
2026-06-22 10:07:19  INFO      [camera.py:250]  Face detected — YOLO conf: 0.826 — quality score: 0.0 — good: False
2026-06-22 10:07:19  DEBUG     [camera.py:264]  Skipped low quality face (score: 0.0)
2026-06-22 10:07:20  DEBUG     [camera.py:94]  Rejected — InsightFace found no face.
2026-06-22 10:07:20  INFO      [camera.py:250]  Face detected — YOLO conf: 0.851 — quality score: 0.0 — good: False
2026-06-22 10:07:20  DEBUG     [camera.py:264]  Skipped low quality face (score: 0.0)
2026-06-22 10:07:20  DEBUG     [camera.py:94]  Rejected — InsightFace found no face.
2026-06-22 10:07:20  INFO      [camera.py:250]  Face detected — YOLO conf: 0.820 — quality score: 0.0 — good: False
2026-06-22 10:07:20  DEBUG     [camera.py:264]  Skipped low quality face (score: 0.0)
2026-06-22 10:07:20  DEBUG     [camera.py:94]  Rejected — InsightFace found no face.
2026-06-22 10:07:20  INFO      [camera.py:250]  Face detected — YOLO conf: 0.822 — quality score: 0.0 — good: False
2026-06-22 10:07:20  DEBUG     [camera.py:264]  Skipped low quality face (score: 0.0)
2026-06-22 10:07:20  DEBUG     [camera.py:94]  Rejected — InsightFace found no face.
2026-06-22 10:07:20  INFO      [camera.py:250]  Face detected — YOLO conf: 0.831 — quality score: 0.0 — good: False
2026-06-22 10:07:20  DEBUG     [camera.py:264]  Skipped low quality face (score: 0.0)
2026-06-22 10:07:20  DEBUG     [camera.py:94]  Rejected — InsightFace found no face.
2026-06-22 10:07:20  INFO      [camera.py:250]  Face detected — YOLO conf: 0.823 — quality score: 0.0 — good: False
2026-06-22 10:07:20  DEBUG     [camera.py:264]  Skipped low quality face (score: 0.0)
2026-06-22 10:07:20  DEBUG     [camera.py:94]  Rejected — InsightFace found no face.
2026-06-22 10:07:20  INFO      [camera.py:250]  Face detected — YOLO conf: 0.808 — quality score: 0.0 — good: False
2026-06-22 10:07:20  DEBUG     [camera.py:264]  Skipped low quality face (score: 0.0)
2026-06-22 10:07:20  DEBUG     [camera.py:94]  Rejected — InsightFace found no face.
2026-06-22 10:07:20  INFO      [camera.py:250]  Face detected — YOLO conf: 0.793 — quality score: 0.0 — good: False
2026-06-22 10:07:20  DEBUG     [camera.py:264]  Skipped low quality face (score: 0.0)
2026-06-22 10:07:20  DEBUG     [camera.py:94]  Rejected — InsightFace found no face.
2026-06-22 10:07:20  INFO      [camera.py:250]  Face detected — YOLO conf: 0.760 — quality score: 0.0 — good: False
2026-06-22 10:07:20  DEBUG     [camera.py:264]  Skipped low quality face (score: 0.0)
2026-06-22 10:07:20  DEBUG     [camera.py:94]  Rejected — InsightFace found no face.
2026-06-22 10:07:20  INFO      [camera.py:250]  Face detected — YOLO conf: 0.721 — quality score: 0.0 — good: False
2026-06-22 10:07:20  DEBUG     [camera.py:264]  Skipped low quality face (score: 0.0)
2026-06-22 10:07:20  DEBUG     [camera.py:94]  Rejected — InsightFace found no face.
2026-06-22 10:07:20  INFO      [camera.py:250]  Face detected — YOLO conf: 0.724 — quality score: 0.0 — good: False
2026-06-22 10:07:20  DEBUG     [camera.py:264]  Skipped low quality face (score: 0.0)
2026-06-22 10:07:22  DEBUG     [camera.py:94]  Rejected — InsightFace found no face.
2026-06-22 10:07:22  INFO      [camera.py:250]  Face detected — YOLO conf: 0.754 — quality score: 0.0 — good: False
2026-06-22 10:07:22  DEBUG     [camera.py:264]  Skipped low quality face (score: 0.0)
2026-06-22 10:07:23  DEBUG     [camera.py:94]  Rejected — InsightFace found no face.
2026-06-22 10:07:23  INFO      [camera.py:250]  Face detected — YOLO conf: 0.804 — quality score: 0.0 — good: False
2026-06-22 10:07:23  DEBUG     [camera.py:264]  Skipped low quality face (score: 0.0)
2026-06-22 10:07:23  DEBUG     [camera.py:94]  Rejected — InsightFace found no face.
2026-06-22 10:07:23  INFO      [camera.py:250]  Face detected — YOLO conf: 0.845 — quality score: 0.0 — good: False
2026-06-22 10:07:23  DEBUG     [camera.py:264]  Skipped low quality face (score: 0.0)
2026-06-22 10:07:23  DEBUG     [camera.py:94]  Rejected — InsightFace found no face.
2026-06-22 10:07:23  INFO      [camera.py:250]  Face detected — YOLO conf: 0.859 — quality score: 0.0 — good: False
2026-06-22 10:07:23  DEBUG     [camera.py:264]  Skipped low quality face (score: 0.0)
2026-06-22 10:07:23  DEBUG     [camera.py:94]  Rejected — InsightFace found no face.
2026-06-22 10:07:23  INFO      [camera.py:250]  Face detected — YOLO conf: 0.830 — quality score: 0.0 — good: False
2026-06-22 10:07:23  DEBUG     [camera.py:264]  Skipped low quality face (score: 0.0)
2026-06-22 10:07:23  DEBUG     [camera.py:94]  Rejected — InsightFace found no face.
2026-06-22 10:07:23  INFO      [camera.py:250]  Face detected — YOLO conf: 0.840 — quality score: 0.0 — good: False
2026-06-22 10:07:23  DEBUG     [camera.py:264]  Skipped low quality face (score: 0.0)
2026-06-22 10:07:24  DEBUG     [camera.py:94]  Rejected — InsightFace found no face.
2026-06-22 10:07:24  INFO      [camera.py:250]  Face detected — YOLO conf: 0.822 — quality score: 0.0 — good: False
2026-06-22 10:07:24  DEBUG     [camera.py:264]  Skipped low quality face (score: 0.0)
2026-06-22 10:07:24  DEBUG     [camera.py:94]  Rejected — InsightFace found no face.
2026-06-22 10:07:24  INFO      [camera.py:250]  Face detected — YOLO conf: 0.797 — quality score: 0.0 — good: False
2026-06-22 10:07:24  DEBUG     [camera.py:264]  Skipped low quality face (score: 0.0)
2026-06-22 10:07:24  DEBUG     [camera.py:94]  Rejected — InsightFace found no face.
2026-06-22 10:07:24  INFO      [camera.py:250]  Face detected — YOLO conf: 0.849 — quality score: 0.0 — good: False
2026-06-22 10:07:24  DEBUG     [camera.py:264]  Skipped low quality face (score: 0.0)
2026-06-22 10:07:24  DEBUG     [camera.py:94]  Rejected — InsightFace found no face.
2026-06-22 10:07:24  INFO      [camera.py:250]  Face detected — YOLO conf: 0.850 — quality score: 0.0 — good: False
2026-06-22 10:07:24  DEBUG     [camera.py:264]  Skipped low quality face (score: 0.0)
2026-06-22 10:07:24  DEBUG     [camera.py:94]  Rejected — InsightFace found no face.
2026-06-22 10:07:24  INFO      [camera.py:250]  Face detected — YOLO conf: 0.771 — quality score: 0.0 — good: False
2026-06-22 10:07:24  DEBUG     [camera.py:264]  Skipped low quality face (score: 0.0)
2026-06-22 10:07:25  INFO      [main.py:52]  Checking calendars at 10:07:25
2026-06-22 10:07:25  DEBUG     [client.py:31]  GET https://192.168.1.249:5004/scl/get-all-calender
2026-06-22 10:07:25  INFO      [calendar_service.py:44]  Fetched 2 valid session(s).
2026-06-22 10:07:25  INFO      [main.py:84]  Calendar 2108 already started — skipping.
2026-06-22 10:07:25  INFO      [main.py:84]  Calendar 2108 already started — skipping.
2026-06-22 10:07:25  INFO      [main.py:176]  Calendar 2108 still running (2m 34s remaining).
2026-06-22 10:07:25  INFO      [main.py:188]  Active calendars: [2108]
2026-06-22 10:07:35  INFO      [main.py:52]  Checking calendars at 10:07:35
2026-06-22 10:07:35  DEBUG     [client.py:31]  GET https://192.168.1.249:5004/scl/get-all-calender
2026-06-22 10:07:35  INFO      [calendar_service.py:44]  Fetched 2 valid session(s).
2026-06-22 10:07:35  INFO      [main.py:84]  Calendar 2108 already started — skipping.
2026-06-22 10:07:35  INFO      [main.py:84]  Calendar 2108 already started — skipping.
2026-06-22 10:07:35  INFO      [main.py:176]  Calendar 2108 still running (2m 24s remaining).
2026-06-22 10:07:35  INFO      [main.py:188]  Active calendars: [2108]
2026-06-22 10:07:38  DEBUG     [camera.py:94]  Rejected — InsightFace found no face.
2026-06-22 10:07:38  INFO      [camera.py:250]  Face detected — YOLO conf: 0.726 — quality score: 0.0 — good: False
2026-06-22 10:07:38  DEBUG     [camera.py:264]  Skipped low quality face (score: 0.0)
2026-06-22 10:07:38  DEBUG     [camera.py:94]  Rejected — InsightFace found no face.
2026-06-22 10:07:38  INFO      [camera.py:250]  Face detected — YOLO conf: 0.741 — quality score: 0.0 — good: False
2026-06-22 10:07:38  DEBUG     [camera.py:264]  Skipped low quality face (score: 0.0)
2026-06-22 10:07:38  DEBUG     [camera.py:94]  Rejected — InsightFace found no face.
2026-06-22 10:07:38  INFO      [camera.py:250]  Face detected — YOLO conf: 0.724 — quality score: 0.0 — good: False
2026-06-22 10:07:38  DEBUG     [camera.py:264]  Skipped low quality face (score: 0.0)
2026-06-22 10:07:39  DEBUG     [camera.py:94]  Rejected — InsightFace found no face.
2026-06-22 10:07:39  INFO      [camera.py:250]  Face detected — YOLO conf: 0.767 — quality score: 0.0 — good: False
2026-06-22 10:07:39  DEBUG     [camera.py:264]  Skipped low quality face (score: 0.0)
2026-06-22 10:07:39  DEBUG     [camera.py:94]  Rejected — InsightFace found no face.
2026-06-22 10:07:39  INFO      [camera.py:250]  Face detected — YOLO conf: 0.729 — quality score: 0.0 — good: False
2026-06-22 10:07:39  DEBUG     [camera.py:264]  Skipped low quality face (score: 0.0)
2026-06-22 10:07:39  DEBUG     [camera.py:94]  Rejected — InsightFace found no face.
2026-06-22 10:07:39  INFO      [camera.py:250]  Face detected — YOLO conf: 0.776 — quality score: 0.0 — good: False
2026-06-22 10:07:39  DEBUG     [camera.py:264]  Skipped low quality face (score: 0.0)
2026-06-22 10:07:39  DEBUG     [camera.py:94]  Rejected — InsightFace found no face.
2026-06-22 10:07:39  INFO      [camera.py:250]  Face detected — YOLO conf: 0.756 — quality score: 0.0 — good: False
2026-06-22 10:07:39  DEBUG     [camera.py:264]  Skipped low quality face (score: 0.0)
2026-06-22 10:07:39  DEBUG     [camera.py:94]  Rejected — InsightFace found no face.
2026-06-22 10:07:39  INFO      [camera.py:250]  Face detected — YOLO conf: 0.785 — quality score: 0.0 — good: False
2026-06-22 10:07:39  DEBUG     [camera.py:264]  Skipped low quality face (score: 0.0)
2026-06-22 10:07:39  DEBUG     [camera.py:94]  Rejected — InsightFace found no face.
2026-06-22 10:07:39  INFO      [camera.py:250]  Face detected — YOLO conf: 0.829 — quality score: 0.0 — good: False
2026-06-22 10:07:39  DEBUG     [camera.py:264]  Skipped low quality face (score: 0.0)
2026-06-22 10:07:39  DEBUG     [camera.py:94]  Rejected — InsightFace found no face.
2026-06-22 10:07:39  INFO      [camera.py:250]  Face detected — YOLO conf: 0.794 — quality score: 0.0 — good: False
2026-06-22 10:07:39  DEBUG     [camera.py:264]  Skipped low quality face (score: 0.0)
2026-06-22 10:07:39  DEBUG     [camera.py:94]  Rejected — InsightFace found no face.
2026-06-22 10:07:39  INFO      [camera.py:250]  Face detected — YOLO conf: 0.794 — quality score: 0.0 — good: False
2026-06-22 10:07:39  DEBUG     [camera.py:264]  Skipped low quality face (score: 0.0)
2026-06-22 10:07:39  DEBUG     [camera.py:94]  Rejected — InsightFace found no face.
2026-06-22 10:07:39  INFO      [camera.py:250]  Face detected — YOLO conf: 0.800 — quality score: 0.0 — good: False
2026-06-22 10:07:39  DEBUG     [camera.py:264]  Skipped low quality face (score: 0.0)
2026-06-22 10:07:40  DEBUG     [camera.py:94]  Rejected — InsightFace found no face.
2026-06-22 10:07:40  INFO      [camera.py:250]  Face detected — YOLO conf: 0.806 — quality score: 0.0 — good: False
2026-06-22 10:07:40  DEBUG     [camera.py:264]  Skipped low quality face (score: 0.0)
2026-06-22 10:07:40  DEBUG     [camera.py:94]  Rejected — InsightFace found no face.
2026-06-22 10:07:40  INFO      [camera.py:250]  Face detected — YOLO conf: 0.856 — quality score: 0.0 — good: False
2026-06-22 10:07:40  DEBUG     [camera.py:264]  Skipped low quality face (score: 0.0)
2026-06-22 10:07:40  DEBUG     [camera.py:94]  Rejected — InsightFace found no face.
2026-06-22 10:07:40  INFO      [camera.py:250]  Face detected — YOLO conf: 0.889 — quality score: 0.0 — good: False
2026-06-22 10:07:40  DEBUG     [camera.py:264]  Skipped low quality face (score: 0.0)
2026-06-22 10:07:40  DEBUG     [camera.py:94]  Rejected — InsightFace found no face.
2026-06-22 10:07:40  INFO      [camera.py:250]  Face detected — YOLO conf: 0.861 — quality score: 0.0 — good: False
2026-06-22 10:07:40  DEBUG     [camera.py:264]  Skipped low quality face (score: 0.0)
2026-06-22 10:07:40  DEBUG     [camera.py:94]  Rejected — InsightFace found no face.
2026-06-22 10:07:40  INFO      [camera.py:250]  Face detected — YOLO conf: 0.821 — quality score: 0.0 — good: False
2026-06-22 10:07:40  DEBUG     [camera.py:264]  Skipped low quality face (score: 0.0)
2026-06-22 10:07:40  DEBUG     [camera.py:94]  Rejected — InsightFace found no face.
2026-06-22 10:07:40  INFO      [camera.py:250]  Face detected — YOLO conf: 0.878 — quality score: 0.0 — good: False
2026-06-22 10:07:40  DEBUG     [camera.py:264]  Skipped low quality face (score: 0.0)
2026-06-22 10:07:40  DEBUG     [camera.py:94]  Rejected — InsightFace found no face.
2026-06-22 10:07:40  INFO      [camera.py:250]  Face detected — YOLO conf: 0.839 — quality score: 0.0 — good: False
2026-06-22 10:07:40  DEBUG     [camera.py:264]  Skipped low quality face (score: 0.0)
2026-06-22 10:07:40  DEBUG     [camera.py:94]  Rejected — InsightFace found no face.
2026-06-22 10:07:40  INFO      [camera.py:250]  Face detected — YOLO conf: 0.818 — quality score: 0.0 — good: False
2026-06-22 10:07:40  DEBUG     [camera.py:264]  Skipped low quality face (score: 0.0)
2026-06-22 10:07:40  DEBUG     [camera.py:94]  Rejected — InsightFace found no face.
2026-06-22 10:07:40  INFO      [camera.py:250]  Face detected — YOLO conf: 0.829 — quality score: 0.0 — good: False
2026-06-22 10:07:40  DEBUG     [camera.py:264]  Skipped low quality face (score: 0.0)
2026-06-22 10:07:40  DEBUG     [camera.py:94]  Rejected — InsightFace found no face.
2026-06-22 10:07:40  INFO      [camera.py:250]  Face detected — YOLO conf: 0.862 — quality score: 0.0 — good: False
2026-06-22 10:07:40  DEBUG     [camera.py:264]  Skipped low quality face (score: 0.0)
2026-06-22 10:07:41  DEBUG     [camera.py:94]  Rejected — InsightFace found no face.
2026-06-22 10:07:41  INFO      [camera.py:250]  Face detected — YOLO conf: 0.853 — quality score: 0.0 — good: False
2026-06-22 10:07:41  DEBUG     [camera.py:264]  Skipped low quality face (score: 0.0)
2026-06-22 10:07:41  DEBUG     [camera.py:94]  Rejected — InsightFace found no face.
2026-06-22 10:07:41  INFO      [camera.py:250]  Face detected — YOLO conf: 0.835 — quality score: 0.0 — good: False
2026-06-22 10:07:41  DEBUG     [camera.py:264]  Skipped low quality face (score: 0.0)
2026-06-22 10:07:41  DEBUG     [camera.py:94]  Rejected — InsightFace found no face.
2026-06-22 10:07:41  INFO      [camera.py:250]  Face detected — YOLO conf: 0.831 — quality score: 0.0 — good: False
2026-06-22 10:07:41  DEBUG     [camera.py:264]  Skipped low quality face (score: 0.0)
2026-06-22 10:07:41  DEBUG     [camera.py:94]  Rejected — InsightFace found no face.
2026-06-22 10:07:41  INFO      [camera.py:250]  Face detected — YOLO conf: 0.822 — quality score: 0.0 — good: False
2026-06-22 10:07:41  DEBUG     [camera.py:264]  Skipped low quality face (score: 0.0)
2026-06-22 10:07:41  DEBUG     [camera.py:94]  Rejected — InsightFace found no face.
2026-06-22 10:07:41  INFO      [camera.py:250]  Face detected — YOLO conf: 0.822 — quality score: 0.0 — good: False
2026-06-22 10:07:41  DEBUG     [camera.py:264]  Skipped low quality face (score: 0.0)
2026-06-22 10:07:41  DEBUG     [camera.py:94]  Rejected — InsightFace found no face.
2026-06-22 10:07:41  INFO      [camera.py:250]  Face detected — YOLO conf: 0.846 — quality score: 0.0 — good: False
2026-06-22 10:07:41  DEBUG     [camera.py:264]  Skipped low quality face (score: 0.0)
2026-06-22 10:07:41  DEBUG     [camera.py:94]  Rejected — InsightFace found no face.
2026-06-22 10:07:41  INFO      [camera.py:250]  Face detected — YOLO conf: 0.856 — quality score: 0.0 — good: False
2026-06-22 10:07:41  DEBUG     [camera.py:264]  Skipped low quality face (score: 0.0)
2026-06-22 10:07:41  DEBUG     [camera.py:94]  Rejected — InsightFace found no face.
2026-06-22 10:07:41  INFO      [camera.py:250]  Face detected — YOLO conf: 0.868 — quality score: 0.0 — good: False
2026-06-22 10:07:41  DEBUG     [camera.py:264]  Skipped low quality face (score: 0.0)
2026-06-22 10:07:41  DEBUG     [camera.py:94]  Rejected — InsightFace found no face.
2026-06-22 10:07:41  INFO      [camera.py:250]  Face detected — YOLO conf: 0.836 — quality score: 0.0 — good: False
2026-06-22 10:07:41  DEBUG     [camera.py:264]  Skipped low quality face (score: 0.0)
2026-06-22 10:07:41  DEBUG     [camera.py:94]  Rejected — InsightFace found no face.
2026-06-22 10:07:41  INFO      [camera.py:250]  Face detected — YOLO conf: 0.838 — quality score: 0.0 — good: False
2026-06-22 10:07:41  DEBUG     [camera.py:264]  Skipped low quality face (score: 0.0)
2026-06-22 10:07:42  DEBUG     [camera.py:94]  Rejected — InsightFace found no face.
2026-06-22 10:07:42  INFO      [camera.py:250]  Face detected — YOLO conf: 0.838 — quality score: 0.0 — good: False
2026-06-22 10:07:42  DEBUG     [camera.py:264]  Skipped low quality face (score: 0.0)
2026-06-22 10:07:42  DEBUG     [camera.py:94]  Rejected — InsightFace found no face.
2026-06-22 10:07:42  INFO      [camera.py:250]  Face detected — YOLO conf: 0.834 — quality score: 0.0 — good: False
2026-06-22 10:07:42  DEBUG     [camera.py:264]  Skipped low quality face (score: 0.0)
2026-06-22 10:07:42  DEBUG     [camera.py:94]  Rejected — InsightFace found no face.
2026-06-22 10:07:42  INFO      [camera.py:250]  Face detected — YOLO conf: 0.854 — quality score: 0.0 — good: False
2026-06-22 10:07:42  DEBUG     [camera.py:264]  Skipped low quality face (score: 0.0)
2026-06-22 10:07:42  DEBUG     [camera.py:94]  Rejected — InsightFace found no face.
2026-06-22 10:07:42  INFO      [camera.py:250]  Face detected — YOLO conf: 0.852 — quality score: 0.0 — good: False
2026-06-22 10:07:42  DEBUG     [camera.py:264]  Skipped low quality face (score: 0.0)
2026-06-22 10:07:42  DEBUG     [camera.py:94]  Rejected — InsightFace found no face.
2026-06-22 10:07:42  INFO      [camera.py:250]  Face detected — YOLO conf: 0.835 — quality score: 0.0 — good: False
2026-06-22 10:07:42  DEBUG     [camera.py:264]  Skipped low quality face (score: 0.0)
2026-06-22 10:07:42  DEBUG     [camera.py:94]  Rejected — InsightFace found no face.
2026-06-22 10:07:42  INFO      [camera.py:250]  Face detected — YOLO conf: 0.823 — quality score: 0.0 — good: False
2026-06-22 10:07:42  DEBUG     [camera.py:264]  Skipped low quality face (score: 0.0)
2026-06-22 10:07:42  DEBUG     [camera.py:94]  Rejected — InsightFace found no face.
2026-06-22 10:07:42  INFO      [camera.py:250]  Face detected — YOLO conf: 0.820 — quality score: 0.0 — good: False
2026-06-22 10:07:42  DEBUG     [camera.py:264]  Skipped low quality face (score: 0.0)
2026-06-22 10:07:42  DEBUG     [camera.py:94]  Rejected — InsightFace found no face.
2026-06-22 10:07:42  INFO      [camera.py:250]  Face detected — YOLO conf: 0.822 — quality score: 0.0 — good: False
2026-06-22 10:07:42  DEBUG     [camera.py:264]  Skipped low quality face (score: 0.0)
2026-06-22 10:07:42  DEBUG     [camera.py:94]  Rejected — InsightFace found no face.
2026-06-22 10:07:42  INFO      [camera.py:250]  Face detected — YOLO conf: 0.828 — quality score: 0.0 — good: False
2026-06-22 10:07:42  DEBUG     [camera.py:264]  Skipped low quality face (score: 0.0)
2026-06-22 10:07:42  DEBUG     [camera.py:94]  Rejected — InsightFace found no face.
2026-06-22 10:07:42  INFO      [camera.py:250]  Face detected — YOLO conf: 0.820 — quality score: 0.0 — good: False
2026-06-22 10:07:42  DEBUG     [camera.py:264]  Skipped low quality face (score: 0.0)
2026-06-22 10:07:43  DEBUG     [camera.py:94]  Rejected — InsightFace found no face.
2026-06-22 10:07:43  INFO      [camera.py:250]  Face detected — YOLO conf: 0.835 — quality score: 0.0 — good: False
2026-06-22 10:07:43  DEBUG     [camera.py:264]  Skipped low quality face (score: 0.0)
2026-06-22 10:07:43  DEBUG     [camera.py:94]  Rejected — InsightFace found no face.
2026-06-22 10:07:43  INFO      [camera.py:250]  Face detected — YOLO conf: 0.825 — quality score: 0.0 — good: False
2026-06-22 10:07:43  DEBUG     [camera.py:264]  Skipped low quality face (score: 0.0)
2026-06-22 10:07:43  DEBUG     [camera.py:94]  Rejected — InsightFace found no face.
2026-06-22 10:07:43  INFO      [camera.py:250]  Face detected — YOLO conf: 0.813 — quality score: 0.0 — good: False
2026-06-22 10:07:43  DEBUG     [camera.py:264]  Skipped low quality face (score: 0.0)
2026-06-22 10:07:43  DEBUG     [camera.py:94]  Rejected — InsightFace found no face.
2026-06-22 10:07:43  INFO      [camera.py:250]  Face detected — YOLO conf: 0.824 — quality score: 0.0 — good: False
2026-06-22 10:07:43  DEBUG     [camera.py:264]  Skipped low quality face (score: 0.0)
2026-06-22 10:07:43  DEBUG     [camera.py:94]  Rejected — InsightFace found no face.
2026-06-22 10:07:43  INFO      [camera.py:250]  Face detected — YOLO conf: 0.817 — quality score: 0.0 — good: False
2026-06-22 10:07:43  DEBUG     [camera.py:264]  Skipped low quality face (score: 0.0)
2026-06-22 10:07:43  DEBUG     [camera.py:94]  Rejected — InsightFace found no face.
2026-06-22 10:07:43  INFO      [camera.py:250]  Face detected — YOLO conf: 0.819 — quality score: 0.0 — good: False
2026-06-22 10:07:43  DEBUG     [camera.py:264]  Skipped low quality face (score: 0.0)
2026-06-22 10:07:45  INFO      [main.py:52]  Checking calendars at 10:07:45
2026-06-22 10:07:45  DEBUG     [client.py:31]  GET https://192.168.1.249:5004/scl/get-all-calender
2026-06-22 10:07:45  INFO      [calendar_service.py:44]  Fetched 2 valid session(s).
2026-06-22 10:07:45  INFO      [main.py:84]  Calendar 2108 already started — skipping.
2026-06-22 10:07:45  INFO      [main.py:84]  Calendar 2108 already started — skipping.
2026-06-22 10:07:45  INFO      [main.py:176]  Calendar 2108 still running (2m 14s remaining).
2026-06-22 10:07:45  INFO      [main.py:188]  Active calendars: [2108]
2026-06-22 10:07:46  DEBUG     [camera.py:94]  Rejected — InsightFace found no face.
2026-06-22 10:07:46  INFO      [camera.py:250]  Face detected — YOLO conf: 0.713 — quality score: 0.0 — good: False
2026-06-22 10:07:46  DEBUG     [camera.py:264]  Skipped low quality face (score: 0.0)
2026-06-22 10:07:48  DEBUG     [camera.py:94]  Rejected — InsightFace found no face.
2026-06-22 10:07:48  INFO      [camera.py:250]  Face detected — YOLO conf: 0.710 — quality score: 0.0 — good: False
2026-06-22 10:07:48  DEBUG     [camera.py:264]  Skipped low quality face (score: 0.0)
2026-06-22 10:07:48  DEBUG     [camera.py:94]  Rejected — InsightFace found no face.
2026-06-22 10:07:48  INFO      [camera.py:250]  Face detected — YOLO conf: 0.729 — quality score: 0.0 — good: False
2026-06-22 10:07:48  DEBUG     [camera.py:264]  Skipped low quality face (score: 0.0)
2026-06-22 10:07:48  DEBUG     [camera.py:94]  Rejected — InsightFace found no face.
2026-06-22 10:07:48  INFO      [camera.py:250]  Face detected — YOLO conf: 0.704 — quality score: 0.0 — good: False
2026-06-22 10:07:48  DEBUG     [camera.py:264]  Skipped low quality face (score: 0.0)
2026-06-22 10:07:48  DEBUG     [camera.py:94]  Rejected — InsightFace found no face.
2026-06-22 10:07:48  INFO      [camera.py:250]  Face detected — YOLO conf: 0.754 — quality score: 0.0 — good: False
2026-06-22 10:07:48  DEBUG     [camera.py:264]  Skipped low quality face (score: 0.0)
2026-06-22 10:07:48  DEBUG     [camera.py:94]  Rejected — InsightFace found no face.
2026-06-22 10:07:48  INFO      [camera.py:250]  Face detected — YOLO conf: 0.763 — quality score: 0.0 — good: False
2026-06-22 10:07:48  DEBUG     [camera.py:264]  Skipped low quality face (score: 0.0)
2026-06-22 10:07:49  DEBUG     [camera.py:94]  Rejected — InsightFace found no face.
2026-06-22 10:07:49  INFO      [camera.py:250]  Face detected — YOLO conf: 0.769 — quality score: 0.0 — good: False
2026-06-22 10:07:49  DEBUG     [camera.py:264]  Skipped low quality face (score: 0.0)
2026-06-22 10:07:49  DEBUG     [camera.py:94]  Rejected — InsightFace found no face.
2026-06-22 10:07:49  INFO      [camera.py:250]  Face detected — YOLO conf: 0.751 — quality score: 0.0 — good: False
2026-06-22 10:07:49  DEBUG     [camera.py:264]  Skipped low quality face (score: 0.0)
2026-06-22 10:07:49  DEBUG     [camera.py:94]  Rejected — InsightFace found no face.
2026-06-22 10:07:49  INFO      [camera.py:250]  Face detected — YOLO conf: 0.803 — quality score: 0.0 — good: False
2026-06-22 10:07:49  DEBUG     [camera.py:264]  Skipped low quality face (score: 0.0)
2026-06-22 10:07:49  DEBUG     [camera.py:94]  Rejected — InsightFace found no face.
2026-06-22 10:07:49  INFO      [camera.py:250]  Face detected — YOLO conf: 0.813 — quality score: 0.0 — good: False
2026-06-22 10:07:49  DEBUG     [camera.py:264]  Skipped low quality face (score: 0.0)
2026-06-22 10:07:49  DEBUG     [camera.py:94]  Rejected — InsightFace found no face.
2026-06-22 10:07:49  INFO      [camera.py:250]  Face detected — YOLO conf: 0.820 — quality score: 0.0 — good: False
2026-06-22 10:07:49  DEBUG     [camera.py:264]  Skipped low quality face (score: 0.0)
2026-06-22 10:07:49  DEBUG     [camera.py:94]  Rejected — InsightFace found no face.
2026-06-22 10:07:49  INFO      [camera.py:250]  Face detected — YOLO conf: 0.820 — quality score: 0.0 — good: False
2026-06-22 10:07:49  DEBUG     [camera.py:264]  Skipped low quality face (score: 0.0)
2026-06-22 10:07:55  INFO      [main.py:52]  Checking calendars at 10:07:55
2026-06-22 10:07:55  DEBUG     [client.py:31]  GET https://192.168.1.249:5004/scl/get-all-calender
2026-06-22 10:07:55  INFO      [calendar_service.py:44]  Fetched 2 valid session(s).
2026-06-22 10:07:55  INFO      [main.py:84]  Calendar 2108 already started — skipping.
2026-06-22 10:07:55  INFO      [main.py:84]  Calendar 2108 already started — skipping.
2026-06-22 10:07:55  INFO      [main.py:176]  Calendar 2108 still running (2m 4s remaining).
2026-06-22 10:07:55  INFO      [main.py:188]  Active calendars: [2108]
2026-06-22 10:07:58  DEBUG     [camera.py:94]  Rejected — InsightFace found no face.
2026-06-22 10:07:58  INFO      [camera.py:250]  Face detected — YOLO conf: 0.835 — quality score: 0.0 — good: False
2026-06-22 10:07:58  DEBUG     [camera.py:264]  Skipped low quality face (score: 0.0)
2026-06-22 10:07:58  DEBUG     [camera.py:94]  Rejected — InsightFace found no face.
2026-06-22 10:07:58  INFO      [camera.py:250]  Face detected — YOLO conf: 0.826 — quality score: 0.0 — good: False
2026-06-22 10:07:58  DEBUG     [camera.py:264]  Skipped low quality face (score: 0.0)
2026-06-22 10:07:58  DEBUG     [camera.py:94]  Rejected — InsightFace found no face.
2026-06-22 10:07:58  INFO      [camera.py:250]  Face detected — YOLO conf: 0.867 — quality score: 0.0 — good: False
2026-06-22 10:07:58  DEBUG     [camera.py:264]  Skipped low quality face (score: 0.0)
2026-06-22 10:07:58  DEBUG     [camera.py:94]  Rejected — InsightFace found no face.
2026-06-22 10:07:58  INFO      [camera.py:250]  Face detected — YOLO conf: 0.881 — quality score: 0.0 — good: False
2026-06-22 10:07:58  DEBUG     [camera.py:264]  Skipped low quality face (score: 0.0)
2026-06-22 10:07:58  DEBUG     [camera.py:94]  Rejected — InsightFace found no face.
2026-06-22 10:07:58  INFO      [camera.py:250]  Face detected — YOLO conf: 0.873 — quality score: 0.0 — good: False
2026-06-22 10:07:58  DEBUG     [camera.py:264]  Skipped low quality face (score: 0.0)
2026-06-22 10:07:58  DEBUG     [camera.py:94]  Rejected — InsightFace found no face.
2026-06-22 10:07:58  INFO      [camera.py:250]  Face detected — YOLO conf: 0.874 — quality score: 0.0 — good: False
2026-06-22 10:07:58  DEBUG     [camera.py:264]  Skipped low quality face (score: 0.0)
2026-06-22 10:07:58  DEBUG     [camera.py:94]  Rejected — InsightFace found no face.
2026-06-22 10:07:58  INFO      [camera.py:250]  Face detected — YOLO conf: 0.873 — quality score: 0.0 — good: False
2026-06-22 10:07:58  DEBUG     [camera.py:264]  Skipped low quality face (score: 0.0)
2026-06-22 10:07:58  DEBUG     [camera.py:94]  Rejected — InsightFace found no face.
2026-06-22 10:07:58  INFO      [camera.py:250]  Face detected — YOLO conf: 0.868 — quality score: 0.0 — good: False
2026-06-22 10:07:58  DEBUG     [camera.py:264]  Skipped low quality face (score: 0.0)
2026-06-22 10:07:58  DEBUG     [camera.py:94]  Rejected — InsightFace found no face.
2026-06-22 10:07:58  INFO      [camera.py:250]  Face detected — YOLO conf: 0.861 — quality score: 0.0 — good: False
2026-06-22 10:07:58  DEBUG     [camera.py:264]  Skipped low quality face (score: 0.0)
2026-06-22 10:07:59  DEBUG     [camera.py:94]  Rejected — InsightFace found no face.
2026-06-22 10:07:59  INFO      [camera.py:250]  Face detected — YOLO conf: 0.821 — quality score: 0.0 — good: False
2026-06-22 10:07:59  DEBUG     [camera.py:264]  Skipped low quality face (score: 0.0)
2026-06-22 10:07:59  DEBUG     [camera.py:94]  Rejected — InsightFace found no face.
2026-06-22 10:07:59  INFO      [camera.py:250]  Face detected — YOLO conf: 0.841 — quality score: 0.0 — good: False
2026-06-22 10:07:59  DEBUG     [camera.py:264]  Skipped low quality face (score: 0.0)
2026-06-22 10:07:59  DEBUG     [camera.py:94]  Rejected — InsightFace found no face.
2026-06-22 10:07:59  INFO      [camera.py:250]  Face detected — YOLO conf: 0.834 — quality score: 0.0 — good: False
2026-06-22 10:07:59  DEBUG     [camera.py:264]  Skipped low quality face (score: 0.0)
2026-06-22 10:07:59  DEBUG     [camera.py:94]  Rejected — InsightFace found no face.
2026-06-22 10:07:59  INFO      [camera.py:250]  Face detected — YOLO conf: 0.837 — quality score: 0.0 — good: False
2026-06-22 10:07:59  DEBUG     [camera.py:264]  Skipped low quality face (score: 0.0)
2026-06-22 10:07:59  DEBUG     [camera.py:94]  Rejected — InsightFace found no face.
2026-06-22 10:07:59  INFO      [camera.py:250]  Face detected — YOLO conf: 0.836 — quality score: 0.0 — good: False
2026-06-22 10:07:59  DEBUG     [camera.py:264]  Skipped low quality face (score: 0.0)
2026-06-22 10:07:59  DEBUG     [camera.py:94]  Rejected — InsightFace found no face.
2026-06-22 10:07:59  INFO      [camera.py:250]  Face detected — YOLO conf: 0.842 — quality score: 0.0 — good: False
2026-06-22 10:07:59  DEBUG     [camera.py:264]  Skipped low quality face (score: 0.0)
2026-06-22 10:07:59  DEBUG     [camera.py:94]  Rejected — InsightFace found no face.
2026-06-22 10:07:59  INFO      [camera.py:250]  Face detected — YOLO conf: 0.798 — quality score: 0.0 — good: False
2026-06-22 10:07:59  DEBUG     [camera.py:264]  Skipped low quality face (score: 0.0)
2026-06-22 10:08:00  DEBUG     [camera.py:94]  Rejected — InsightFace found no face.
2026-06-22 10:08:00  INFO      [camera.py:250]  Face detected — YOLO conf: 0.802 — quality score: 0.0 — good: False
2026-06-22 10:08:00  DEBUG     [camera.py:264]  Skipped low quality face (score: 0.0)
2026-06-22 10:08:00  DEBUG     [camera.py:94]  Rejected — InsightFace found no face.
2026-06-22 10:08:00  INFO      [camera.py:250]  Face detected — YOLO conf: 0.783 — quality score: 0.0 — good: False
2026-06-22 10:08:00  DEBUG     [camera.py:264]  Skipped low quality face (score: 0.0)
2026-06-22 10:08:00  DEBUG     [camera.py:94]  Rejected — InsightFace found no face.
2026-06-22 10:08:00  INFO      [camera.py:250]  Face detected — YOLO conf: 0.765 — quality score: 0.0 — good: False
2026-06-22 10:08:00  DEBUG     [camera.py:264]  Skipped low quality face (score: 0.0)
2026-06-22 10:08:00  DEBUG     [camera.py:94]  Rejected — InsightFace found no face.
2026-06-22 10:08:00  INFO      [camera.py:250]  Face detected — YOLO conf: 0.743 — quality score: 0.0 — good: False
2026-06-22 10:08:00  DEBUG     [camera.py:264]  Skipped low quality face (score: 0.0)
2026-06-22 10:08:05  INFO      [main.py:52]  Checking calendars at 10:08:05
2026-06-22 10:08:05  DEBUG     [client.py:31]  GET https://192.168.1.249:5004/scl/get-all-calender
2026-06-22 10:08:05  INFO      [calendar_service.py:44]  Fetched 2 valid session(s).
2026-06-22 10:08:05  INFO      [main.py:84]  Calendar 2108 already started — skipping.
2026-06-22 10:08:05  INFO      [main.py:84]  Calendar 2108 already started — skipping.
2026-06-22 10:08:05  INFO      [main.py:176]  Calendar 2108 still running (1m 54s remaining).
2026-06-22 10:08:05  INFO      [main.py:188]  Active calendars: [2108]
2026-06-22 10:08:15  INFO      [main.py:52]  Checking calendars at 10:08:15
2026-06-22 10:08:15  DEBUG     [client.py:31]  GET https://192.168.1.249:5004/scl/get-all-calender
2026-06-22 10:08:15  INFO      [calendar_service.py:44]  Fetched 2 valid session(s).
2026-06-22 10:08:15  INFO      [main.py:84]  Calendar 2108 already started — skipping.
2026-06-22 10:08:15  INFO      [main.py:84]  Calendar 2108 already started — skipping.
2026-06-22 10:08:15  INFO      [main.py:176]  Calendar 2108 still running (1m 44s remaining).
2026-06-22 10:08:15  INFO      [main.py:188]  Active calendars: [2108]
2026-06-22 10:08:19  DEBUG     [camera.py:94]  Rejected — InsightFace found no face.
2026-06-22 10:08:19  INFO      [camera.py:250]  Face detected — YOLO conf: 0.706 — quality score: 0.0 — good: False
2026-06-22 10:08:19  DEBUG     [camera.py:264]  Skipped low quality face (score: 0.0)
2026-06-22 10:08:20  DEBUG     [camera.py:94]  Rejected — InsightFace found no face.
2026-06-22 10:08:20  INFO      [camera.py:250]  Face detected — YOLO conf: 0.702 — quality score: 0.0 — good: False
2026-06-22 10:08:20  DEBUG     [camera.py:264]  Skipped low quality face (score: 0.0)
2026-06-22 10:08:20  DEBUG     [camera.py:94]  Rejected — InsightFace found no face.
2026-06-22 10:08:20  INFO      [camera.py:250]  Face detected — YOLO conf: 0.733 — quality score: 0.0 — good: False
2026-06-22 10:08:20  DEBUG     [camera.py:264]  Skipped low quality face (score: 0.0)
2026-06-22 10:08:21  DEBUG     [camera.py:94]  Rejected — InsightFace found no face.
2026-06-22 10:08:21  INFO      [camera.py:250]  Face detected — YOLO conf: 0.729 — quality score: 0.0 — good: False
2026-06-22 10:08:21  DEBUG     [camera.py:264]  Skipped low quality face (score: 0.0)
2026-06-22 10:08:21  DEBUG     [camera.py:94]  Rejected — InsightFace found no face.
2026-06-22 10:08:21  INFO      [camera.py:250]  Face detected — YOLO conf: 0.758 — quality score: 0.0 — good: False
2026-06-22 10:08:21  DEBUG     [camera.py:264]  Skipped low quality face (score: 0.0)
2026-06-22 10:08:21  DEBUG     [camera.py:94]  Rejected — InsightFace found no face.
2026-06-22 10:08:21  INFO      [camera.py:250]  Face detected — YOLO conf: 0.736 — quality score: 0.0 — good: False
2026-06-22 10:08:21  DEBUG     [camera.py:264]  Skipped low quality face (score: 0.0)
2026-06-22 10:08:21  DEBUG     [camera.py:94]  Rejected — InsightFace found no face.
2026-06-22 10:08:21  INFO      [camera.py:250]  Face detected — YOLO conf: 0.774 — quality score: 0.0 — good: False
2026-06-22 10:08:21  DEBUG     [camera.py:264]  Skipped low quality face (score: 0.0)
2026-06-22 10:08:22  DEBUG     [camera.py:94]  Rejected — InsightFace found no face.
2026-06-22 10:08:22  INFO      [camera.py:250]  Face detected — YOLO conf: 0.767 — quality score: 0.0 — good: False
2026-06-22 10:08:22  DEBUG     [camera.py:264]  Skipped low quality face (score: 0.0)
2026-06-22 10:08:22  DEBUG     [camera.py:94]  Rejected — InsightFace found no face.
2026-06-22 10:08:22  INFO      [camera.py:250]  Face detected — YOLO conf: 0.773 — quality score: 0.0 — good: False
2026-06-22 10:08:22  DEBUG     [camera.py:264]  Skipped low quality face (score: 0.0)
2026-06-22 10:08:22  DEBUG     [camera.py:94]  Rejected — InsightFace found no face.
2026-06-22 10:08:22  INFO      [camera.py:250]  Face detected — YOLO conf: 0.748 — quality score: 0.0 — good: False
2026-06-22 10:08:22  DEBUG     [camera.py:264]  Skipped low quality face (score: 0.0)
2026-06-22 10:08:22  DEBUG     [camera.py:94]  Rejected — InsightFace found no face.
2026-06-22 10:08:22  INFO      [camera.py:250]  Face detected — YOLO conf: 0.781 — quality score: 0.0 — good: False
2026-06-22 10:08:22  DEBUG     [camera.py:264]  Skipped low quality face (score: 0.0)
2026-06-22 10:08:22  DEBUG     [camera.py:94]  Rejected — InsightFace found no face.
2026-06-22 10:08:22  INFO      [camera.py:250]  Face detected — YOLO conf: 0.752 — quality score: 0.0 — good: False
2026-06-22 10:08:22  DEBUG     [camera.py:264]  Skipped low quality face (score: 0.0)
2026-06-22 10:08:22  DEBUG     [camera.py:94]  Rejected — InsightFace found no face.
2026-06-22 10:08:22  INFO      [camera.py:250]  Face detected — YOLO conf: 0.747 — quality score: 0.0 — good: False
2026-06-22 10:08:22  DEBUG     [camera.py:264]  Skipped low quality face (score: 0.0)
2026-06-22 10:08:22  DEBUG     [camera.py:94]  Rejected — InsightFace found no face.
2026-06-22 10:08:22  INFO      [camera.py:250]  Face detected — YOLO conf: 0.752 — quality score: 0.0 — good: False
2026-06-22 10:08:22  DEBUG     [camera.py:264]  Skipped low quality face (score: 0.0)
2026-06-22 10:08:22  DEBUG     [camera.py:94]  Rejected — InsightFace found no face.
2026-06-22 10:08:22  INFO      [camera.py:250]  Face detected — YOLO conf: 0.747 — quality score: 0.0 — good: False
2026-06-22 10:08:22  DEBUG     [camera.py:264]  Skipped low quality face (score: 0.0)
2026-06-22 10:08:22  DEBUG     [camera.py:94]  Rejected — InsightFace found no face.
2026-06-22 10:08:22  INFO      [camera.py:250]  Face detected — YOLO conf: 0.732 — quality score: 0.0 — good: False
2026-06-22 10:08:22  DEBUG     [camera.py:264]  Skipped low quality face (score: 0.0)
2026-06-22 10:08:22  DEBUG     [camera.py:94]  Rejected — InsightFace found no face.
2026-06-22 10:08:22  INFO      [camera.py:250]  Face detected — YOLO conf: 0.754 — quality score: 0.0 — good: False
2026-06-22 10:08:22  DEBUG     [camera.py:264]  Skipped low quality face (score: 0.0)
2026-06-22 10:08:23  DEBUG     [camera.py:94]  Rejected — InsightFace found no face.
2026-06-22 10:08:23  INFO      [camera.py:250]  Face detected — YOLO conf: 0.743 — quality score: 0.0 — good: False
2026-06-22 10:08:23  DEBUG     [camera.py:264]  Skipped low quality face (score: 0.0)
2026-06-22 10:08:23  DEBUG     [camera.py:94]  Rejected — InsightFace found no face.
2026-06-22 10:08:23  INFO      [camera.py:250]  Face detected — YOLO conf: 0.712 — quality score: 0.0 — good: False
2026-06-22 10:08:23  DEBUG     [camera.py:264]  Skipped low quality face (score: 0.0)
2026-06-22 10:08:23  DEBUG     [camera.py:94]  Rejected — InsightFace found no face.
2026-06-22 10:08:23  INFO      [camera.py:250]  Face detected — YOLO conf: 0.702 — quality score: 0.0 — good: False
2026-06-22 10:08:23  DEBUG     [camera.py:264]  Skipped low quality face (score: 0.0)
2026-06-22 10:08:23  DEBUG     [camera.py:94]  Rejected — InsightFace found no face.
2026-06-22 10:08:23  INFO      [camera.py:250]  Face detected — YOLO conf: 0.716 — quality score: 0.0 — good: False
2026-06-22 10:08:23  DEBUG     [camera.py:264]  Skipped low quality face (score: 0.0)
2026-06-22 10:08:24  DEBUG     [camera.py:94]  Rejected — InsightFace found no face.
2026-06-22 10:08:24  INFO      [camera.py:250]  Face detected — YOLO conf: 0.702 — quality score: 0.0 — good: False
2026-06-22 10:08:24  DEBUG     [camera.py:264]  Skipped low quality face (score: 0.0)
2026-06-22 10:08:24  DEBUG     [camera.py:94]  Rejected — InsightFace found no face.
2026-06-22 10:08:24  INFO      [camera.py:250]  Face detected — YOLO conf: 0.731 — quality score: 0.0 — good: False
2026-06-22 10:08:24  DEBUG     [camera.py:264]  Skipped low quality face (score: 0.0)
2026-06-22 10:08:24  DEBUG     [camera.py:94]  Rejected — InsightFace found no face.
2026-06-22 10:08:24  INFO      [camera.py:250]  Face detected — YOLO conf: 0.761 — quality score: 0.0 — good: False
2026-06-22 10:08:24  DEBUG     [camera.py:264]  Skipped low quality face (score: 0.0)
2026-06-22 10:08:24  DEBUG     [camera.py:94]  Rejected — InsightFace found no face.
2026-06-22 10:08:24  INFO      [camera.py:250]  Face detected — YOLO conf: 0.751 — quality score: 0.0 — good: False
2026-06-22 10:08:24  DEBUG     [camera.py:264]  Skipped low quality face (score: 0.0)
2026-06-22 10:08:24  DEBUG     [camera.py:94]  Rejected — InsightFace found no face.
2026-06-22 10:08:24  INFO      [camera.py:250]  Face detected — YOLO conf: 0.743 — quality score: 0.0 — good: False
2026-06-22 10:08:24  DEBUG     [camera.py:264]  Skipped low quality face (score: 0.0)
2026-06-22 10:08:24  DEBUG     [camera.py:94]  Rejected — InsightFace found no face.
2026-06-22 10:08:24  INFO      [camera.py:250]  Face detected — YOLO conf: 0.728 — quality score: 0.0 — good: False
2026-06-22 10:08:24  DEBUG     [camera.py:264]  Skipped low quality face (score: 0.0)
2026-06-22 10:08:24  DEBUG     [camera.py:94]  Rejected — InsightFace found no face.
2026-06-22 10:08:24  INFO      [camera.py:250]  Face detected — YOLO conf: 0.750 — quality score: 0.0 — good: False
2026-06-22 10:08:24  DEBUG     [camera.py:264]  Skipped low quality face (score: 0.0)
2026-06-22 10:08:24  DEBUG     [camera.py:94]  Rejected — InsightFace found no face.
2026-06-22 10:08:24  INFO      [camera.py:250]  Face detected — YOLO conf: 0.750 — quality score: 0.0 — good: False
2026-06-22 10:08:24  DEBUG     [camera.py:264]  Skipped low quality face (score: 0.0)
2026-06-22 10:08:25  DEBUG     [camera.py:94]  Rejected — InsightFace found no face.
2026-06-22 10:08:25  INFO      [camera.py:250]  Face detected — YOLO conf: 0.728 — quality score: 0.0 — good: False
2026-06-22 10:08:25  DEBUG     [camera.py:264]  Skipped low quality face (score: 0.0)
2026-06-22 10:08:25  DEBUG     [camera.py:94]  Rejected — InsightFace found no face.
2026-06-22 10:08:25  INFO      [camera.py:250]  Face detected — YOLO conf: 0.722 — quality score: 0.0 — good: False
2026-06-22 10:08:25  DEBUG     [camera.py:264]  Skipped low quality face (score: 0.0)
2026-06-22 10:08:25  INFO      [main.py:52]  Checking calendars at 10:08:25
2026-06-22 10:08:25  DEBUG     [client.py:31]  GET https://192.168.1.249:5004/scl/get-all-calender
2026-06-22 10:08:25  INFO      [calendar_service.py:44]  Fetched 2 valid session(s).
2026-06-22 10:08:25  INFO      [main.py:84]  Calendar 2108 already started — skipping.
2026-06-22 10:08:25  INFO      [main.py:84]  Calendar 2108 already started — skipping.
2026-06-22 10:08:25  INFO      [main.py:176]  Calendar 2108 still running (1m 34s remaining).
2026-06-22 10:08:25  INFO      [main.py:188]  Active calendars: [2108]
2026-06-22 10:08:25  DEBUG     [camera.py:94]  Rejected — InsightFace found no face.
2026-06-22 10:08:25  INFO      [camera.py:250]  Face detected — YOLO conf: 0.706 — quality score: 0.0 — good: False
2026-06-22 10:08:25  DEBUG     [camera.py:264]  Skipped low quality face (score: 0.0)
2026-06-22 10:08:25  DEBUG     [camera.py:94]  Rejected — InsightFace found no face.
2026-06-22 10:08:25  INFO      [camera.py:250]  Face detected — YOLO conf: 0.712 — quality score: 0.0 — good: False
2026-06-22 10:08:25  DEBUG     [camera.py:264]  Skipped low quality face (score: 0.0)
2026-06-22 10:08:25  DEBUG     [camera.py:94]  Rejected — InsightFace found no face.
2026-06-22 10:08:25  INFO      [camera.py:250]  Face detected — YOLO conf: 0.713 — quality score: 0.0 — good: False
2026-06-22 10:08:25  DEBUG     [camera.py:264]  Skipped low quality face (score: 0.0)
2026-06-22 10:08:25  DEBUG     [camera.py:94]  Rejected — InsightFace found no face.
2026-06-22 10:08:25  INFO      [camera.py:250]  Face detected — YOLO conf: 0.712 — quality score: 0.0 — good: False
2026-06-22 10:08:25  DEBUG     [camera.py:264]  Skipped low quality face (score: 0.0)
2026-06-22 10:08:26  DEBUG     [camera.py:94]  Rejected — InsightFace found no face.
2026-06-22 10:08:26  INFO      [camera.py:250]  Face detected — YOLO conf: 0.704 — quality score: 0.0 — good: False
2026-06-22 10:08:26  DEBUG     [camera.py:264]  Skipped low quality face (score: 0.0)
2026-06-22 10:08:26  DEBUG     [camera.py:94]  Rejected — InsightFace found no face.
2026-06-22 10:08:26  INFO      [camera.py:250]  Face detected — YOLO conf: 0.716 — quality score: 0.0 — good: False
2026-06-22 10:08:26  DEBUG     [camera.py:264]  Skipped low quality face (score: 0.0)
2026-06-22 10:08:26  DEBUG     [camera.py:94]  Rejected — InsightFace found no face.
2026-06-22 10:08:26  INFO      [camera.py:250]  Face detected — YOLO conf: 0.738 — quality score: 0.0 — good: False
2026-06-22 10:08:26  DEBUG     [camera.py:264]  Skipped low quality face (score: 0.0)
2026-06-22 10:08:26  DEBUG     [camera.py:94]  Rejected — InsightFace found no face.
2026-06-22 10:08:26  INFO      [camera.py:250]  Face detected — YOLO conf: 0.704 — quality score: 0.0 — good: False
2026-06-22 10:08:26  DEBUG     [camera.py:264]  Skipped low quality face (score: 0.0)
2026-06-22 10:08:26  DEBUG     [camera.py:94]  Rejected — InsightFace found no face.
2026-06-22 10:08:26  INFO      [camera.py:250]  Face detected — YOLO conf: 0.721 — quality score: 0.0 — good: False
2026-06-22 10:08:26  DEBUG     [camera.py:264]  Skipped low quality face (score: 0.0)
2026-06-22 10:08:26  DEBUG     [camera.py:94]  Rejected — InsightFace found no face.
2026-06-22 10:08:26  INFO      [camera.py:250]  Face detected — YOLO conf: 0.729 — quality score: 0.0 — good: False
2026-06-22 10:08:26  DEBUG     [camera.py:264]  Skipped low quality face (score: 0.0)
2026-06-22 10:08:26  DEBUG     [camera.py:94]  Rejected — InsightFace found no face.
2026-06-22 10:08:26  INFO      [camera.py:250]  Face detected — YOLO conf: 0.753 — quality score: 0.0 — good: False
2026-06-22 10:08:26  DEBUG     [camera.py:264]  Skipped low quality face (score: 0.0)
2026-06-22 10:08:26  DEBUG     [camera.py:94]  Rejected — InsightFace found no face.
2026-06-22 10:08:26  INFO      [camera.py:250]  Face detected — YOLO conf: 0.740 — quality score: 0.0 — good: False
2026-06-22 10:08:26  DEBUG     [camera.py:264]  Skipped low quality face (score: 0.0)
2026-06-22 10:08:27  DEBUG     [camera.py:94]  Rejected — InsightFace found no face.
2026-06-22 10:08:27  INFO      [camera.py:250]  Face detected — YOLO conf: 0.756 — quality score: 0.0 — good: False
2026-06-22 10:08:27  DEBUG     [camera.py:264]  Skipped low quality face (score: 0.0)
2026-06-22 10:08:27  DEBUG     [camera.py:94]  Rejected — InsightFace found no face.
2026-06-22 10:08:27  INFO      [camera.py:250]  Face detected — YOLO conf: 0.751 — quality score: 0.0 — good: False
2026-06-22 10:08:27  DEBUG     [camera.py:264]  Skipped low quality face (score: 0.0)
2026-06-22 10:08:27  DEBUG     [camera.py:94]  Rejected — InsightFace found no face.
2026-06-22 10:08:27  INFO      [camera.py:250]  Face detected — YOLO conf: 0.760 — quality score: 0.0 — good: False
2026-06-22 10:08:27  DEBUG     [camera.py:264]  Skipped low quality face (score: 0.0)
2026-06-22 10:08:27  DEBUG     [camera.py:94]  Rejected — InsightFace found no face.
2026-06-22 10:08:27  INFO      [camera.py:250]  Face detected — YOLO conf: 0.766 — quality score: 0.0 — good: False
2026-06-22 10:08:27  DEBUG     [camera.py:264]  Skipped low quality face (score: 0.0)
2026-06-22 10:08:27  DEBUG     [camera.py:94]  Rejected — InsightFace found no face.
2026-06-22 10:08:27  INFO      [camera.py:250]  Face detected — YOLO conf: 0.752 — quality score: 0.0 — good: False
2026-06-22 10:08:27  DEBUG     [camera.py:264]  Skipped low quality face (score: 0.0)
2026-06-22 10:08:27  DEBUG     [camera.py:94]  Rejected — InsightFace found no face.
2026-06-22 10:08:27  INFO      [camera.py:250]  Face detected — YOLO conf: 0.780 — quality score: 0.0 — good: False
2026-06-22 10:08:27  DEBUG     [camera.py:264]  Skipped low quality face (score: 0.0)
2026-06-22 10:08:27  DEBUG     [camera.py:94]  Rejected — InsightFace found no face.
2026-06-22 10:08:27  INFO      [camera.py:250]  Face detected — YOLO conf: 0.778 — quality score: 0.0 — good: False
2026-06-22 10:08:27  DEBUG     [camera.py:264]  Skipped low quality face (score: 0.0)
2026-06-22 10:08:27  DEBUG     [camera.py:94]  Rejected — InsightFace found no face.
2026-06-22 10:08:27  INFO      [camera.py:250]  Face detected — YOLO conf: 0.769 — quality score: 0.0 — good: False
2026-06-22 10:08:27  DEBUG     [camera.py:264]  Skipped low quality face (score: 0.0)
2026-06-22 10:08:27  DEBUG     [camera.py:94]  Rejected — InsightFace found no face.
2026-06-22 10:08:27  INFO      [camera.py:250]  Face detected — YOLO conf: 0.769 — quality score: 0.0 — good: False
2026-06-22 10:08:27  DEBUG     [camera.py:264]  Skipped low quality face (score: 0.0)
2026-06-22 10:08:27  DEBUG     [camera.py:94]  Rejected — InsightFace found no face.
2026-06-22 10:08:27  INFO      [camera.py:250]  Face detected — YOLO conf: 0.778 — quality score: 0.0 — good: False
2026-06-22 10:08:27  DEBUG     [camera.py:264]  Skipped low quality face (score: 0.0)
2026-06-22 10:08:28  DEBUG     [camera.py:94]  Rejected — InsightFace found no face.
2026-06-22 10:08:28  INFO      [camera.py:250]  Face detected — YOLO conf: 0.771 — quality score: 0.0 — good: False
2026-06-22 10:08:28  DEBUG     [camera.py:264]  Skipped low quality face (score: 0.0)
2026-06-22 10:08:28  DEBUG     [camera.py:94]  Rejected — InsightFace found no face.
2026-06-22 10:08:28  INFO      [camera.py:250]  Face detected — YOLO conf: 0.767 — quality score: 0.0 — good: False
2026-06-22 10:08:28  DEBUG     [camera.py:264]  Skipped low quality face (score: 0.0)
2026-06-22 10:08:28  DEBUG     [camera.py:94]  Rejected — InsightFace found no face.
2026-06-22 10:08:28  INFO      [camera.py:250]  Face detected — YOLO conf: 0.773 — quality score: 0.0 — good: False
2026-06-22 10:08:28  DEBUG     [camera.py:264]  Skipped low quality face (score: 0.0)
2026-06-22 10:08:28  DEBUG     [camera.py:94]  Rejected — InsightFace found no face.
2026-06-22 10:08:28  INFO      [camera.py:250]  Face detected — YOLO conf: 0.767 — quality score: 0.0 — good: False
2026-06-22 10:08:28  DEBUG     [camera.py:264]  Skipped low quality face (score: 0.0)
2026-06-22 10:08:28  DEBUG     [camera.py:94]  Rejected — InsightFace found no face.
2026-06-22 10:08:28  INFO      [camera.py:250]  Face detected — YOLO conf: 0.717 — quality score: 0.0 — good: False
2026-06-22 10:08:28  DEBUG     [camera.py:264]  Skipped low quality face (score: 0.0)
2026-06-22 10:08:28  DEBUG     [camera.py:94]  Rejected — InsightFace found no face.
2026-06-22 10:08:28  INFO      [camera.py:250]  Face detected — YOLO conf: 0.725 — quality score: 0.0 — good: False
2026-06-22 10:08:28  DEBUG     [camera.py:264]  Skipped low quality face (score: 0.0)
2026-06-22 10:08:28  DEBUG     [camera.py:94]  Rejected — InsightFace found no face.
2026-06-22 10:08:28  INFO      [camera.py:250]  Face detected — YOLO conf: 0.723 — quality score: 0.0 — good: False
2026-06-22 10:08:28  DEBUG     [camera.py:264]  Skipped low quality face (score: 0.0)
2026-06-22 10:08:28  DEBUG     [camera.py:94]  Rejected — InsightFace found no face.
2026-06-22 10:08:28  INFO      [camera.py:250]  Face detected — YOLO conf: 0.707 — quality score: 0.0 — good: False
2026-06-22 10:08:28  DEBUG     [camera.py:264]  Skipped low quality face (score: 0.0)
2026-06-22 10:08:28  DEBUG     [camera.py:94]  Rejected — InsightFace found no face.
2026-06-22 10:08:28  INFO      [camera.py:250]  Face detected — YOLO conf: 0.731 — quality score: 0.0 — good: False
2026-06-22 10:08:28  DEBUG     [camera.py:264]  Skipped low quality face (score: 0.0)
2026-06-22 10:08:28  DEBUG     [camera.py:94]  Rejected — InsightFace found no face.
2026-06-22 10:08:28  INFO      [camera.py:250]  Face detected — YOLO conf: 0.715 — quality score: 0.0 — good: False
2026-06-22 10:08:28  DEBUG     [camera.py:264]  Skipped low quality face (score: 0.0)
2026-06-22 10:08:29  DEBUG     [camera.py:94]  Rejected — InsightFace found no face.
2026-06-22 10:08:29  INFO      [camera.py:250]  Face detected — YOLO conf: 0.707 — quality score: 0.0 — good: False
2026-06-22 10:08:29  DEBUG     [camera.py:264]  Skipped low quality face (score: 0.0)
2026-06-22 10:08:29  DEBUG     [camera.py:94]  Rejected — InsightFace found no face.
2026-06-22 10:08:29  INFO      [camera.py:250]  Face detected — YOLO conf: 0.721 — quality score: 0.0 — good: False
2026-06-22 10:08:29  DEBUG     [camera.py:264]  Skipped low quality face (score: 0.0)
2026-06-22 10:08:29  DEBUG     [camera.py:94]  Rejected — InsightFace found no face.
2026-06-22 10:08:29  INFO      [camera.py:250]  Face detected — YOLO conf: 0.704 — quality score: 0.0 — good: False
2026-06-22 10:08:29  DEBUG     [camera.py:264]  Skipped low quality face (score: 0.0)
2026-06-22 10:08:29  DEBUG     [camera.py:94]  Rejected — InsightFace found no face.
2026-06-22 10:08:29  INFO      [camera.py:250]  Face detected — YOLO conf: 0.712 — quality score: 0.0 — good: False
2026-06-22 10:08:29  DEBUG     [camera.py:264]  Skipped low quality face (score: 0.0)
2026-06-22 10:08:29  DEBUG     [camera.py:94]  Rejected — InsightFace found no face.
2026-06-22 10:08:29  INFO      [camera.py:250]  Face detected — YOLO conf: 0.720 — quality score: 0.0 — good: False
2026-06-22 10:08:29  DEBUG     [camera.py:264]  Skipped low quality face (score: 0.0)
2026-06-22 10:08:29  DEBUG     [camera.py:94]  Rejected — InsightFace found no face.
2026-06-22 10:08:29  INFO      [camera.py:250]  Face detected — YOLO conf: 0.731 — quality score: 0.0 — good: False
2026-06-22 10:08:29  DEBUG     [camera.py:264]  Skipped low quality face (score: 0.0)
2026-06-22 10:08:30  DEBUG     [camera.py:94]  Rejected — InsightFace found no face.
2026-06-22 10:08:30  INFO      [camera.py:250]  Face detected — YOLO conf: 0.736 — quality score: 0.0 — good: False
2026-06-22 10:08:30  DEBUG     [camera.py:264]  Skipped low quality face (score: 0.0)
2026-06-22 10:08:30  DEBUG     [camera.py:94]  Rejected — InsightFace found no face.
2026-06-22 10:08:30  INFO      [camera.py:250]  Face detected — YOLO conf: 0.754 — quality score: 0.0 — good: False
2026-06-22 10:08:30  DEBUG     [camera.py:264]  Skipped low quality face (score: 0.0)
2026-06-22 10:08:31  DEBUG     [camera.py:94]  Rejected — InsightFace found no face.
2026-06-22 10:08:31  INFO      [camera.py:250]  Face detected — YOLO conf: 0.795 — quality score: 0.0 — good: False
2026-06-22 10:08:31  DEBUG     [camera.py:264]  Skipped low quality face (score: 0.0)
2026-06-22 10:08:31  DEBUG     [camera.py:94]  Rejected — InsightFace found no face.
2026-06-22 10:08:31  INFO      [camera.py:250]  Face detected — YOLO conf: 0.801 — quality score: 0.0 — good: False
2026-06-22 10:08:31  DEBUG     [camera.py:264]  Skipped low quality face (score: 0.0)
2026-06-22 10:08:31  DEBUG     [camera.py:94]  Rejected — InsightFace found no face.
2026-06-22 10:08:31  INFO      [camera.py:250]  Face detected — YOLO conf: 0.828 — quality score: 0.0 — good: False
2026-06-22 10:08:31  DEBUG     [camera.py:264]  Skipped low quality face (score: 0.0)
2026-06-22 10:08:31  DEBUG     [camera.py:94]  Rejected — InsightFace found no face.
2026-06-22 10:08:31  INFO      [camera.py:250]  Face detected — YOLO conf: 0.809 — quality score: 0.0 — good: False
2026-06-22 10:08:31  DEBUG     [camera.py:264]  Skipped low quality face (score: 0.0)
2026-06-22 10:08:31  DEBUG     [camera.py:94]  Rejected — InsightFace found no face.
2026-06-22 10:08:31  INFO      [camera.py:250]  Face detected — YOLO conf: 0.810 — quality score: 0.0 — good: False
2026-06-22 10:08:31  DEBUG     [camera.py:264]  Skipped low quality face (score: 0.0)
2026-06-22 10:08:31  DEBUG     [camera.py:94]  Rejected — InsightFace found no face.
2026-06-22 10:08:31  INFO      [camera.py:250]  Face detected — YOLO conf: 0.807 — quality score: 0.0 — good: False
2026-06-22 10:08:31  DEBUG     [camera.py:264]  Skipped low quality face (score: 0.0)
2026-06-22 10:08:31  DEBUG     [camera.py:94]  Rejected — InsightFace found no face.
2026-06-22 10:08:31  INFO      [camera.py:250]  Face detected — YOLO conf: 0.832 — quality score: 0.0 — good: False
2026-06-22 10:08:31  DEBUG     [camera.py:264]  Skipped low quality face (score: 0.0)
2026-06-22 10:08:31  DEBUG     [camera.py:94]  Rejected — InsightFace found no face.
2026-06-22 10:08:31  INFO      [camera.py:250]  Face detected — YOLO conf: 0.822 — quality score: 0.0 — good: False
2026-06-22 10:08:31  DEBUG     [camera.py:264]  Skipped low quality face (score: 0.0)
2026-06-22 10:08:32  DEBUG     [camera.py:94]  Rejected — InsightFace found no face.
2026-06-22 10:08:32  INFO      [camera.py:250]  Face detected — YOLO conf: 0.794 — quality score: 0.0 — good: False
2026-06-22 10:08:32  DEBUG     [camera.py:264]  Skipped low quality face (score: 0.0)
2026-06-22 10:08:32  DEBUG     [camera.py:94]  Rejected — InsightFace found no face.
2026-06-22 10:08:32  INFO      [camera.py:250]  Face detected — YOLO conf: 0.808 — quality score: 0.0 — good: False
2026-06-22 10:08:32  DEBUG     [camera.py:264]  Skipped low quality face (score: 0.0)
2026-06-22 10:08:32  DEBUG     [camera.py:94]  Rejected — InsightFace found no face.
2026-06-22 10:08:32  INFO      [camera.py:250]  Face detected — YOLO conf: 0.841 — quality score: 0.0 — good: False
2026-06-22 10:08:32  DEBUG     [camera.py:264]  Skipped low quality face (score: 0.0)
2026-06-22 10:08:32  DEBUG     [camera.py:94]  Rejected — InsightFace found no face.
2026-06-22 10:08:32  INFO      [camera.py:250]  Face detected — YOLO conf: 0.825 — quality score: 0.0 — good: False
2026-06-22 10:08:32  DEBUG     [camera.py:264]  Skipped low quality face (score: 0.0)
2026-06-22 10:08:32  DEBUG     [camera.py:94]  Rejected — InsightFace found no face.
2026-06-22 10:08:32  INFO      [camera.py:250]  Face detected — YOLO conf: 0.831 — quality score: 0.0 — good: False
2026-06-22 10:08:32  DEBUG     [camera.py:264]  Skipped low quality face (score: 0.0)
2026-06-22 10:08:32  DEBUG     [camera.py:94]  Rejected — InsightFace found no face.
2026-06-22 10:08:32  INFO      [camera.py:250]  Face detected — YOLO conf: 0.837 — quality score: 0.0 — good: False
2026-06-22 10:08:32  DEBUG     [camera.py:264]  Skipped low quality face (score: 0.0)
2026-06-22 10:08:32  DEBUG     [camera.py:94]  Rejected — InsightFace found no face.
2026-06-22 10:08:32  INFO      [camera.py:250]  Face detected — YOLO conf: 0.833 — quality score: 0.0 — good: False
2026-06-22 10:08:32  DEBUG     [camera.py:264]  Skipped low quality face (score: 0.0)
2026-06-22 10:08:32  DEBUG     [camera.py:94]  Rejected — InsightFace found no face.
2026-06-22 10:08:32  INFO      [camera.py:250]  Face detected — YOLO conf: 0.853 — quality score: 0.0 — good: False
2026-06-22 10:08:32  DEBUG     [camera.py:264]  Skipped low quality face (score: 0.0)
2026-06-22 10:08:32  DEBUG     [camera.py:94]  Rejected — InsightFace found no face.
2026-06-22 10:08:32  INFO      [camera.py:250]  Face detected — YOLO conf: 0.858 — quality score: 0.0 — good: False
2026-06-22 10:08:32  DEBUG     [camera.py:264]  Skipped low quality face (score: 0.0)
2026-06-22 10:08:33  DEBUG     [camera.py:94]  Rejected — InsightFace found no face.
2026-06-22 10:08:33  INFO      [camera.py:250]  Face detected — YOLO conf: 0.837 — quality score: 0.0 — good: False
2026-06-22 10:08:33  DEBUG     [camera.py:264]  Skipped low quality face (score: 0.0)
2026-06-22 10:08:33  DEBUG     [camera.py:94]  Rejected — InsightFace found no face.
2026-06-22 10:08:33  INFO      [camera.py:250]  Face detected — YOLO conf: 0.823 — quality score: 0.0 — good: False
2026-06-22 10:08:33  DEBUG     [camera.py:264]  Skipped low quality face (score: 0.0)
2026-06-22 10:08:33  DEBUG     [camera.py:94]  Rejected — InsightFace found no face.
2026-06-22 10:08:33  INFO      [camera.py:250]  Face detected — YOLO conf: 0.816 — quality score: 0.0 — good: False
2026-06-22 10:08:33  DEBUG     [camera.py:264]  Skipped low quality face (score: 0.0)
2026-06-22 10:08:33  DEBUG     [camera.py:94]  Rejected — InsightFace found no face.
2026-06-22 10:08:33  INFO      [camera.py:250]  Face detected — YOLO conf: 0.832 — quality score: 0.0 — good: False
2026-06-22 10:08:33  DEBUG     [camera.py:264]  Skipped low quality face (score: 0.0)
2026-06-22 10:08:33  DEBUG     [camera.py:94]  Rejected — InsightFace found no face.
2026-06-22 10:08:33  INFO      [camera.py:250]  Face detected — YOLO conf: 0.823 — quality score: 0.0 — good: False
2026-06-22 10:08:33  DEBUG     [camera.py:264]  Skipped low quality face (score: 0.0)
2026-06-22 10:08:33  DEBUG     [camera.py:94]  Rejected — InsightFace found no face.
2026-06-22 10:08:33  INFO      [camera.py:250]  Face detected — YOLO conf: 0.829 — quality score: 0.0 — good: False
2026-06-22 10:08:33  DEBUG     [camera.py:264]  Skipped low quality face (score: 0.0)
2026-06-22 10:08:33  DEBUG     [camera.py:94]  Rejected — InsightFace found no face.
2026-06-22 10:08:33  INFO      [camera.py:250]  Face detected — YOLO conf: 0.832 — quality score: 0.0 — good: False
2026-06-22 10:08:33  DEBUG     [camera.py:264]  Skipped low quality face (score: 0.0)
2026-06-22 10:08:33  DEBUG     [camera.py:94]  Rejected — InsightFace found no face.
2026-06-22 10:08:33  INFO      [camera.py:250]  Face detected — YOLO conf: 0.824 — quality score: 0.0 — good: False
2026-06-22 10:08:33  DEBUG     [camera.py:264]  Skipped low quality face (score: 0.0)
2026-06-22 10:08:33  DEBUG     [camera.py:94]  Rejected — InsightFace found no face.
2026-06-22 10:08:33  INFO      [camera.py:250]  Face detected — YOLO conf: 0.814 — quality score: 0.0 — good: False
2026-06-22 10:08:33  DEBUG     [camera.py:264]  Skipped low quality face (score: 0.0)
2026-06-22 10:08:33  DEBUG     [camera.py:94]  Rejected — InsightFace found no face.
2026-06-22 10:08:33  INFO      [camera.py:250]  Face detected — YOLO conf: 0.788 — quality score: 0.0 — good: False
2026-06-22 10:08:33  DEBUG     [camera.py:264]  Skipped low quality face (score: 0.0)
2026-06-22 10:08:34  DEBUG     [camera.py:94]  Rejected — InsightFace found no face.
2026-06-22 10:08:34  INFO      [camera.py:250]  Face detected — YOLO conf: 0.792 — quality score: 0.0 — good: False
2026-06-22 10:08:34  DEBUG     [camera.py:264]  Skipped low quality face (score: 0.0)
2026-06-22 10:08:34  DEBUG     [camera.py:94]  Rejected — InsightFace found no face.
2026-06-22 10:08:34  INFO      [camera.py:250]  Face detected — YOLO conf: 0.789 — quality score: 0.0 — good: False
2026-06-22 10:08:34  DEBUG     [camera.py:264]  Skipped low quality face (score: 0.0)
2026-06-22 10:08:34  DEBUG     [camera.py:94]  Rejected — InsightFace found no face.
2026-06-22 10:08:34  INFO      [camera.py:250]  Face detected — YOLO conf: 0.794 — quality score: 0.0 — good: False
2026-06-22 10:08:34  DEBUG     [camera.py:264]  Skipped low quality face (score: 0.0)
2026-06-22 10:08:34  DEBUG     [camera.py:94]  Rejected — InsightFace found no face.
2026-06-22 10:08:34  INFO      [camera.py:250]  Face detected — YOLO conf: 0.779 — quality score: 0.0 — good: False
2026-06-22 10:08:34  DEBUG     [camera.py:264]  Skipped low quality face (score: 0.0)
2026-06-22 10:08:35  INFO      [main.py:52]  Checking calendars at 10:08:35
2026-06-22 10:08:35  DEBUG     [client.py:31]  GET https://192.168.1.249:5004/scl/get-all-calender
2026-06-22 10:08:35  INFO      [calendar_service.py:44]  Fetched 2 valid session(s).
2026-06-22 10:08:35  INFO      [main.py:84]  Calendar 2108 already started — skipping.
2026-06-22 10:08:35  INFO      [main.py:84]  Calendar 2108 already started — skipping.
2026-06-22 10:08:35  INFO      [main.py:176]  Calendar 2108 still running (1m 24s remaining).
2026-06-22 10:08:35  INFO      [main.py:188]  Active calendars: [2108]
2026-06-22 10:08:38  DEBUG     [camera.py:94]  Rejected — InsightFace found no face.
2026-06-22 10:08:38  INFO      [camera.py:250]  Face detected — YOLO conf: 0.749 — quality score: 0.0 — good: False
2026-06-22 10:08:38  DEBUG     [camera.py:264]  Skipped low quality face (score: 0.0)
2026-06-22 10:08:38  DEBUG     [camera.py:94]  Rejected — InsightFace found no face.
2026-06-22 10:08:38  INFO      [camera.py:250]  Face detected — YOLO conf: 0.775 — quality score: 0.0 — good: False
2026-06-22 10:08:38  DEBUG     [camera.py:264]  Skipped low quality face (score: 0.0)
2026-06-22 10:08:39  DEBUG     [camera.py:94]  Rejected — InsightFace found no face.
2026-06-22 10:08:39  INFO      [camera.py:250]  Face detected — YOLO conf: 0.793 — quality score: 0.0 — good: False
2026-06-22 10:08:39  DEBUG     [camera.py:264]  Skipped low quality face (score: 0.0)
2026-06-22 10:08:39  DEBUG     [camera.py:94]  Rejected — InsightFace found no face.
2026-06-22 10:08:39  INFO      [camera.py:250]  Face detected — YOLO conf: 0.705 — quality score: 0.0 — good: False
2026-06-22 10:08:39  DEBUG     [camera.py:264]  Skipped low quality face (score: 0.0)
2026-06-22 10:08:39  DEBUG     [camera.py:94]  Rejected — InsightFace found no face.
2026-06-22 10:08:39  INFO      [camera.py:250]  Face detected — YOLO conf: 0.725 — quality score: 0.0 — good: False
2026-06-22 10:08:39  DEBUG     [camera.py:264]  Skipped low quality face (score: 0.0)
2026-06-22 10:08:39  DEBUG     [camera.py:94]  Rejected — InsightFace found no face.
2026-06-22 10:08:39  INFO      [camera.py:250]  Face detected — YOLO conf: 0.716 — quality score: 0.0 — good: False
2026-06-22 10:08:39  DEBUG     [camera.py:264]  Skipped low quality face (score: 0.0)
2026-06-22 10:08:39  DEBUG     [camera.py:94]  Rejected — InsightFace found no face.
2026-06-22 10:08:39  INFO      [camera.py:250]  Face detected — YOLO conf: 0.702 — quality score: 0.0 — good: False
2026-06-22 10:08:39  DEBUG     [camera.py:264]  Skipped low quality face (score: 0.0)
2026-06-22 10:08:40  DEBUG     [camera.py:94]  Rejected — InsightFace found no face.
2026-06-22 10:08:40  INFO      [camera.py:250]  Face detected — YOLO conf: 0.731 — quality score: 0.0 — good: False
2026-06-22 10:08:40  DEBUG     [camera.py:264]  Skipped low quality face (score: 0.0)
2026-06-22 10:08:40  DEBUG     [camera.py:94]  Rejected — InsightFace found no face.
2026-06-22 10:08:40  INFO      [camera.py:250]  Face detected — YOLO conf: 0.725 — quality score: 0.0 — good: False
2026-06-22 10:08:40  DEBUG     [camera.py:264]  Skipped low quality face (score: 0.0)
2026-06-22 10:08:40  DEBUG     [camera.py:94]  Rejected — InsightFace found no face.
2026-06-22 10:08:40  INFO      [camera.py:250]  Face detected — YOLO conf: 0.734 — quality score: 0.0 — good: False
2026-06-22 10:08:40  DEBUG     [camera.py:264]  Skipped low quality face (score: 0.0)
2026-06-22 10:08:40  DEBUG     [camera.py:94]  Rejected — InsightFace found no face.
2026-06-22 10:08:40  INFO      [camera.py:250]  Face detected — YOLO conf: 0.740 — quality score: 0.0 — good: False
2026-06-22 10:08:40  DEBUG     [camera.py:264]  Skipped low quality face (score: 0.0)
2026-06-22 10:08:40  DEBUG     [camera.py:94]  Rejected — InsightFace found no face.
2026-06-22 10:08:40  INFO      [camera.py:250]  Face detected — YOLO conf: 0.734 — quality score: 0.0 — good: False
2026-06-22 10:08:40  DEBUG     [camera.py:264]  Skipped low quality face (score: 0.0)
2026-06-22 10:08:40  DEBUG     [camera.py:94]  Rejected — InsightFace found no face.
2026-06-22 10:08:40  INFO      [camera.py:250]  Face detected — YOLO conf: 0.734 — quality score: 0.0 — good: False
2026-06-22 10:08:40  DEBUG     [camera.py:264]  Skipped low quality face (score: 0.0)
2026-06-22 10:08:40  DEBUG     [camera.py:94]  Rejected — InsightFace found no face.
2026-06-22 10:08:40  INFO      [camera.py:250]  Face detected — YOLO conf: 0.739 — quality score: 0.0 — good: False
2026-06-22 10:08:40  DEBUG     [camera.py:264]  Skipped low quality face (score: 0.0)
2026-06-22 10:08:40  DEBUG     [camera.py:94]  Rejected — InsightFace found no face.
2026-06-22 10:08:40  INFO      [camera.py:250]  Face detected — YOLO conf: 0.751 — quality score: 0.0 — good: False
2026-06-22 10:08:40  DEBUG     [camera.py:264]  Skipped low quality face (score: 0.0)
2026-06-22 10:08:40  DEBUG     [camera.py:94]  Rejected — InsightFace found no face.
2026-06-22 10:08:40  INFO      [camera.py:250]  Face detected — YOLO conf: 0.740 — quality score: 0.0 — good: False
2026-06-22 10:08:40  DEBUG     [camera.py:264]  Skipped low quality face (score: 0.0)
2026-06-22 10:08:40  DEBUG     [camera.py:94]  Rejected — InsightFace found no face.
2026-06-22 10:08:40  INFO      [camera.py:250]  Face detected — YOLO conf: 0.718 — quality score: 0.0 — good: False
2026-06-22 10:08:40  DEBUG     [camera.py:264]  Skipped low quality face (score: 0.0)
2026-06-22 10:08:41  DEBUG     [camera.py:94]  Rejected — InsightFace found no face.
2026-06-22 10:08:41  INFO      [camera.py:250]  Face detected — YOLO conf: 0.711 — quality score: 0.0 — good: False
2026-06-22 10:08:41  DEBUG     [camera.py:264]  Skipped low quality face (score: 0.0)
2026-06-22 10:08:41  DEBUG     [camera.py:94]  Rejected — InsightFace found no face.
2026-06-22 10:08:41  INFO      [camera.py:250]  Face detected — YOLO conf: 0.725 — quality score: 0.0 — good: False
2026-06-22 10:08:41  DEBUG     [camera.py:264]  Skipped low quality face (score: 0.0)
2026-06-22 10:08:41  DEBUG     [camera.py:94]  Rejected — InsightFace found no face.
2026-06-22 10:08:41  INFO      [camera.py:250]  Face detected — YOLO conf: 0.732 — quality score: 0.0 — good: False
2026-06-22 10:08:41  DEBUG     [camera.py:264]  Skipped low quality face (score: 0.0)
2026-06-22 10:08:41  DEBUG     [camera.py:94]  Rejected — InsightFace found no face.
2026-06-22 10:08:41  INFO      [camera.py:250]  Face detected — YOLO conf: 0.712 — quality score: 0.0 — good: False
2026-06-22 10:08:41  DEBUG     [camera.py:264]  Skipped low quality face (score: 0.0)
2026-06-22 10:08:41  DEBUG     [camera.py:94]  Rejected — InsightFace found no face.
2026-06-22 10:08:41  INFO      [camera.py:250]  Face detected — YOLO conf: 0.712 — quality score: 0.0 — good: False
2026-06-22 10:08:41  DEBUG     [camera.py:264]  Skipped low quality face (score: 0.0)
2026-06-22 10:08:41  DEBUG     [camera.py:94]  Rejected — InsightFace found no face.
2026-06-22 10:08:41  INFO      [camera.py:250]  Face detected — YOLO conf: 0.716 — quality score: 0.0 — good: False
2026-06-22 10:08:41  DEBUG     [camera.py:264]  Skipped low quality face (score: 0.0)
2026-06-22 10:08:45  INFO      [main.py:52]  Checking calendars at 10:08:45
2026-06-22 10:08:45  DEBUG     [client.py:31]  GET https://192.168.1.249:5004/scl/get-all-calender
2026-06-22 10:08:45  INFO      [calendar_service.py:44]  Fetched 2 valid session(s).
2026-06-22 10:08:45  INFO      [main.py:84]  Calendar 2108 already started — skipping.
2026-06-22 10:08:45  INFO      [main.py:84]  Calendar 2108 already started — skipping.
2026-06-22 10:08:45  INFO      [main.py:176]  Calendar 2108 still running (1m 14s remaining).
2026-06-22 10:08:45  INFO      [main.py:188]  Active calendars: [2108]
2026-06-22 10:08:55  INFO      [main.py:52]  Checking calendars at 10:08:55
2026-06-22 10:08:55  DEBUG     [client.py:31]  GET https://192.168.1.249:5004/scl/get-all-calender
2026-06-22 10:08:55  INFO      [calendar_service.py:44]  Fetched 2 valid session(s).
2026-06-22 10:08:55  INFO      [main.py:84]  Calendar 2108 already started — skipping.
2026-06-22 10:08:55  INFO      [main.py:84]  Calendar 2108 already started — skipping.
2026-06-22 10:08:55  INFO      [main.py:176]  Calendar 2108 still running (1m 4s remaining).
2026-06-22 10:08:55  INFO      [main.py:188]  Active calendars: [2108]
2026-06-22 10:09:03  DEBUG     [camera.py:94]  Rejected — InsightFace found no face.
2026-06-22 10:09:03  INFO      [camera.py:250]  Face detected — YOLO conf: 0.727 — quality score: 0.0 — good: False
2026-06-22 10:09:03  DEBUG     [camera.py:264]  Skipped low quality face (score: 0.0)
2026-06-22 10:09:03  DEBUG     [camera.py:94]  Rejected — InsightFace found no face.
2026-06-22 10:09:03  INFO      [camera.py:250]  Face detected — YOLO conf: 0.727 — quality score: 0.0 — good: False
2026-06-22 10:09:03  DEBUG     [camera.py:264]  Skipped low quality face (score: 0.0)
2026-06-22 10:09:03  DEBUG     [camera.py:94]  Rejected — InsightFace found no face.
2026-06-22 10:09:03  INFO      [camera.py:250]  Face detected — YOLO conf: 0.734 — quality score: 0.0 — good: False
2026-06-22 10:09:03  DEBUG     [camera.py:264]  Skipped low quality face (score: 0.0)
2026-06-22 10:09:03  DEBUG     [camera.py:94]  Rejected — InsightFace found no face.
2026-06-22 10:09:03  INFO      [camera.py:250]  Face detected — YOLO conf: 0.732 — quality score: 0.0 — good: False
2026-06-22 10:09:03  DEBUG     [camera.py:264]  Skipped low quality face (score: 0.0)
2026-06-22 10:09:03  DEBUG     [camera.py:94]  Rejected — InsightFace found no face.
2026-06-22 10:09:03  INFO      [camera.py:250]  Face detected — YOLO conf: 0.728 — quality score: 0.0 — good: False
2026-06-22 10:09:03  DEBUG     [camera.py:264]  Skipped low quality face (score: 0.0)
2026-06-22 10:09:04  DEBUG     [camera.py:94]  Rejected — InsightFace found no face.
2026-06-22 10:09:04  INFO      [camera.py:250]  Face detected — YOLO conf: 0.711 — quality score: 0.0 — good: False
2026-06-22 10:09:04  DEBUG     [camera.py:264]  Skipped low quality face (score: 0.0)
2026-06-22 10:09:04  DEBUG     [camera.py:94]  Rejected — InsightFace found no face.
2026-06-22 10:09:04  INFO      [camera.py:250]  Face detected — YOLO conf: 0.716 — quality score: 0.0 — good: False
2026-06-22 10:09:04  DEBUG     [camera.py:264]  Skipped low quality face (score: 0.0)
2026-06-22 10:09:05  INFO      [main.py:52]  Checking calendars at 10:09:05
2026-06-22 10:09:05  DEBUG     [client.py:31]  GET https://192.168.1.249:5004/scl/get-all-calender
2026-06-22 10:09:05  INFO      [calendar_service.py:44]  Fetched 2 valid session(s).
2026-06-22 10:09:05  INFO      [main.py:84]  Calendar 2108 already started — skipping.
2026-06-22 10:09:05  INFO      [main.py:84]  Calendar 2108 already started — skipping.
2026-06-22 10:09:05  INFO      [main.py:176]  Calendar 2108 still running (0m 54s remaining).
2026-06-22 10:09:05  INFO      [main.py:188]  Active calendars: [2108]
2026-06-22 10:09:10  DEBUG     [camera.py:94]  Rejected — InsightFace found no face.
2026-06-22 10:09:10  INFO      [camera.py:250]  Face detected — YOLO conf: 0.712 — quality score: 0.0 — good: False
2026-06-22 10:09:10  DEBUG     [camera.py:264]  Skipped low quality face (score: 0.0)
2026-06-22 10:09:15  INFO      [main.py:52]  Checking calendars at 10:09:15
2026-06-22 10:09:15  DEBUG     [client.py:31]  GET https://192.168.1.249:5004/scl/get-all-calender
2026-06-22 10:09:15  INFO      [calendar_service.py:44]  Fetched 2 valid session(s).
2026-06-22 10:09:15  INFO      [main.py:84]  Calendar 2108 already started — skipping.
2026-06-22 10:09:15  INFO      [main.py:84]  Calendar 2108 already started — skipping.
2026-06-22 10:09:15  INFO      [main.py:176]  Calendar 2108 still running (0m 44s remaining).
2026-06-22 10:09:15  INFO      [main.py:188]  Active calendars: [2108]
2026-06-22 10:09:25  INFO      [main.py:52]  Checking calendars at 10:09:25
2026-06-22 10:09:25  DEBUG     [client.py:31]  GET https://192.168.1.249:5004/scl/get-all-calender
2026-06-22 10:09:25  INFO      [calendar_service.py:44]  Fetched 2 valid session(s).
2026-06-22 10:09:25  INFO      [main.py:84]  Calendar 2108 already started — skipping.
2026-06-22 10:09:25  INFO      [main.py:84]  Calendar 2108 already started — skipping.
2026-06-22 10:09:25  INFO      [main.py:176]  Calendar 2108 still running (0m 34s remaining).
2026-06-22 10:09:25  INFO      [main.py:188]  Active calendars: [2108]
2026-06-22 10:09:35  INFO      [main.py:52]  Checking calendars at 10:09:35
2026-06-22 10:09:35  DEBUG     [client.py:31]  GET https://192.168.1.249:5004/scl/get-all-calender
2026-06-22 10:09:35  INFO      [calendar_service.py:44]  Fetched 2 valid session(s).
2026-06-22 10:09:35  INFO      [main.py:84]  Calendar 2108 already started — skipping.
2026-06-22 10:09:35  INFO      [main.py:84]  Calendar 2108 already started — skipping.
2026-06-22 10:09:35  INFO      [main.py:176]  Calendar 2108 still running (0m 24s remaining).
2026-06-22 10:09:35  INFO      [main.py:188]  Active calendars: [2108]
2026-06-22 10:09:45  INFO      [main.py:52]  Checking calendars at 10:09:45
2026-06-22 10:09:45  DEBUG     [client.py:31]  GET https://192.168.1.249:5004/scl/get-all-calender
2026-06-22 10:09:45  INFO      [calendar_service.py:44]  Fetched 2 valid session(s).
2026-06-22 10:09:45  INFO      [main.py:84]  Calendar 2108 already started — skipping.
2026-06-22 10:09:45  INFO      [main.py:84]  Calendar 2108 already started — skipping.
2026-06-22 10:09:45  INFO      [main.py:176]  Calendar 2108 still running (0m 14s remaining).
2026-06-22 10:09:45  INFO      [main.py:188]  Active calendars: [2108]
2026-06-22 10:09:55  INFO      [main.py:52]  Checking calendars at 10:09:55
2026-06-22 10:09:55  DEBUG     [client.py:31]  GET https://192.168.1.249:5004/scl/get-all-calender
2026-06-22 10:09:55  INFO      [calendar_service.py:44]  Fetched 2 valid session(s).
2026-06-22 10:09:55  INFO      [main.py:84]  Calendar 2108 already started — skipping.
2026-06-22 10:09:55  INFO      [main.py:84]  Calendar 2108 already started — skipping.
2026-06-22 10:09:55  INFO      [main.py:176]  Calendar 2108 still running (0m 4s remaining).
2026-06-22 10:09:55  INFO      [main.py:188]  Active calendars: [2108]
2026-06-22 10:10:05  INFO      [main.py:52]  Checking calendars at 10:10:05
2026-06-22 10:10:05  DEBUG     [client.py:31]  GET https://192.168.1.249:5004/scl/get-all-calender
2026-06-22 10:10:05  INFO      [calendar_service.py:44]  Fetched 2 valid session(s).
2026-06-22 10:10:05  INFO      [main.py:66]  Calendar 2108 already ended — skipping.
2026-06-22 10:10:05  INFO      [main.py:66]  Calendar 2108 already ended — skipping.
2026-06-22 10:10:05  INFO      [main.py:130]  Calendar 2108 ended — stopping cameras...
2026-06-22 10:10:05  INFO      [detector.py:95]  Stopping detection for calendar 2108...
2026-06-22 10:10:06  INFO      [detector.py:102]  All detection processes stopped for calendar 2108.
2026-06-22 10:10:06  INFO      [classification.py:78]  Starting classification for calendar 2108 — 102 image(s) found.
2026-06-22 10:10:06  INFO      [classification.py:91]  Created person_1 — reference: face_20260622_095859_105.jpg
2026-06-22 10:10:08  DEBUG     [classification.py:45]  face_20260622_095859_105.jpg ↔ face_20260622_095904_904.jpg → similarity: 0.9690
2026-06-22 10:10:08  INFO      [classification.py:110]    ✔ Copied face_20260622_095904_904.jpg → person_1 (2/7)
2026-06-22 10:10:08  DEBUG     [classification.py:45]  face_20260622_095859_105.jpg ↔ face_20260622_095857_807.jpg → similarity: 0.9998
2026-06-22 10:10:08  INFO      [classification.py:110]    ✔ Copied face_20260622_095857_807.jpg → person_1 (3/7)
2026-06-22 10:10:08  DEBUG     [classification.py:45]  face_20260622_095859_105.jpg ↔ face_20260622_095854_125.jpg → similarity: 0.3246
2026-06-22 10:10:08  DEBUG     [classification.py:45]  face_20260622_095904_904.jpg ↔ face_20260622_095854_125.jpg → similarity: 0.2304
2026-06-22 10:10:08  DEBUG     [classification.py:45]  face_20260622_095857_807.jpg ↔ face_20260622_095854_125.jpg → similarity: 0.4786
2026-06-22 10:10:08  DEBUG     [classification.py:45]  face_20260622_095859_105.jpg ↔ face_20260622_095856_612.jpg → similarity: 0.3451
2026-06-22 10:10:08  DEBUG     [classification.py:45]  face_20260622_095904_904.jpg ↔ face_20260622_095856_612.jpg → similarity: 0.3300
2026-06-22 10:10:08  DEBUG     [classification.py:45]  face_20260622_095857_807.jpg ↔ face_20260622_095856_612.jpg → similarity: 0.4402
2026-06-22 10:10:09  DEBUG     [classification.py:45]  face_20260622_095859_105.jpg ↔ face_20260622_095904_800.jpg → similarity: 0.9785
2026-06-22 10:10:09  INFO      [classification.py:110]    ✔ Copied face_20260622_095904_800.jpg → person_1 (4/7)
2026-06-22 10:10:09  DEBUG     [classification.py:45]  face_20260622_095859_105.jpg ↔ face_20260622_095858_806.jpg → similarity: 0.9998
2026-06-22 10:10:09  INFO      [classification.py:110]    ✔ Copied face_20260622_095858_806.jpg → person_1 (5/7)
2026-06-22 10:10:09  DEBUG     [classification.py:45]  face_20260622_095859_105.jpg ↔ face_20260622_095900_206.jpg → similarity: 0.9985
2026-06-22 10:10:09  INFO      [classification.py:110]    ✔ Copied face_20260622_095900_206.jpg → person_1 (6/7)
2026-06-22 10:10:09  DEBUG     [classification.py:45]  face_20260622_095859_105.jpg ↔ face_20260622_095856_906.jpg → similarity: 0.8806
2026-06-22 10:10:09  DEBUG     [classification.py:45]  face_20260622_095904_904.jpg ↔ face_20260622_095856_906.jpg → similarity: 0.9429
2026-06-22 10:10:09  DEBUG     [classification.py:45]  face_20260622_095857_807.jpg ↔ face_20260622_095856_906.jpg → similarity: 0.8852
2026-06-22 10:10:09  DEBUG     [classification.py:45]  face_20260622_095904_800.jpg ↔ face_20260622_095856_906.jpg → similarity: 0.9556
2026-06-22 10:10:09  INFO      [classification.py:110]    ✔ Copied face_20260622_095856_906.jpg → person_1 (7/7)
2026-06-22 10:10:09  DEBUG     [classification.py:45]  face_20260622_095859_105.jpg ↔ face_20260622_100002_972.jpg → similarity: 0.4004
2026-06-22 10:10:10  DEBUG     [classification.py:45]  face_20260622_095904_904.jpg ↔ face_20260622_100002_972.jpg → similarity: 0.2310
2026-06-22 10:10:10  DEBUG     [classification.py:45]  face_20260622_095857_807.jpg ↔ face_20260622_100002_972.jpg → similarity: 0.6031
2026-06-22 10:10:10  DEBUG     [classification.py:45]  face_20260622_095904_800.jpg ↔ face_20260622_100002_972.jpg → similarity: 0.3160
2026-06-22 10:10:10  DEBUG     [classification.py:45]  face_20260622_095858_806.jpg ↔ face_20260622_100002_972.jpg → similarity: 0.5028
2026-06-22 10:10:10  DEBUG     [classification.py:45]  face_20260622_095900_206.jpg ↔ face_20260622_100002_972.jpg → similarity: 0.6082
2026-06-22 10:10:10  DEBUG     [classification.py:45]  face_20260622_095856_906.jpg ↔ face_20260622_100002_972.jpg → similarity: 0.5968
2026-06-22 10:10:10  DEBUG     [classification.py:45]  face_20260622_095859_105.jpg ↔ face_20260622_095903_607.jpg → similarity: 0.8408
2026-06-22 10:10:10  DEBUG     [classification.py:45]  face_20260622_095904_904.jpg ↔ face_20260622_095903_607.jpg → similarity: 0.9603
2026-06-22 10:10:10  INFO      [classification.py:112]    ⏭ Matched face_20260622_095903_607.jpg → person_1 (limit reached, skipped copy)
2026-06-22 10:10:10  DEBUG     [classification.py:45]  face_20260622_095859_105.jpg ↔ face_20260622_095904_598.jpg → similarity: 0.9909
2026-06-22 10:10:10  INFO      [classification.py:112]    ⏭ Matched face_20260622_095904_598.jpg → person_1 (limit reached, skipped copy)
2026-06-22 10:10:11  DEBUG     [classification.py:45]  face_20260622_095859_105.jpg ↔ face_20260622_095857_209.jpg → similarity: 0.9980
2026-06-22 10:10:11  INFO      [classification.py:112]    ⏭ Matched face_20260622_095857_209.jpg → person_1 (limit reached, skipped copy)
2026-06-22 10:10:11  DEBUG     [classification.py:45]  face_20260622_095859_105.jpg ↔ face_20260622_095900_906.jpg → similarity: 0.9994
2026-06-22 10:10:11  INFO      [classification.py:112]    ⏭ Matched face_20260622_095900_906.jpg → person_1 (limit reached, skipped copy)
2026-06-22 10:10:11  DEBUG     [classification.py:45]  face_20260622_095859_105.jpg ↔ face_20260622_095901_299.jpg → similarity: 0.9998
2026-06-22 10:10:11  INFO      [classification.py:112]    ⏭ Matched face_20260622_095901_299.jpg → person_1 (limit reached, skipped copy)
2026-06-22 10:10:11  DEBUG     [classification.py:45]  face_20260622_095859_105.jpg ↔ face_20260622_095854_028.jpg → similarity: 0.9832
2026-06-22 10:10:11  INFO      [classification.py:112]    ⏭ Matched face_20260622_095854_028.jpg → person_1 (limit reached, skipped copy)
2026-06-22 10:10:11  DEBUG     [classification.py:45]  face_20260622_095859_105.jpg ↔ face_20260622_095858_906.jpg → similarity: 0.9999
2026-06-22 10:10:11  INFO      [classification.py:112]    ⏭ Matched face_20260622_095858_906.jpg → person_1 (limit reached, skipped copy)
2026-06-22 10:10:11  DEBUG     [classification.py:45]  face_20260622_095859_105.jpg ↔ face_20260622_095904_002.jpg → similarity: 0.3444
2026-06-22 10:10:11  DEBUG     [classification.py:45]  face_20260622_095904_904.jpg ↔ face_20260622_095904_002.jpg → similarity: 0.8194
2026-06-22 10:10:11  DEBUG     [classification.py:45]  face_20260622_095857_807.jpg ↔ face_20260622_095904_002.jpg → similarity: 0.3433
2026-06-22 10:10:11  DEBUG     [classification.py:45]  face_20260622_095904_800.jpg ↔ face_20260622_095904_002.jpg → similarity: 0.8120
2026-06-22 10:10:11  DEBUG     [classification.py:45]  face_20260622_095858_806.jpg ↔ face_20260622_095904_002.jpg → similarity: 0.2016
2026-06-22 10:10:12  DEBUG     [classification.py:45]  face_20260622_095900_206.jpg ↔ face_20260622_095904_002.jpg → similarity: 0.1482
2026-06-22 10:10:12  DEBUG     [classification.py:45]  face_20260622_095856_906.jpg ↔ face_20260622_095904_002.jpg → similarity: 0.9294
2026-06-22 10:10:12  DEBUG     [classification.py:45]  face_20260622_095903_607.jpg ↔ face_20260622_095904_002.jpg → similarity: 0.8977
2026-06-22 10:10:12  DEBUG     [classification.py:45]  face_20260622_095904_598.jpg ↔ face_20260622_095904_002.jpg → similarity: 0.6630
2026-06-22 10:10:12  DEBUG     [classification.py:45]  face_20260622_095857_209.jpg ↔ face_20260622_095904_002.jpg → similarity: 0.2198
2026-06-22 10:10:12  DEBUG     [classification.py:45]  face_20260622_095900_906.jpg ↔ face_20260622_095904_002.jpg → similarity: 0.3594
2026-06-22 10:10:12  DEBUG     [classification.py:45]  face_20260622_095901_299.jpg ↔ face_20260622_095904_002.jpg → similarity: 0.3698
2026-06-22 10:10:12  DEBUG     [classification.py:45]  face_20260622_095854_028.jpg ↔ face_20260622_095904_002.jpg → similarity: 0.3687
2026-06-22 10:10:12  DEBUG     [classification.py:45]  face_20260622_095858_906.jpg ↔ face_20260622_095904_002.jpg → similarity: 0.1889
2026-06-22 10:10:12  DEBUG     [classification.py:45]  face_20260622_095859_105.jpg ↔ face_20260622_100003_255.jpg → similarity: 0.2641
2026-06-22 10:10:13  DEBUG     [classification.py:45]  face_20260622_095904_904.jpg ↔ face_20260622_100003_255.jpg → similarity: 0.3044
2026-06-22 10:10:13  DEBUG     [classification.py:45]  face_20260622_095857_807.jpg ↔ face_20260622_100003_255.jpg → similarity: 0.5357
2026-06-22 10:10:13  DEBUG     [classification.py:45]  face_20260622_095904_800.jpg ↔ face_20260622_100003_255.jpg → similarity: 0.3710
2026-06-22 10:10:13  DEBUG     [classification.py:45]  face_20260622_095858_806.jpg ↔ face_20260622_100003_255.jpg → similarity: 0.3725
2026-06-22 10:10:13  DEBUG     [classification.py:45]  face_20260622_095900_206.jpg ↔ face_20260622_100003_255.jpg → similarity: 0.2785
2026-06-22 10:10:13  DEBUG     [classification.py:45]  face_20260622_095856_906.jpg ↔ face_20260622_100003_255.jpg → similarity: 0.5448
2026-06-22 10:10:13  DEBUG     [classification.py:45]  face_20260622_095903_607.jpg ↔ face_20260622_100003_255.jpg → similarity: 0.4433
2026-06-22 10:10:14  DEBUG     [classification.py:45]  face_20260622_095904_598.jpg ↔ face_20260622_100003_255.jpg → similarity: 0.2852
2026-06-22 10:10:14  DEBUG     [classification.py:45]  face_20260622_095857_209.jpg ↔ face_20260622_100003_255.jpg → similarity: 0.4832
2026-06-22 10:10:14  DEBUG     [classification.py:45]  face_20260622_095900_906.jpg ↔ face_20260622_100003_255.jpg → similarity: 0.2392
2026-06-22 10:10:14  DEBUG     [classification.py:45]  face_20260622_095901_299.jpg ↔ face_20260622_100003_255.jpg → similarity: 0.2488
2026-06-22 10:10:14  DEBUG     [classification.py:45]  face_20260622_095854_028.jpg ↔ face_20260622_100003_255.jpg → similarity: 0.4149
2026-06-22 10:10:14  DEBUG     [classification.py:45]  face_20260622_095858_906.jpg ↔ face_20260622_100003_255.jpg → similarity: 0.4980
2026-06-22 10:10:14  DEBUG     [classification.py:45]  face_20260622_095859_105.jpg ↔ face_20260622_100442_230.jpg → similarity: 0.3391
2026-06-22 10:10:14  DEBUG     [classification.py:45]  face_20260622_095904_904.jpg ↔ face_20260622_100442_230.jpg → similarity: 0.3694
2026-06-22 10:10:15  DEBUG     [classification.py:45]  face_20260622_095857_807.jpg ↔ face_20260622_100442_230.jpg → similarity: 0.5643
2026-06-22 10:10:15  DEBUG     [classification.py:45]  face_20260622_095904_800.jpg ↔ face_20260622_100442_230.jpg → similarity: 0.3708
2026-06-22 10:10:15  DEBUG     [classification.py:45]  face_20260622_095858_806.jpg ↔ face_20260622_100442_230.jpg → similarity: 0.4881
2026-06-22 10:10:15  DEBUG     [classification.py:45]  face_20260622_095900_206.jpg ↔ face_20260622_100442_230.jpg → similarity: 0.3694
2026-06-22 10:10:15  DEBUG     [classification.py:45]  face_20260622_095856_906.jpg ↔ face_20260622_100442_230.jpg → similarity: 0.4375
2026-06-22 10:10:15  DEBUG     [classification.py:45]  face_20260622_095903_607.jpg ↔ face_20260622_100442_230.jpg → similarity: 0.3126
2026-06-22 10:10:15  DEBUG     [classification.py:45]  face_20260622_095904_598.jpg ↔ face_20260622_100442_230.jpg → similarity: 0.2850
2026-06-22 10:10:16  DEBUG     [classification.py:45]  face_20260622_095857_209.jpg ↔ face_20260622_100442_230.jpg → similarity: 0.4936
2026-06-22 10:10:16  DEBUG     [classification.py:45]  face_20260622_095900_906.jpg ↔ face_20260622_100442_230.jpg → similarity: 0.2755
2026-06-22 10:10:16  DEBUG     [classification.py:45]  face_20260622_095901_299.jpg ↔ face_20260622_100442_230.jpg → similarity: 0.2952
2026-06-22 10:10:16  DEBUG     [classification.py:45]  face_20260622_095854_028.jpg ↔ face_20260622_100442_230.jpg → similarity: 0.3679
2026-06-22 10:10:16  DEBUG     [classification.py:45]  face_20260622_095858_906.jpg ↔ face_20260622_100442_230.jpg → similarity: 0.5174
2026-06-22 10:10:16  DEBUG     [classification.py:45]  face_20260622_095859_105.jpg ↔ face_20260622_095902_107.jpg → similarity: 0.1008
2026-06-22 10:10:16  DEBUG     [classification.py:45]  face_20260622_095904_904.jpg ↔ face_20260622_095902_107.jpg → similarity: 0.0648
2026-06-22 10:10:16  DEBUG     [classification.py:45]  face_20260622_095857_807.jpg ↔ face_20260622_095902_107.jpg → similarity: 0.1481
2026-06-22 10:10:16  DEBUG     [classification.py:45]  face_20260622_095904_800.jpg ↔ face_20260622_095902_107.jpg → similarity: 0.0762
2026-06-22 10:10:17  DEBUG     [classification.py:45]  face_20260622_095858_806.jpg ↔ face_20260622_095902_107.jpg → similarity: 0.0977
2026-06-22 10:10:17  DEBUG     [classification.py:45]  face_20260622_095900_206.jpg ↔ face_20260622_095902_107.jpg → similarity: 0.1375
2026-06-22 10:10:17  DEBUG     [classification.py:45]  face_20260622_095856_906.jpg ↔ face_20260622_095902_107.jpg → similarity: 0.5605
2026-06-22 10:10:17  DEBUG     [classification.py:45]  face_20260622_095903_607.jpg ↔ face_20260622_095902_107.jpg → similarity: 0.5658
2026-06-22 10:10:17  DEBUG     [classification.py:45]  face_20260622_095904_598.jpg ↔ face_20260622_095902_107.jpg → similarity: 0.0665
2026-06-22 10:10:17  DEBUG     [classification.py:45]  face_20260622_095857_209.jpg ↔ face_20260622_095902_107.jpg → similarity: 0.1896
2026-06-22 10:10:17  DEBUG     [classification.py:45]  face_20260622_095900_906.jpg ↔ face_20260622_095902_107.jpg → similarity: 0.1753
2026-06-22 10:10:17  DEBUG     [classification.py:45]  face_20260622_095901_299.jpg ↔ face_20260622_095902_107.jpg → similarity: 0.1855
2026-06-22 10:10:17  DEBUG     [classification.py:45]  face_20260622_095854_028.jpg ↔ face_20260622_095902_107.jpg → similarity: 0.0994
2026-06-22 10:10:17  DEBUG     [classification.py:45]  face_20260622_095858_906.jpg ↔ face_20260622_095902_107.jpg → similarity: 0.1541
2026-06-22 10:10:18  DEBUG     [classification.py:45]  face_20260622_095859_105.jpg ↔ face_20260622_095859_805.jpg → similarity: 0.9998
2026-06-22 10:10:18  INFO      [classification.py:112]    ⏭ Matched face_20260622_095859_805.jpg → person_1 (limit reached, skipped copy)
2026-06-22 10:10:18  DEBUG     [classification.py:45]  face_20260622_095859_105.jpg ↔ face_20260622_095856_106.jpg → similarity: 0.6434
2026-06-22 10:10:18  DEBUG     [classification.py:45]  face_20260622_095904_904.jpg ↔ face_20260622_095856_106.jpg → similarity: 0.6272
2026-06-22 10:10:18  DEBUG     [classification.py:45]  face_20260622_095857_807.jpg ↔ face_20260622_095856_106.jpg → similarity: 0.7717
2026-06-22 10:10:18  DEBUG     [classification.py:45]  face_20260622_095904_800.jpg ↔ face_20260622_095856_106.jpg → similarity: 0.6071
2026-06-22 10:10:18  DEBUG     [classification.py:45]  face_20260622_095858_806.jpg ↔ face_20260622_095856_106.jpg → similarity: 0.7628
2026-06-22 10:10:18  DEBUG     [classification.py:45]  face_20260622_095900_206.jpg ↔ face_20260622_095856_106.jpg → similarity: 0.7088
2026-06-22 10:10:18  DEBUG     [classification.py:45]  face_20260622_095856_906.jpg ↔ face_20260622_095856_106.jpg → similarity: 0.9545
2026-06-22 10:10:18  INFO      [classification.py:112]    ⏭ Matched face_20260622_095856_106.jpg → person_1 (limit reached, skipped copy)
2026-06-22 10:10:18  DEBUG     [classification.py:45]  face_20260622_095859_105.jpg ↔ face_20260622_095858_006.jpg → similarity: 0.9999
2026-06-22 10:10:18  INFO      [classification.py:112]    ⏭ Matched face_20260622_095858_006.jpg → person_1 (limit reached, skipped copy)
2026-06-22 10:10:18  DEBUG     [classification.py:45]  face_20260622_095859_105.jpg ↔ face_20260622_095903_797.jpg → similarity: 0.2298
2026-06-22 10:10:19  DEBUG     [classification.py:45]  face_20260622_095904_904.jpg ↔ face_20260622_095903_797.jpg → similarity: 0.6055
2026-06-22 10:10:19  DEBUG     [classification.py:45]  face_20260622_095857_807.jpg ↔ face_20260622_095903_797.jpg → similarity: 0.2483
2026-06-22 10:10:19  DEBUG     [classification.py:45]  face_20260622_095904_800.jpg ↔ face_20260622_095903_797.jpg → similarity: 0.5956
2026-06-22 10:10:19  DEBUG     [classification.py:45]  face_20260622_095858_806.jpg ↔ face_20260622_095903_797.jpg → similarity: 0.1796
2026-06-22 10:10:19  DEBUG     [classification.py:45]  face_20260622_095900_206.jpg ↔ face_20260622_095903_797.jpg → similarity: 0.2249
2026-06-22 10:10:19  DEBUG     [classification.py:45]  face_20260622_095856_906.jpg ↔ face_20260622_095903_797.jpg → similarity: 0.7244
2026-06-22 10:10:19  DEBUG     [classification.py:45]  face_20260622_095903_607.jpg ↔ face_20260622_095903_797.jpg → similarity: 0.7995
2026-06-22 10:10:19  DEBUG     [classification.py:45]  face_20260622_095904_598.jpg ↔ face_20260622_095903_797.jpg → similarity: 0.5810
2026-06-22 10:10:19  DEBUG     [classification.py:45]  face_20260622_095857_209.jpg ↔ face_20260622_095903_797.jpg → similarity: 0.2491
2026-06-22 10:10:19  DEBUG     [classification.py:45]  face_20260622_095900_906.jpg ↔ face_20260622_095903_797.jpg → similarity: 0.2756
2026-06-22 10:10:19  DEBUG     [classification.py:45]  face_20260622_095901_299.jpg ↔ face_20260622_095903_797.jpg → similarity: 0.2124
2026-06-22 10:10:20  DEBUG     [classification.py:45]  face_20260622_095854_028.jpg ↔ face_20260622_095903_797.jpg → similarity: 0.2248
2026-06-22 10:10:20  DEBUG     [classification.py:45]  face_20260622_095858_906.jpg ↔ face_20260622_095903_797.jpg → similarity: 0.1820
2026-06-22 10:10:20  DEBUG     [classification.py:45]  face_20260622_095859_805.jpg ↔ face_20260622_095903_797.jpg → similarity: 0.3554
2026-06-22 10:10:20  DEBUG     [classification.py:45]  face_20260622_095856_106.jpg ↔ face_20260622_095903_797.jpg → similarity: 0.1504
2026-06-22 10:10:20  DEBUG     [classification.py:45]  face_20260622_095858_006.jpg ↔ face_20260622_095903_797.jpg → similarity: 0.2119
2026-06-22 10:10:20  DEBUG     [classification.py:45]  face_20260622_095859_105.jpg ↔ face_20260622_095859_711.jpg → similarity: 0.9995
2026-06-22 10:10:20  INFO      [classification.py:112]    ⏭ Matched face_20260622_095859_711.jpg → person_1 (limit reached, skipped copy)
2026-06-22 10:10:20  DEBUG     [classification.py:45]  face_20260622_095859_105.jpg ↔ face_20260622_095858_705.jpg → similarity: 0.9999
2026-06-22 10:10:20  INFO      [classification.py:112]    ⏭ Matched face_20260622_095858_705.jpg → person_1 (limit reached, skipped copy)
2026-06-22 10:10:20  DEBUG     [classification.py:45]  face_20260622_095859_105.jpg ↔ face_20260622_095856_811.jpg → similarity: 0.9960
2026-06-22 10:10:20  INFO      [classification.py:112]    ⏭ Matched face_20260622_095856_811.jpg → person_1 (limit reached, skipped copy)
2026-06-22 10:10:20  DEBUG     [classification.py:45]  face_20260622_095859_105.jpg ↔ face_20260622_095901_609.jpg → similarity: 0.9942
2026-06-22 10:10:20  INFO      [classification.py:112]    ⏭ Matched face_20260622_095901_609.jpg → person_1 (limit reached, skipped copy)
2026-06-22 10:10:21  DEBUG     [classification.py:45]  face_20260622_095859_105.jpg ↔ face_20260622_100718_981.jpg → similarity: 0.1154
2026-06-22 10:10:21  DEBUG     [classification.py:45]  face_20260622_095904_904.jpg ↔ face_20260622_100718_981.jpg → similarity: 0.5551
2026-06-22 10:10:21  DEBUG     [classification.py:45]  face_20260622_095857_807.jpg ↔ face_20260622_100718_981.jpg → similarity: 0.1673
2026-06-22 10:10:21  DEBUG     [classification.py:45]  face_20260622_095904_800.jpg ↔ face_20260622_100718_981.jpg → similarity: 0.4754
2026-06-22 10:10:21  DEBUG     [classification.py:45]  face_20260622_095858_806.jpg ↔ face_20260622_100718_981.jpg → similarity: 0.1498
2026-06-22 10:10:21  DEBUG     [classification.py:45]  face_20260622_095900_206.jpg ↔ face_20260622_100718_981.jpg → similarity: 0.1359
2026-06-22 10:10:21  DEBUG     [classification.py:45]  face_20260622_095856_906.jpg ↔ face_20260622_100718_981.jpg → similarity: 0.2948
2026-06-22 10:10:21  DEBUG     [classification.py:45]  face_20260622_095903_607.jpg ↔ face_20260622_100718_981.jpg → similarity: 0.3420
2026-06-22 10:10:22  DEBUG     [classification.py:45]  face_20260622_095904_598.jpg ↔ face_20260622_100718_981.jpg → similarity: 0.3121
2026-06-22 10:10:22  DEBUG     [classification.py:45]  face_20260622_095857_209.jpg ↔ face_20260622_100718_981.jpg → similarity: 0.2533
2026-06-22 10:10:22  DEBUG     [classification.py:45]  face_20260622_095900_906.jpg ↔ face_20260622_100718_981.jpg → similarity: 0.2091
2026-06-22 10:10:22  DEBUG     [classification.py:45]  face_20260622_095901_299.jpg ↔ face_20260622_100718_981.jpg → similarity: 0.1121
2026-06-22 10:10:22  DEBUG     [classification.py:45]  face_20260622_095854_028.jpg ↔ face_20260622_100718_981.jpg → similarity: 0.2400
2026-06-22 10:10:22  DEBUG     [classification.py:45]  face_20260622_095858_906.jpg ↔ face_20260622_100718_981.jpg → similarity: 0.1600
2026-06-22 10:10:22  DEBUG     [classification.py:45]  face_20260622_095859_805.jpg ↔ face_20260622_100718_981.jpg → similarity: 0.1700
2026-06-22 10:10:22  DEBUG     [classification.py:45]  face_20260622_095856_106.jpg ↔ face_20260622_100718_981.jpg → similarity: 0.1697
2026-06-22 10:10:23  DEBUG     [classification.py:45]  face_20260622_095858_006.jpg ↔ face_20260622_100718_981.jpg → similarity: 0.1885
2026-06-22 10:10:23  DEBUG     [classification.py:45]  face_20260622_095859_711.jpg ↔ face_20260622_100718_981.jpg → similarity: 0.2319
2026-06-22 10:10:23  DEBUG     [classification.py:45]  face_20260622_095858_705.jpg ↔ face_20260622_100718_981.jpg → similarity: 0.1639
2026-06-22 10:10:23  DEBUG     [classification.py:45]  face_20260622_095856_811.jpg ↔ face_20260622_100718_981.jpg → similarity: 0.1200
2026-06-22 10:10:23  DEBUG     [classification.py:45]  face_20260622_095901_609.jpg ↔ face_20260622_100718_981.jpg → similarity: 0.1623
2026-06-22 10:10:23  DEBUG     [classification.py:45]  face_20260622_095859_105.jpg ↔ face_20260622_095900_806.jpg → similarity: 0.9999
2026-06-22 10:10:23  INFO      [classification.py:112]    ⏭ Matched face_20260622_095900_806.jpg → person_1 (limit reached, skipped copy)
2026-06-22 10:10:23  DEBUG     [classification.py:45]  face_20260622_095859_105.jpg ↔ face_20260622_095901_906.jpg → similarity: 0.9998
2026-06-22 10:10:23  INFO      [classification.py:112]    ⏭ Matched face_20260622_095901_906.jpg → person_1 (limit reached, skipped copy)
2026-06-22 10:10:23  DEBUG     [classification.py:45]  face_20260622_095859_105.jpg ↔ face_20260622_095857_906.jpg → similarity: 1.0000
2026-06-22 10:10:23  INFO      [classification.py:112]    ⏭ Matched face_20260622_095857_906.jpg → person_1 (limit reached, skipped copy)
2026-06-22 10:10:24  DEBUG     [classification.py:45]  face_20260622_095859_105.jpg ↔ face_20260622_095927_396.jpg → similarity: 0.3663
2026-06-22 10:10:24  DEBUG     [classification.py:45]  face_20260622_095904_904.jpg ↔ face_20260622_095927_396.jpg → similarity: 0.3816
2026-06-22 10:10:24  DEBUG     [classification.py:45]  face_20260622_095857_807.jpg ↔ face_20260622_095927_396.jpg → similarity: 0.5594
2026-06-22 10:10:24  DEBUG     [classification.py:45]  face_20260622_095904_800.jpg ↔ face_20260622_095927_396.jpg → similarity: 0.4518
2026-06-22 10:10:24  DEBUG     [classification.py:45]  face_20260622_095858_806.jpg ↔ face_20260622_095927_396.jpg → similarity: 0.4372
2026-06-22 10:10:24  DEBUG     [classification.py:45]  face_20260622_095900_206.jpg ↔ face_20260622_095927_396.jpg → similarity: 0.5261
2026-06-22 10:10:24  DEBUG     [classification.py:45]  face_20260622_095856_906.jpg ↔ face_20260622_095927_396.jpg → similarity: 0.6079
2026-06-22 10:10:24  DEBUG     [classification.py:45]  face_20260622_095903_607.jpg ↔ face_20260622_095927_396.jpg → similarity: 0.5364
2026-06-22 10:10:25  DEBUG     [classification.py:45]  face_20260622_095904_598.jpg ↔ face_20260622_095927_396.jpg → similarity: 0.3995
2026-06-22 10:10:25  DEBUG     [classification.py:45]  face_20260622_095857_209.jpg ↔ face_20260622_095927_396.jpg → similarity: 0.7734
2026-06-22 10:10:25  DEBUG     [classification.py:45]  face_20260622_095900_906.jpg ↔ face_20260622_095927_396.jpg → similarity: 0.3471
2026-06-22 10:10:25  DEBUG     [classification.py:45]  face_20260622_095901_299.jpg ↔ face_20260622_095927_396.jpg → similarity: 0.4442
2026-06-22 10:10:25  DEBUG     [classification.py:45]  face_20260622_095854_028.jpg ↔ face_20260622_095927_396.jpg → similarity: 0.4678
2026-06-22 10:10:25  DEBUG     [classification.py:45]  face_20260622_095858_906.jpg ↔ face_20260622_095927_396.jpg → similarity: 0.5528
2026-06-22 10:10:25  DEBUG     [classification.py:45]  face_20260622_095859_805.jpg ↔ face_20260622_095927_396.jpg → similarity: 0.4903
2026-06-22 10:10:25  DEBUG     [classification.py:45]  face_20260622_095856_106.jpg ↔ face_20260622_095927_396.jpg → similarity: 0.3424
2026-06-22 10:10:26  DEBUG     [classification.py:45]  face_20260622_095858_006.jpg ↔ face_20260622_095927_396.jpg → similarity: 0.5584
2026-06-22 10:10:26  DEBUG     [classification.py:45]  face_20260622_095859_711.jpg ↔ face_20260622_095927_396.jpg → similarity: 0.6623
2026-06-22 10:10:26  DEBUG     [classification.py:45]  face_20260622_095858_705.jpg ↔ face_20260622_095927_396.jpg → similarity: 0.5040
2026-06-22 10:10:26  DEBUG     [classification.py:45]  face_20260622_095856_811.jpg ↔ face_20260622_095927_396.jpg → similarity: 0.2686
2026-06-22 10:10:26  DEBUG     [classification.py:45]  face_20260622_095901_609.jpg ↔ face_20260622_095927_396.jpg → similarity: 0.6951
2026-06-22 10:10:26  DEBUG     [classification.py:45]  face_20260622_095900_806.jpg ↔ face_20260622_095927_396.jpg → similarity: 0.4641
2026-06-22 10:10:26  DEBUG     [classification.py:45]  face_20260622_095901_906.jpg ↔ face_20260622_095927_396.jpg → similarity: 0.4317
2026-06-22 10:10:27  DEBUG     [classification.py:45]  face_20260622_095857_906.jpg ↔ face_20260622_095927_396.jpg → similarity: 0.5162
2026-06-22 10:10:27  DEBUG     [classification.py:45]  face_20260622_095859_105.jpg ↔ face_20260622_100003_057.jpg → similarity: 0.6364
2026-06-22 10:10:27  DEBUG     [classification.py:45]  face_20260622_095904_904.jpg ↔ face_20260622_100003_057.jpg → similarity: 0.4420
2026-06-22 10:10:27  DEBUG     [classification.py:45]  face_20260622_095857_807.jpg ↔ face_20260622_100003_057.jpg → similarity: 0.8748
2026-06-22 10:10:27  DEBUG     [classification.py:45]  face_20260622_095904_800.jpg ↔ face_20260622_100003_057.jpg → similarity: 0.5028
2026-06-22 10:10:27  DEBUG     [classification.py:45]  face_20260622_095858_806.jpg ↔ face_20260622_100003_057.jpg → similarity: 0.7248
2026-06-22 10:10:27  DEBUG     [classification.py:45]  face_20260622_095900_206.jpg ↔ face_20260622_100003_057.jpg → similarity: 0.7040
2026-06-22 10:10:27  DEBUG     [classification.py:45]  face_20260622_095856_906.jpg ↔ face_20260622_100003_057.jpg → similarity: 0.6957
2026-06-22 10:10:28  DEBUG     [classification.py:45]  face_20260622_095903_607.jpg ↔ face_20260622_100003_057.jpg → similarity: 0.8752
2026-06-22 10:10:28  DEBUG     [classification.py:45]  face_20260622_095904_598.jpg ↔ face_20260622_100003_057.jpg → similarity: 0.3632
2026-06-22 10:10:28  DEBUG     [classification.py:45]  face_20260622_095857_209.jpg ↔ face_20260622_100003_057.jpg → similarity: 0.7412
2026-06-22 10:10:28  DEBUG     [classification.py:45]  face_20260622_095900_906.jpg ↔ face_20260622_100003_057.jpg → similarity: 0.7892
2026-06-22 10:10:28  DEBUG     [classification.py:45]  face_20260622_095901_299.jpg ↔ face_20260622_100003_057.jpg → similarity: 0.6452
2026-06-22 10:10:28  DEBUG     [classification.py:45]  face_20260622_095854_028.jpg ↔ face_20260622_100003_057.jpg → similarity: 0.3515
2026-06-22 10:10:28  DEBUG     [classification.py:45]  face_20260622_095858_906.jpg ↔ face_20260622_100003_057.jpg → similarity: 0.7962
2026-06-22 10:10:28  DEBUG     [classification.py:45]  face_20260622_095859_805.jpg ↔ face_20260622_100003_057.jpg → similarity: 0.7186
2026-06-22 10:10:29  DEBUG     [classification.py:45]  face_20260622_095856_106.jpg ↔ face_20260622_100003_057.jpg → similarity: 0.8284
2026-06-22 10:10:29  DEBUG     [classification.py:45]  face_20260622_095858_006.jpg ↔ face_20260622_100003_057.jpg → similarity: 0.7489
2026-06-22 10:10:29  DEBUG     [classification.py:45]  face_20260622_095859_711.jpg ↔ face_20260622_100003_057.jpg → similarity: 0.8000
2026-06-22 10:10:29  DEBUG     [classification.py:45]  face_20260622_095858_705.jpg ↔ face_20260622_100003_057.jpg → similarity: 0.8073
2026-06-22 10:10:29  DEBUG     [classification.py:45]  face_20260622_095856_811.jpg ↔ face_20260622_100003_057.jpg → similarity: 0.7408
2026-06-22 10:10:29  DEBUG     [classification.py:45]  face_20260622_095901_609.jpg ↔ face_20260622_100003_057.jpg → similarity: 0.7250
2026-06-22 10:10:29  DEBUG     [classification.py:45]  face_20260622_095900_806.jpg ↔ face_20260622_100003_057.jpg → similarity: 0.7216
2026-06-22 10:10:29  DEBUG     [classification.py:45]  face_20260622_095901_906.jpg ↔ face_20260622_100003_057.jpg → similarity: 0.7211
2026-06-22 10:10:30  DEBUG     [classification.py:45]  face_20260622_095857_906.jpg ↔ face_20260622_100003_057.jpg → similarity: 0.6664
2026-06-22 10:10:30  DEBUG     [classification.py:45]  face_20260622_095859_105.jpg ↔ face_20260622_095858_507.jpg → similarity: 1.0000
2026-06-22 10:10:30  INFO      [classification.py:112]    ⏭ Matched face_20260622_095858_507.jpg → person_1 (limit reached, skipped copy)
2026-06-22 10:10:30  DEBUG     [classification.py:45]  face_20260622_095859_105.jpg ↔ face_20260622_095859_404.jpg → similarity: 0.9997
2026-06-22 10:10:30  INFO      [classification.py:112]    ⏭ Matched face_20260622_095859_404.jpg → person_1 (limit reached, skipped copy)
2026-06-22 10:10:30  DEBUG     [classification.py:45]  face_20260622_095859_105.jpg ↔ face_20260622_095856_710.jpg → similarity: 0.9657
2026-06-22 10:10:30  INFO      [classification.py:112]    ⏭ Matched face_20260622_095856_710.jpg → person_1 (limit reached, skipped copy)
2026-06-22 10:10:30  DEBUG     [classification.py:45]  face_20260622_095859_105.jpg ↔ face_20260622_095904_502.jpg → similarity: 0.9838
2026-06-22 10:10:30  INFO      [classification.py:112]    ⏭ Matched face_20260622_095904_502.jpg → person_1 (limit reached, skipped copy)
2026-06-22 10:10:30  DEBUG     [classification.py:45]  face_20260622_095859_105.jpg ↔ face_20260622_095900_005.jpg → similarity: 0.9997
2026-06-22 10:10:30  INFO      [classification.py:112]    ⏭ Matched face_20260622_095900_005.jpg → person_1 (limit reached, skipped copy)
2026-06-22 10:10:30  DEBUG     [classification.py:45]  face_20260622_095859_105.jpg ↔ face_20260622_095854_309.jpg → similarity: 0.9319
2026-06-22 10:10:30  DEBUG     [classification.py:45]  face_20260622_095904_904.jpg ↔ face_20260622_095854_309.jpg → similarity: 0.9736
2026-06-22 10:10:30  INFO      [classification.py:112]    ⏭ Matched face_20260622_095854_309.jpg → person_1 (limit reached, skipped copy)
2026-06-22 10:10:30  DEBUG     [classification.py:45]  face_20260622_095859_105.jpg ↔ face_20260622_095903_905.jpg → similarity: 0.2120
2026-06-22 10:10:30  DEBUG     [classification.py:45]  face_20260622_095904_904.jpg ↔ face_20260622_095903_905.jpg → similarity: 0.2819
2026-06-22 10:10:31  DEBUG     [classification.py:45]  face_20260622_095857_807.jpg ↔ face_20260622_095903_905.jpg → similarity: 0.2784
2026-06-22 10:10:31  DEBUG     [classification.py:45]  face_20260622_095904_800.jpg ↔ face_20260622_095903_905.jpg → similarity: 0.3075
2026-06-22 10:10:31  DEBUG     [classification.py:45]  face_20260622_095858_806.jpg ↔ face_20260622_095903_905.jpg → similarity: 0.1395
2026-06-22 10:10:31  DEBUG     [classification.py:45]  face_20260622_095900_206.jpg ↔ face_20260622_095903_905.jpg → similarity: 0.1792
2026-06-22 10:10:31  DEBUG     [classification.py:45]  face_20260622_095856_906.jpg ↔ face_20260622_095903_905.jpg → similarity: 0.8071
2026-06-22 10:10:31  DEBUG     [classification.py:45]  face_20260622_095903_607.jpg ↔ face_20260622_095903_905.jpg → similarity: 0.8926
2026-06-22 10:10:31  DEBUG     [classification.py:45]  face_20260622_095904_598.jpg ↔ face_20260622_095903_905.jpg → similarity: 0.3003
2026-06-22 10:10:31  DEBUG     [classification.py:45]  face_20260622_095857_209.jpg ↔ face_20260622_095903_905.jpg → similarity: 0.2041
2026-06-22 10:10:31  DEBUG     [classification.py:45]  face_20260622_095900_906.jpg ↔ face_20260622_095903_905.jpg → similarity: 0.1845
2026-06-22 10:10:31  DEBUG     [classification.py:45]  face_20260622_095901_299.jpg ↔ face_20260622_095903_905.jpg → similarity: 0.1904
2026-06-22 10:10:32  DEBUG     [classification.py:45]  face_20260622_095854_028.jpg ↔ face_20260622_095903_905.jpg → similarity: 0.1625
2026-06-22 10:10:32  DEBUG     [classification.py:45]  face_20260622_095858_906.jpg ↔ face_20260622_095903_905.jpg → similarity: 0.1860
2026-06-22 10:10:32  DEBUG     [classification.py:45]  face_20260622_095859_805.jpg ↔ face_20260622_095903_905.jpg → similarity: 0.2684
2026-06-22 10:10:32  DEBUG     [classification.py:45]  face_20260622_095856_106.jpg ↔ face_20260622_095903_905.jpg → similarity: 0.2606
2026-06-22 10:10:32  DEBUG     [classification.py:45]  face_20260622_095858_006.jpg ↔ face_20260622_095903_905.jpg → similarity: 0.1991
2026-06-22 10:10:32  DEBUG     [classification.py:45]  face_20260622_095859_711.jpg ↔ face_20260622_095903_905.jpg → similarity: 0.3103
2026-06-22 10:10:32  DEBUG     [classification.py:45]  face_20260622_095858_705.jpg ↔ face_20260622_095903_905.jpg → similarity: 0.1760
2026-06-22 10:10:32  DEBUG     [classification.py:45]  face_20260622_095856_811.jpg ↔ face_20260622_095903_905.jpg → similarity: 0.3377
2026-06-22 10:10:32  DEBUG     [classification.py:45]  face_20260622_095901_609.jpg ↔ face_20260622_095903_905.jpg → similarity: 0.4569
2026-06-22 10:10:32  DEBUG     [classification.py:45]  face_20260622_095900_806.jpg ↔ face_20260622_095903_905.jpg → similarity: 0.2268
2026-06-22 10:10:32  DEBUG     [classification.py:45]  face_20260622_095901_906.jpg ↔ face_20260622_095903_905.jpg → similarity: 0.2072
2026-06-22 10:10:33  DEBUG     [classification.py:45]  face_20260622_095857_906.jpg ↔ face_20260622_095903_905.jpg → similarity: 0.2855
2026-06-22 10:10:33  DEBUG     [classification.py:45]  face_20260622_095858_507.jpg ↔ face_20260622_095903_905.jpg → similarity: 0.2382
2026-06-22 10:10:33  DEBUG     [classification.py:45]  face_20260622_095859_404.jpg ↔ face_20260622_095903_905.jpg → similarity: 0.2257
2026-06-22 10:10:33  DEBUG     [classification.py:45]  face_20260622_095856_710.jpg ↔ face_20260622_095903_905.jpg → similarity: 0.7006
2026-06-22 10:10:33  DEBUG     [classification.py:45]  face_20260622_095904_502.jpg ↔ face_20260622_095903_905.jpg → similarity: 0.3926
2026-06-22 10:10:33  DEBUG     [classification.py:45]  face_20260622_095900_005.jpg ↔ face_20260622_095903_905.jpg → similarity: 0.1583
2026-06-22 10:10:33  DEBUG     [classification.py:45]  face_20260622_095854_309.jpg ↔ face_20260622_095903_905.jpg → similarity: 0.1491
2026-06-22 10:10:33  DEBUG     [classification.py:45]  face_20260622_095859_105.jpg ↔ face_20260622_095855_907.jpg → similarity: 0.9886
2026-06-22 10:10:33  INFO      [classification.py:112]    ⏭ Matched face_20260622_095855_907.jpg → person_1 (limit reached, skipped copy)
2026-06-22 10:10:33  DEBUG     [classification.py:45]  face_20260622_095859_105.jpg ↔ face_20260622_095901_402.jpg → similarity: 0.9997
2026-06-22 10:10:33  INFO      [classification.py:112]    ⏭ Matched face_20260622_095901_402.jpg → person_1 (limit reached, skipped copy)
2026-06-22 10:10:33  DEBUG     [classification.py:45]  face_20260622_095859_105.jpg ↔ face_20260622_095857_406.jpg → similarity: 0.9990
2026-06-22 10:10:33  INFO      [classification.py:112]    ⏭ Matched face_20260622_095857_406.jpg → person_1 (limit reached, skipped copy)
2026-06-22 10:10:34  DEBUG     [classification.py:45]  face_20260622_095859_105.jpg ↔ face_20260622_095858_307.jpg → similarity: 1.0000
2026-06-22 10:10:34  INFO      [classification.py:112]    ⏭ Matched face_20260622_095858_307.jpg → person_1 (limit reached, skipped copy)
2026-06-22 10:10:34  DEBUG     [classification.py:45]  face_20260622_095859_105.jpg ↔ face_20260622_095859_505.jpg → similarity: 0.9998
2026-06-22 10:10:34  INFO      [classification.py:112]    ⏭ Matched face_20260622_095859_505.jpg → person_1 (limit reached, skipped copy)
2026-06-22 10:10:34  DEBUG     [classification.py:45]  face_20260622_095859_105.jpg ↔ face_20260622_095856_507.jpg → similarity: 0.9205
2026-06-22 10:10:34  DEBUG     [classification.py:45]  face_20260622_095904_904.jpg ↔ face_20260622_095856_507.jpg → similarity: 0.9214
2026-06-22 10:10:34  DEBUG     [classification.py:45]  face_20260622_095857_807.jpg ↔ face_20260622_095856_507.jpg → similarity: 0.9438
2026-06-22 10:10:34  DEBUG     [classification.py:45]  face_20260622_095904_800.jpg ↔ face_20260622_095856_507.jpg → similarity: 0.9152
2026-06-22 10:10:34  DEBUG     [classification.py:45]  face_20260622_095858_806.jpg ↔ face_20260622_095856_507.jpg → similarity: 0.9534
2026-06-22 10:10:34  INFO      [classification.py:112]    ⏭ Matched face_20260622_095856_507.jpg → person_1 (limit reached, skipped copy)
2026-06-22 10:10:34  DEBUG     [classification.py:45]  face_20260622_095859_105.jpg ↔ face_20260622_095859_306.jpg → similarity: 0.9997
2026-06-22 10:10:34  INFO      [classification.py:112]    ⏭ Matched face_20260622_095859_306.jpg → person_1 (limit reached, skipped copy)
2026-06-22 10:10:34  DEBUG     [classification.py:45]  face_20260622_095859_105.jpg ↔ face_20260622_095858_407.jpg → similarity: 1.0000
2026-06-22 10:10:34  INFO      [classification.py:112]    ⏭ Matched face_20260622_095858_407.jpg → person_1 (limit reached, skipped copy)
2026-06-22 10:10:34  DEBUG     [classification.py:45]  face_20260622_095859_105.jpg ↔ face_20260622_095901_205.jpg → similarity: 0.9972
2026-06-22 10:10:34  INFO      [classification.py:112]    ⏭ Matched face_20260622_095901_205.jpg → person_1 (limit reached, skipped copy)
2026-06-22 10:10:35  DEBUG     [classification.py:45]  face_20260622_095859_105.jpg ↔ face_20260622_095857_610.jpg → similarity: 0.9999
2026-06-22 10:10:35  INFO      [classification.py:112]    ⏭ Matched face_20260622_095857_610.jpg → person_1 (limit reached, skipped copy)
2026-06-22 10:10:35  DEBUG     [classification.py:45]  face_20260622_095859_105.jpg ↔ face_20260622_095900_106.jpg → similarity: 0.9992
2026-06-22 10:10:35  INFO      [classification.py:112]    ⏭ Matched face_20260622_095900_106.jpg → person_1 (limit reached, skipped copy)
2026-06-22 10:10:35  DEBUG     [classification.py:45]  face_20260622_095859_105.jpg ↔ face_20260622_095903_701.jpg → similarity: 0.3175
2026-06-22 10:10:35  DEBUG     [classification.py:45]  face_20260622_095904_904.jpg ↔ face_20260622_095903_701.jpg → similarity: 0.6136
2026-06-22 10:10:35  DEBUG     [classification.py:45]  face_20260622_095857_807.jpg ↔ face_20260622_095903_701.jpg → similarity: 0.3200
2026-06-22 10:10:35  DEBUG     [classification.py:45]  face_20260622_095904_800.jpg ↔ face_20260622_095903_701.jpg → similarity: 0.6170
2026-06-22 10:10:35  DEBUG     [classification.py:45]  face_20260622_095858_806.jpg ↔ face_20260622_095903_701.jpg → similarity: 0.2750
2026-06-22 10:10:35  DEBUG     [classification.py:45]  face_20260622_095900_206.jpg ↔ face_20260622_095903_701.jpg → similarity: 0.2418
2026-06-22 10:10:35  DEBUG     [classification.py:45]  face_20260622_095856_906.jpg ↔ face_20260622_095903_701.jpg → similarity: 0.7837
2026-06-22 10:10:35  DEBUG     [classification.py:45]  face_20260622_095903_607.jpg ↔ face_20260622_095903_701.jpg → similarity: 0.7379
2026-06-22 10:10:36  DEBUG     [classification.py:45]  face_20260622_095904_598.jpg ↔ face_20260622_095903_701.jpg → similarity: 0.6263
2026-06-22 10:10:36  DEBUG     [classification.py:45]  face_20260622_095857_209.jpg ↔ face_20260622_095903_701.jpg → similarity: 0.3274
2026-06-22 10:10:36  DEBUG     [classification.py:45]  face_20260622_095900_906.jpg ↔ face_20260622_095903_701.jpg → similarity: 0.2713
2026-06-22 10:10:36  DEBUG     [classification.py:45]  face_20260622_095901_299.jpg ↔ face_20260622_095903_701.jpg → similarity: 0.2893
2026-06-22 10:10:36  DEBUG     [classification.py:45]  face_20260622_095854_028.jpg ↔ face_20260622_095903_701.jpg → similarity: 0.2839
2026-06-22 10:10:36  DEBUG     [classification.py:45]  face_20260622_095858_906.jpg ↔ face_20260622_095903_701.jpg → similarity: 0.2668
2026-06-22 10:10:36  DEBUG     [classification.py:45]  face_20260622_095859_805.jpg ↔ face_20260622_095903_701.jpg → similarity: 0.4096
2026-06-22 10:10:36  DEBUG     [classification.py:45]  face_20260622_095856_106.jpg ↔ face_20260622_095903_701.jpg → similarity: 0.1282
2026-06-22 10:10:36  DEBUG     [classification.py:45]  face_20260622_095858_006.jpg ↔ face_20260622_095903_701.jpg → similarity: 0.2839
2026-06-22 10:10:36  DEBUG     [classification.py:45]  face_20260622_095859_711.jpg ↔ face_20260622_095903_701.jpg → similarity: 0.5520
2026-06-22 10:10:36  DEBUG     [classification.py:45]  face_20260622_095858_705.jpg ↔ face_20260622_095903_701.jpg → similarity: 0.2468
2026-06-22 10:10:37  DEBUG     [classification.py:45]  face_20260622_095856_811.jpg ↔ face_20260622_095903_701.jpg → similarity: 0.4802
2026-06-22 10:10:37  DEBUG     [classification.py:45]  face_20260622_095901_609.jpg ↔ face_20260622_095903_701.jpg → similarity: 0.5332
2026-06-22 10:10:37  DEBUG     [classification.py:45]  face_20260622_095900_806.jpg ↔ face_20260622_095903_701.jpg → similarity: 0.3838
2026-06-22 10:10:37  DEBUG     [classification.py:45]  face_20260622_095901_906.jpg ↔ face_20260622_095903_701.jpg → similarity: 0.2963
2026-06-22 10:10:37  DEBUG     [classification.py:45]  face_20260622_095857_906.jpg ↔ face_20260622_095903_701.jpg → similarity: 0.4880
2026-06-22 10:10:37  DEBUG     [classification.py:45]  face_20260622_095858_507.jpg ↔ face_20260622_095903_701.jpg → similarity: 0.3721
2026-06-22 10:10:37  DEBUG     [classification.py:45]  face_20260622_095859_404.jpg ↔ face_20260622_095903_701.jpg → similarity: 0.3530
2026-06-22 10:10:37  DEBUG     [classification.py:45]  face_20260622_095856_710.jpg ↔ face_20260622_095903_701.jpg → similarity: 0.4880
2026-06-22 10:10:37  DEBUG     [classification.py:45]  face_20260622_095904_502.jpg ↔ face_20260622_095903_701.jpg → similarity: 0.6690
2026-06-22 10:10:37  DEBUG     [classification.py:45]  face_20260622_095900_005.jpg ↔ face_20260622_095903_701.jpg → similarity: 0.2711
2026-06-22 10:10:37  DEBUG     [classification.py:45]  face_20260622_095854_309.jpg ↔ face_20260622_095903_701.jpg → similarity: 0.1959
2026-06-22 10:10:38  DEBUG     [classification.py:45]  face_20260622_095855_907.jpg ↔ face_20260622_095903_701.jpg → similarity: 0.3904
2026-06-22 10:10:38  DEBUG     [classification.py:45]  face_20260622_095901_402.jpg ↔ face_20260622_095903_701.jpg → similarity: 0.3255
2026-06-22 10:10:38  DEBUG     [classification.py:45]  face_20260622_095857_406.jpg ↔ face_20260622_095903_701.jpg → similarity: 0.3558
2026-06-22 10:10:38  DEBUG     [classification.py:45]  face_20260622_095858_307.jpg ↔ face_20260622_095903_701.jpg → similarity: 0.3278
2026-06-22 10:10:38  DEBUG     [classification.py:45]  face_20260622_095859_505.jpg ↔ face_20260622_095903_701.jpg → similarity: 0.3448
2026-06-22 10:10:38  DEBUG     [classification.py:45]  face_20260622_095856_507.jpg ↔ face_20260622_095903_701.jpg → similarity: 0.3139
2026-06-22 10:10:38  DEBUG     [classification.py:45]  face_20260622_095859_306.jpg ↔ face_20260622_095903_701.jpg → similarity: 0.1907
2026-06-22 10:10:38  DEBUG     [classification.py:45]  face_20260622_095858_407.jpg ↔ face_20260622_095903_701.jpg → similarity: 0.2471
2026-06-22 10:10:38  DEBUG     [classification.py:45]  face_20260622_095901_205.jpg ↔ face_20260622_095903_701.jpg → similarity: 0.3589
2026-06-22 10:10:38  DEBUG     [classification.py:45]  face_20260622_095857_610.jpg ↔ face_20260622_095903_701.jpg → similarity: 0.2902
2026-06-22 10:10:39  DEBUG     [classification.py:45]  face_20260622_095900_106.jpg ↔ face_20260622_095903_701.jpg → similarity: 0.5117
2026-06-22 10:10:39  DEBUG     [classification.py:45]  face_20260622_095859_105.jpg ↔ face_20260622_100442_148.jpg → similarity: 0.2269
2026-06-22 10:10:39  DEBUG     [classification.py:45]  face_20260622_095904_904.jpg ↔ face_20260622_100442_148.jpg → similarity: 0.1988
2026-06-22 10:10:39  DEBUG     [classification.py:45]  face_20260622_095857_807.jpg ↔ face_20260622_100442_148.jpg → similarity: 0.3621
2026-06-22 10:10:39  DEBUG     [classification.py:45]  face_20260622_095904_800.jpg ↔ face_20260622_100442_148.jpg → similarity: 0.1663
2026-06-22 10:10:39  DEBUG     [classification.py:45]  face_20260622_095858_806.jpg ↔ face_20260622_100442_148.jpg → similarity: 0.2379
2026-06-22 10:10:39  DEBUG     [classification.py:45]  face_20260622_095900_206.jpg ↔ face_20260622_100442_148.jpg → similarity: 0.2839
2026-06-22 10:10:39  DEBUG     [classification.py:45]  face_20260622_095856_906.jpg ↔ face_20260622_100442_148.jpg → similarity: 0.4420
2026-06-22 10:10:39  DEBUG     [classification.py:45]  face_20260622_095903_607.jpg ↔ face_20260622_100442_148.jpg → similarity: 0.7821
2026-06-22 10:10:40  DEBUG     [classification.py:45]  face_20260622_095904_598.jpg ↔ face_20260622_100442_148.jpg → similarity: 0.1453
2026-06-22 10:10:40  DEBUG     [classification.py:45]  face_20260622_095857_209.jpg ↔ face_20260622_100442_148.jpg → similarity: 0.3447
2026-06-22 10:10:40  DEBUG     [classification.py:45]  face_20260622_095900_906.jpg ↔ face_20260622_100442_148.jpg → similarity: 0.3383
2026-06-22 10:10:40  DEBUG     [classification.py:45]  face_20260622_095901_299.jpg ↔ face_20260622_100442_148.jpg → similarity: 0.2669
2026-06-22 10:10:40  DEBUG     [classification.py:45]  face_20260622_095854_028.jpg ↔ face_20260622_100442_148.jpg → similarity: 0.3173
2026-06-22 10:10:40  DEBUG     [classification.py:45]  face_20260622_095858_906.jpg ↔ face_20260622_100442_148.jpg → similarity: 0.3639
2026-06-22 10:10:40  DEBUG     [classification.py:45]  face_20260622_095859_805.jpg ↔ face_20260622_100442_148.jpg → similarity: 0.2384
2026-06-22 10:10:41  DEBUG     [classification.py:45]  face_20260622_095856_106.jpg ↔ face_20260622_100442_148.jpg → similarity: 0.8886
2026-06-22 10:10:41  DEBUG     [classification.py:45]  face_20260622_095858_006.jpg ↔ face_20260622_100442_148.jpg → similarity: 0.2535
2026-06-22 10:10:41  DEBUG     [classification.py:45]  face_20260622_095859_711.jpg ↔ face_20260622_100442_148.jpg → similarity: 0.3539
2026-06-22 10:10:41  DEBUG     [classification.py:45]  face_20260622_095858_705.jpg ↔ face_20260622_100442_148.jpg → similarity: 0.3225
2026-06-22 10:10:41  DEBUG     [classification.py:45]  face_20260622_095856_811.jpg ↔ face_20260622_100442_148.jpg → similarity: 0.2329
2026-06-22 10:10:41  DEBUG     [classification.py:45]  face_20260622_095901_609.jpg ↔ face_20260622_100442_148.jpg → similarity: 0.3907
2026-06-22 10:10:41  DEBUG     [classification.py:45]  face_20260622_095900_806.jpg ↔ face_20260622_100442_148.jpg → similarity: 0.2468
2026-06-22 10:10:41  DEBUG     [classification.py:45]  face_20260622_095901_906.jpg ↔ face_20260622_100442_148.jpg → similarity: 0.3017
2026-06-22 10:10:41  DEBUG     [classification.py:45]  face_20260622_095857_906.jpg ↔ face_20260622_100442_148.jpg → similarity: 0.2030
2026-06-22 10:10:42  DEBUG     [classification.py:45]  face_20260622_095858_507.jpg ↔ face_20260622_100442_148.jpg → similarity: 0.2365
2026-06-22 10:10:42  DEBUG     [classification.py:45]  face_20260622_095859_404.jpg ↔ face_20260622_100442_148.jpg → similarity: 0.2435
2026-06-22 10:10:42  DEBUG     [classification.py:45]  face_20260622_095856_710.jpg ↔ face_20260622_100442_148.jpg → similarity: 0.6773
2026-06-22 10:10:42  DEBUG     [classification.py:45]  face_20260622_095904_502.jpg ↔ face_20260622_100442_148.jpg → similarity: 0.1580
2026-06-22 10:10:42  DEBUG     [classification.py:45]  face_20260622_095900_005.jpg ↔ face_20260622_100442_148.jpg → similarity: 0.3414
2026-06-22 10:10:42  DEBUG     [classification.py:45]  face_20260622_095854_309.jpg ↔ face_20260622_100442_148.jpg → similarity: 0.3663
2026-06-22 10:10:42  DEBUG     [classification.py:45]  face_20260622_095855_907.jpg ↔ face_20260622_100442_148.jpg → similarity: 0.4651
2026-06-22 10:10:42  DEBUG     [classification.py:45]  face_20260622_095901_402.jpg ↔ face_20260622_100442_148.jpg → similarity: 0.2800
2026-06-22 10:10:43  DEBUG     [classification.py:45]  face_20260622_095857_406.jpg ↔ face_20260622_100442_148.jpg → similarity: 0.3547
2026-06-22 10:10:43  DEBUG     [classification.py:45]  face_20260622_095858_307.jpg ↔ face_20260622_100442_148.jpg → similarity: 0.2458
2026-06-22 10:10:43  DEBUG     [classification.py:45]  face_20260622_095859_505.jpg ↔ face_20260622_100442_148.jpg → similarity: 0.2712
2026-06-22 10:10:43  DEBUG     [classification.py:45]  face_20260622_095856_507.jpg ↔ face_20260622_100442_148.jpg → similarity: 0.5739
2026-06-22 10:10:43  DEBUG     [classification.py:45]  face_20260622_095859_306.jpg ↔ face_20260622_100442_148.jpg → similarity: 0.1479
2026-06-22 10:10:43  DEBUG     [classification.py:45]  face_20260622_095858_407.jpg ↔ face_20260622_100442_148.jpg → similarity: 0.3038
2026-06-22 10:10:43  DEBUG     [classification.py:45]  face_20260622_095901_205.jpg ↔ face_20260622_100442_148.jpg → similarity: 0.6140
2026-06-22 10:10:43  DEBUG     [classification.py:45]  face_20260622_095857_610.jpg ↔ face_20260622_100442_148.jpg → similarity: 0.2273
2026-06-22 10:10:44  DEBUG     [classification.py:45]  face_20260622_095900_106.jpg ↔ face_20260622_100442_148.jpg → similarity: 0.2684
2026-06-22 10:10:44  DEBUG     [classification.py:45]  face_20260622_095859_105.jpg ↔ face_20260622_095858_606.jpg → similarity: 0.9998
2026-06-22 10:10:44  INFO      [classification.py:112]    ⏭ Matched face_20260622_095858_606.jpg → person_1 (limit reached, skipped copy)
2026-06-22 10:10:44  DEBUG     [classification.py:45]  face_20260622_095859_105.jpg ↔ face_20260622_095855_808.jpg → similarity: 0.9827
2026-06-22 10:10:44  INFO      [classification.py:112]    ⏭ Matched face_20260622_095855_808.jpg → person_1 (limit reached, skipped copy)
2026-06-22 10:10:44  DEBUG     [classification.py:45]  face_20260622_095859_105.jpg ↔ face_20260622_095905_200.jpg → similarity: 0.9189
2026-06-22 10:10:44  DEBUG     [classification.py:45]  face_20260622_095904_904.jpg ↔ face_20260622_095905_200.jpg → similarity: 0.9956
2026-06-22 10:10:44  INFO      [classification.py:112]    ⏭ Matched face_20260622_095905_200.jpg → person_1 (limit reached, skipped copy)
2026-06-22 10:10:44  DEBUG     [classification.py:45]  face_20260622_095859_105.jpg ↔ face_20260622_095904_203.jpg → similarity: 0.9907
2026-06-22 10:10:44  INFO      [classification.py:112]    ⏭ Matched face_20260622_095904_203.jpg → person_1 (limit reached, skipped copy)
2026-06-22 10:10:44  DEBUG     [classification.py:45]  face_20260622_095859_105.jpg ↔ face_20260622_095908_512.jpg → similarity: 0.4516
2026-06-22 10:10:44  DEBUG     [classification.py:45]  face_20260622_095904_904.jpg ↔ face_20260622_095908_512.jpg → similarity: 0.1432
2026-06-22 10:10:44  DEBUG     [classification.py:45]  face_20260622_095857_807.jpg ↔ face_20260622_095908_512.jpg → similarity: 0.7130
2026-06-22 10:10:45  DEBUG     [classification.py:45]  face_20260622_095904_800.jpg ↔ face_20260622_095908_512.jpg → similarity: 0.1934
2026-06-22 10:10:45  DEBUG     [classification.py:45]  face_20260622_095858_806.jpg ↔ face_20260622_095908_512.jpg → similarity: 0.5368
2026-06-22 10:10:45  DEBUG     [classification.py:45]  face_20260622_095900_206.jpg ↔ face_20260622_095908_512.jpg → similarity: 0.3608
2026-06-22 10:10:45  DEBUG     [classification.py:45]  face_20260622_095856_906.jpg ↔ face_20260622_095908_512.jpg → similarity: 0.2119
2026-06-22 10:10:45  DEBUG     [classification.py:45]  face_20260622_095903_607.jpg ↔ face_20260622_095908_512.jpg → similarity: 0.5615
2026-06-22 10:10:45  DEBUG     [classification.py:45]  face_20260622_095904_598.jpg ↔ face_20260622_095908_512.jpg → similarity: 0.1242
2026-06-22 10:10:45  DEBUG     [classification.py:45]  face_20260622_095857_209.jpg ↔ face_20260622_095908_512.jpg → similarity: 0.3430
2026-06-22 10:10:46  DEBUG     [classification.py:45]  face_20260622_095900_906.jpg ↔ face_20260622_095908_512.jpg → similarity: 0.5083
2026-06-22 10:10:46  DEBUG     [classification.py:45]  face_20260622_095901_299.jpg ↔ face_20260622_095908_512.jpg → similarity: 0.3439
2026-06-22 10:10:46  DEBUG     [classification.py:45]  face_20260622_095854_028.jpg ↔ face_20260622_095908_512.jpg → similarity: 0.2963
2026-06-22 10:10:46  DEBUG     [classification.py:45]  face_20260622_095858_906.jpg ↔ face_20260622_095908_512.jpg → similarity: 0.6139
2026-06-22 10:10:46  DEBUG     [classification.py:45]  face_20260622_095859_805.jpg ↔ face_20260622_095908_512.jpg → similarity: 0.4052
2026-06-22 10:10:46  DEBUG     [classification.py:45]  face_20260622_095856_106.jpg ↔ face_20260622_095908_512.jpg → similarity: 0.3341
2026-06-22 10:10:46  DEBUG     [classification.py:45]  face_20260622_095858_006.jpg ↔ face_20260622_095908_512.jpg → similarity: 0.5912
2026-06-22 10:10:47  DEBUG     [classification.py:45]  face_20260622_095859_711.jpg ↔ face_20260622_095908_512.jpg → similarity: 0.3782
2026-06-22 10:10:47  DEBUG     [classification.py:45]  face_20260622_095858_705.jpg ↔ face_20260622_095908_512.jpg → similarity: 0.7090
2026-06-22 10:10:47  DEBUG     [classification.py:45]  face_20260622_095856_811.jpg ↔ face_20260622_095908_512.jpg → similarity: 0.3277
2026-06-22 10:10:47  DEBUG     [classification.py:45]  face_20260622_095901_609.jpg ↔ face_20260622_095908_512.jpg → similarity: 0.2041
2026-06-22 10:10:47  DEBUG     [classification.py:45]  face_20260622_095900_806.jpg ↔ face_20260622_095908_512.jpg → similarity: 0.3607
2026-06-22 10:10:47  DEBUG     [classification.py:45]  face_20260622_095901_906.jpg ↔ face_20260622_095908_512.jpg → similarity: 0.4340
2026-06-22 10:10:47  DEBUG     [classification.py:45]  face_20260622_095857_906.jpg ↔ face_20260622_095908_512.jpg → similarity: 0.3699
2026-06-22 10:10:47  DEBUG     [classification.py:45]  face_20260622_095858_507.jpg ↔ face_20260622_095908_512.jpg → similarity: 0.5167
2026-06-22 10:10:48  DEBUG     [classification.py:45]  face_20260622_095859_404.jpg ↔ face_20260622_095908_512.jpg → similarity: 0.5387
2026-06-22 10:10:48  DEBUG     [classification.py:45]  face_20260622_095856_710.jpg ↔ face_20260622_095908_512.jpg → similarity: 0.5056
2026-06-22 10:10:48  DEBUG     [classification.py:45]  face_20260622_095904_502.jpg ↔ face_20260622_095908_512.jpg → similarity: 0.1951
2026-06-22 10:10:48  DEBUG     [classification.py:45]  face_20260622_095900_005.jpg ↔ face_20260622_095908_512.jpg → similarity: 0.6330
2026-06-22 10:10:48  DEBUG     [classification.py:45]  face_20260622_095854_309.jpg ↔ face_20260622_095908_512.jpg → similarity: 0.2192
2026-06-22 10:10:48  DEBUG     [classification.py:45]  face_20260622_095855_907.jpg ↔ face_20260622_095908_512.jpg → similarity: 0.3264
2026-06-22 10:10:48  DEBUG     [classification.py:45]  face_20260622_095901_402.jpg ↔ face_20260622_095908_512.jpg → similarity: 0.4424
2026-06-22 10:10:49  DEBUG     [classification.py:45]  face_20260622_095857_406.jpg ↔ face_20260622_095908_512.jpg → similarity: 0.5287
2026-06-22 10:10:49  DEBUG     [classification.py:45]  face_20260622_095858_307.jpg ↔ face_20260622_095908_512.jpg → similarity: 0.4915
2026-06-22 10:10:49  DEBUG     [classification.py:45]  face_20260622_095859_505.jpg ↔ face_20260622_095908_512.jpg → similarity: 0.5586
2026-06-22 10:10:49  DEBUG     [classification.py:45]  face_20260622_095856_507.jpg ↔ face_20260622_095908_512.jpg → similarity: 0.4045
2026-06-22 10:10:49  DEBUG     [classification.py:45]  face_20260622_095859_306.jpg ↔ face_20260622_095908_512.jpg → similarity: 0.4366
2026-06-22 10:10:49  DEBUG     [classification.py:45]  face_20260622_095858_407.jpg ↔ face_20260622_095908_512.jpg → similarity: 0.6059
2026-06-22 10:10:49  DEBUG     [classification.py:45]  face_20260622_095901_205.jpg ↔ face_20260622_095908_512.jpg → similarity: 0.3019
2026-06-22 10:10:50  DEBUG     [classification.py:45]  face_20260622_095857_610.jpg ↔ face_20260622_095908_512.jpg → similarity: 0.5501
2026-06-22 10:10:50  DEBUG     [classification.py:45]  face_20260622_095900_106.jpg ↔ face_20260622_095908_512.jpg → similarity: 0.4689
2026-06-22 10:10:50  DEBUG     [classification.py:45]  face_20260622_095858_606.jpg ↔ face_20260622_095908_512.jpg → similarity: 0.4531
2026-06-22 10:10:50  DEBUG     [classification.py:45]  face_20260622_095855_808.jpg ↔ face_20260622_095908_512.jpg → similarity: 0.3100
2026-06-22 10:10:50  DEBUG     [classification.py:45]  face_20260622_095905_200.jpg ↔ face_20260622_095908_512.jpg → similarity: 0.1947
2026-06-22 10:10:50  DEBUG     [classification.py:45]  face_20260622_095904_203.jpg ↔ face_20260622_095908_512.jpg → similarity: 0.2514
2026-06-22 10:10:50  DEBUG     [classification.py:45]  face_20260622_095859_105.jpg ↔ face_20260622_095856_006.jpg → similarity: 0.9822
2026-06-22 10:10:50  INFO      [classification.py:112]    ⏭ Matched face_20260622_095856_006.jpg → person_1 (limit reached, skipped copy)
2026-06-22 10:10:50  DEBUG     [classification.py:45]  face_20260622_095859_105.jpg ↔ face_20260622_095901_805.jpg → similarity: 0.9982
2026-06-22 10:10:50  INFO      [classification.py:112]    ⏭ Matched face_20260622_095901_805.jpg → person_1 (limit reached, skipped copy)
2026-06-22 10:10:51  DEBUG     [classification.py:45]  face_20260622_095859_105.jpg ↔ face_20260622_095905_304.jpg → similarity: 0.9553
2026-06-22 10:10:51  INFO      [classification.py:112]    ⏭ Matched face_20260622_095905_304.jpg → person_1 (limit reached, skipped copy)
2026-06-22 10:10:51  DEBUG     [classification.py:45]  face_20260622_095859_105.jpg ↔ face_20260622_095859_006.jpg → similarity: 1.0000
2026-06-22 10:10:51  INFO      [classification.py:112]    ⏭ Matched face_20260622_095859_006.jpg → person_1 (limit reached, skipped copy)
2026-06-22 10:10:51  DEBUG     [classification.py:45]  face_20260622_095859_105.jpg ↔ face_20260622_095901_005.jpg → similarity: 0.9995
2026-06-22 10:10:51  INFO      [classification.py:112]    ⏭ Matched face_20260622_095901_005.jpg → person_1 (limit reached, skipped copy)
2026-06-22 10:10:51  DEBUG     [classification.py:45]  face_20260622_095859_105.jpg ↔ face_20260622_095857_510.jpg → similarity: 0.9998
2026-06-22 10:10:51  INFO      [classification.py:112]    ⏭ Matched face_20260622_095857_510.jpg → person_1 (limit reached, skipped copy)
2026-06-22 10:10:51  DEBUG     [classification.py:45]  face_20260622_095859_105.jpg ↔ face_20260622_095859_605.jpg → similarity: 0.9996
2026-06-22 10:10:51  INFO      [classification.py:112]    ⏭ Matched face_20260622_095859_605.jpg → person_1 (limit reached, skipped copy)
2026-06-22 10:10:51  DEBUG     [classification.py:45]  face_20260622_095859_105.jpg ↔ face_20260622_095900_405.jpg → similarity: 0.9987
2026-06-22 10:10:51  INFO      [classification.py:112]    ⏭ Matched face_20260622_095900_405.jpg → person_1 (limit reached, skipped copy)
2026-06-22 10:10:51  DEBUG     [classification.py:45]  face_20260622_095859_105.jpg ↔ face_20260622_095904_304.jpg → similarity: 0.9817
2026-06-22 10:10:51  INFO      [classification.py:112]    ⏭ Matched face_20260622_095904_304.jpg → person_1 (limit reached, skipped copy)
2026-06-22 10:10:51  DEBUG     [classification.py:45]  face_20260622_095859_105.jpg ↔ face_20260622_095857_011.jpg → similarity: 0.9995
2026-06-22 10:10:51  INFO      [classification.py:112]    ⏭ Matched face_20260622_095857_011.jpg → person_1 (limit reached, skipped copy)
2026-06-22 10:10:51  DEBUG     [classification.py:45]  face_20260622_095859_105.jpg ↔ face_20260622_095854_810.jpg → similarity: 0.9648
2026-06-22 10:10:51  INFO      [classification.py:112]    ⏭ Matched face_20260622_095854_810.jpg → person_1 (limit reached, skipped copy)
2026-06-22 10:10:52  DEBUG     [classification.py:45]  face_20260622_095859_105.jpg ↔ face_20260622_095901_705.jpg → similarity: 0.9921
2026-06-22 10:10:52  INFO      [classification.py:112]    ⏭ Matched face_20260622_095901_705.jpg → person_1 (limit reached, skipped copy)
2026-06-22 10:10:52  DEBUG     [classification.py:45]  face_20260622_095859_105.jpg ↔ face_20260622_095858_206.jpg → similarity: 0.9998
2026-06-22 10:10:52  INFO      [classification.py:112]    ⏭ Matched face_20260622_095858_206.jpg → person_1 (limit reached, skipped copy)
2026-06-22 10:10:52  DEBUG     [classification.py:45]  face_20260622_095859_105.jpg ↔ face_20260622_095900_610.jpg → similarity: 0.9998
2026-06-22 10:10:52  INFO      [classification.py:112]    ⏭ Matched face_20260622_095900_610.jpg → person_1 (limit reached, skipped copy)
2026-06-22 10:10:52  DEBUG     [classification.py:45]  face_20260622_095859_105.jpg ↔ face_20260622_095900_500.jpg → similarity: 0.9999
2026-06-22 10:10:52  INFO      [classification.py:112]    ⏭ Matched face_20260622_095900_500.jpg → person_1 (limit reached, skipped copy)
2026-06-22 10:10:52  DEBUG     [classification.py:45]  face_20260622_095859_105.jpg ↔ face_20260622_095859_906.jpg → similarity: 0.9999
2026-06-22 10:10:52  INFO      [classification.py:112]    ⏭ Matched face_20260622_095859_906.jpg → person_1 (limit reached, skipped copy)
2026-06-22 10:10:52  DEBUG     [classification.py:45]  face_20260622_095859_105.jpg ↔ face_20260622_095858_106.jpg → similarity: 0.9999
2026-06-22 10:10:52  INFO      [classification.py:112]    ⏭ Matched face_20260622_095858_106.jpg → person_1 (limit reached, skipped copy)
2026-06-22 10:10:52  DEBUG     [classification.py:45]  face_20260622_095859_105.jpg ↔ face_20260622_095900_307.jpg → similarity: 0.9997
2026-06-22 10:10:52  INFO      [classification.py:112]    ⏭ Matched face_20260622_095900_307.jpg → person_1 (limit reached, skipped copy)
2026-06-22 10:10:52  DEBUG     [classification.py:45]  face_20260622_095859_105.jpg ↔ face_20260622_100003_163.jpg → similarity: 0.1921
2026-06-22 10:10:52  DEBUG     [classification.py:45]  face_20260622_095904_904.jpg ↔ face_20260622_100003_163.jpg → similarity: 0.3125
2026-06-22 10:10:52  DEBUG     [classification.py:45]  face_20260622_095857_807.jpg ↔ face_20260622_100003_163.jpg → similarity: 0.4091
2026-06-22 10:10:53  DEBUG     [classification.py:45]  face_20260622_095904_800.jpg ↔ face_20260622_100003_163.jpg → similarity: 0.3624
2026-06-22 10:10:53  DEBUG     [classification.py:45]  face_20260622_095858_806.jpg ↔ face_20260622_100003_163.jpg → similarity: 0.2865
2026-06-22 10:10:53  DEBUG     [classification.py:45]  face_20260622_095900_206.jpg ↔ face_20260622_100003_163.jpg → similarity: 0.1990
2026-06-22 10:10:53  DEBUG     [classification.py:45]  face_20260622_095856_906.jpg ↔ face_20260622_100003_163.jpg → similarity: 0.5379
2026-06-22 10:10:53  DEBUG     [classification.py:45]  face_20260622_095903_607.jpg ↔ face_20260622_100003_163.jpg → similarity: 0.4696
2026-06-22 10:10:53  DEBUG     [classification.py:45]  face_20260622_095904_598.jpg ↔ face_20260622_100003_163.jpg → similarity: 0.2167
2026-06-22 10:10:53  DEBUG     [classification.py:45]  face_20260622_095857_209.jpg ↔ face_20260622_100003_163.jpg → similarity: 0.4104
2026-06-22 10:10:54  DEBUG     [classification.py:45]  face_20260622_095900_906.jpg ↔ face_20260622_100003_163.jpg → similarity: 0.2357
2026-06-22 10:10:54  DEBUG     [classification.py:45]  face_20260622_095901_299.jpg ↔ face_20260622_100003_163.jpg → similarity: 0.1809
2026-06-22 10:10:54  DEBUG     [classification.py:45]  face_20260622_095854_028.jpg ↔ face_20260622_100003_163.jpg → similarity: 0.3153
2026-06-22 10:10:54  DEBUG     [classification.py:45]  face_20260622_095858_906.jpg ↔ face_20260622_100003_163.jpg → similarity: 0.3908
2026-06-22 10:10:54  DEBUG     [classification.py:45]  face_20260622_095859_805.jpg ↔ face_20260622_100003_163.jpg → similarity: 0.2714
2026-06-22 10:10:54  DEBUG     [classification.py:45]  face_20260622_095856_106.jpg ↔ face_20260622_100003_163.jpg → similarity: 0.4372
2026-06-22 10:10:54  DEBUG     [classification.py:45]  face_20260622_095858_006.jpg ↔ face_20260622_100003_163.jpg → similarity: 0.3098
2026-06-22 10:10:54  DEBUG     [classification.py:45]  face_20260622_095859_711.jpg ↔ face_20260622_100003_163.jpg → similarity: 0.4106
2026-06-22 10:10:55  DEBUG     [classification.py:45]  face_20260622_095858_705.jpg ↔ face_20260622_100003_163.jpg → similarity: 0.2659
2026-06-22 10:10:55  DEBUG     [classification.py:45]  face_20260622_095856_811.jpg ↔ face_20260622_100003_163.jpg → similarity: 0.1987
2026-06-22 10:10:55  DEBUG     [classification.py:45]  face_20260622_095901_609.jpg ↔ face_20260622_100003_163.jpg → similarity: 0.2804
2026-06-22 10:10:55  DEBUG     [classification.py:45]  face_20260622_095900_806.jpg ↔ face_20260622_100003_163.jpg → similarity: 0.2569
2026-06-22 10:10:55  DEBUG     [classification.py:45]  face_20260622_095901_906.jpg ↔ face_20260622_100003_163.jpg → similarity: 0.2278
2026-06-22 10:10:55  DEBUG     [classification.py:45]  face_20260622_095857_906.jpg ↔ face_20260622_100003_163.jpg → similarity: 0.2923
2026-06-22 10:10:55  DEBUG     [classification.py:45]  face_20260622_095858_507.jpg ↔ face_20260622_100003_163.jpg → similarity: 0.2603
2026-06-22 10:10:55  DEBUG     [classification.py:45]  face_20260622_095859_404.jpg ↔ face_20260622_100003_163.jpg → similarity: 0.3562
2026-06-22 10:10:56  DEBUG     [classification.py:45]  face_20260622_095856_710.jpg ↔ face_20260622_100003_163.jpg → similarity: 0.6207
2026-06-22 10:10:56  DEBUG     [classification.py:45]  face_20260622_095904_502.jpg ↔ face_20260622_100003_163.jpg → similarity: 0.2516
2026-06-22 10:10:56  DEBUG     [classification.py:45]  face_20260622_095900_005.jpg ↔ face_20260622_100003_163.jpg → similarity: 0.3577
2026-06-22 10:10:56  DEBUG     [classification.py:45]  face_20260622_095854_309.jpg ↔ face_20260622_100003_163.jpg → similarity: 0.3322
2026-06-22 10:10:56  DEBUG     [classification.py:45]  face_20260622_095855_907.jpg ↔ face_20260622_100003_163.jpg → similarity: 0.2428
2026-06-22 10:10:56  DEBUG     [classification.py:45]  face_20260622_095901_402.jpg ↔ face_20260622_100003_163.jpg → similarity: 0.2268
2026-06-22 10:10:56  DEBUG     [classification.py:45]  face_20260622_095857_406.jpg ↔ face_20260622_100003_163.jpg → similarity: 0.5366
2026-06-22 10:10:56  DEBUG     [classification.py:45]  face_20260622_095858_307.jpg ↔ face_20260622_100003_163.jpg → similarity: 0.2733
2026-06-22 10:10:57  DEBUG     [classification.py:45]  face_20260622_095859_505.jpg ↔ face_20260622_100003_163.jpg → similarity: 0.4354
2026-06-22 10:10:57  DEBUG     [classification.py:45]  face_20260622_095856_507.jpg ↔ face_20260622_100003_163.jpg → similarity: 0.1902
2026-06-22 10:10:57  DEBUG     [classification.py:45]  face_20260622_095859_306.jpg ↔ face_20260622_100003_163.jpg → similarity: 0.1573
2026-06-22 10:10:57  DEBUG     [classification.py:45]  face_20260622_095858_407.jpg ↔ face_20260622_100003_163.jpg → similarity: 0.2361
2026-06-22 10:10:57  DEBUG     [classification.py:45]  face_20260622_095901_205.jpg ↔ face_20260622_100003_163.jpg → similarity: 0.3349
2026-06-22 10:10:57  DEBUG     [classification.py:45]  face_20260622_095857_610.jpg ↔ face_20260622_100003_163.jpg → similarity: 0.2798
2026-06-22 10:10:57  DEBUG     [classification.py:45]  face_20260622_095900_106.jpg ↔ face_20260622_100003_163.jpg → similarity: 0.3809
2026-06-22 10:10:58  DEBUG     [classification.py:45]  face_20260622_095858_606.jpg ↔ face_20260622_100003_163.jpg → similarity: 0.3028
2026-06-22 10:10:58  DEBUG     [classification.py:45]  face_20260622_095855_808.jpg ↔ face_20260622_100003_163.jpg → similarity: 0.3700
2026-06-22 10:10:58  DEBUG     [classification.py:45]  face_20260622_095905_200.jpg ↔ face_20260622_100003_163.jpg → similarity: 0.3186
2026-06-22 10:10:58  DEBUG     [classification.py:45]  face_20260622_095904_203.jpg ↔ face_20260622_100003_163.jpg → similarity: 0.3005
2026-06-22 10:10:58  DEBUG     [classification.py:45]  face_20260622_095856_006.jpg ↔ face_20260622_100003_163.jpg → similarity: 0.4087
2026-06-22 10:10:58  DEBUG     [classification.py:45]  face_20260622_095901_805.jpg ↔ face_20260622_100003_163.jpg → similarity: 0.2369
2026-06-22 10:10:58  DEBUG     [classification.py:45]  face_20260622_095905_304.jpg ↔ face_20260622_100003_163.jpg → similarity: 0.3202
2026-06-22 10:10:58  DEBUG     [classification.py:45]  face_20260622_095859_006.jpg ↔ face_20260622_100003_163.jpg → similarity: 0.2352
2026-06-22 10:10:59  DEBUG     [classification.py:45]  face_20260622_095901_005.jpg ↔ face_20260622_100003_163.jpg → similarity: 0.1308
2026-06-22 10:10:59  DEBUG     [classification.py:45]  face_20260622_095857_510.jpg ↔ face_20260622_100003_163.jpg → similarity: 0.4487
2026-06-22 10:10:59  DEBUG     [classification.py:45]  face_20260622_095859_605.jpg ↔ face_20260622_100003_163.jpg → similarity: 0.5014
2026-06-22 10:10:59  DEBUG     [classification.py:45]  face_20260622_095900_405.jpg ↔ face_20260622_100003_163.jpg → similarity: 0.5159
2026-06-22 10:10:59  DEBUG     [classification.py:45]  face_20260622_095904_304.jpg ↔ face_20260622_100003_163.jpg → similarity: 0.2216
2026-06-22 10:10:59  DEBUG     [classification.py:45]  face_20260622_095857_011.jpg ↔ face_20260622_100003_163.jpg → similarity: 0.3010
2026-06-22 10:10:59  DEBUG     [classification.py:45]  face_20260622_095854_810.jpg ↔ face_20260622_100003_163.jpg → similarity: 0.4858
2026-06-22 10:10:59  DEBUG     [classification.py:45]  face_20260622_095901_705.jpg ↔ face_20260622_100003_163.jpg → similarity: 0.1871
2026-06-22 10:11:00  DEBUG     [classification.py:45]  face_20260622_095858_206.jpg ↔ face_20260622_100003_163.jpg → similarity: 0.3327
2026-06-22 10:11:00  DEBUG     [classification.py:45]  face_20260622_095900_610.jpg ↔ face_20260622_100003_163.jpg → similarity: 0.3313
2026-06-22 10:11:00  DEBUG     [classification.py:45]  face_20260622_095900_500.jpg ↔ face_20260622_100003_163.jpg → similarity: 0.3651
2026-06-22 10:11:00  DEBUG     [classification.py:45]  face_20260622_095859_906.jpg ↔ face_20260622_100003_163.jpg → similarity: 0.4550
2026-06-22 10:11:00  DEBUG     [classification.py:45]  face_20260622_095858_106.jpg ↔ face_20260622_100003_163.jpg → similarity: 0.2199
2026-06-22 10:11:00  DEBUG     [classification.py:45]  face_20260622_095900_307.jpg ↔ face_20260622_100003_163.jpg → similarity: 0.2344
2026-06-22 10:11:00  DEBUG     [classification.py:45]  face_20260622_095859_105.jpg ↔ face_20260622_095855_509.jpg → similarity: 0.7900
2026-06-22 10:11:00  DEBUG     [classification.py:45]  face_20260622_095904_904.jpg ↔ face_20260622_095855_509.jpg → similarity: 0.7796
2026-06-22 10:11:01  DEBUG     [classification.py:45]  face_20260622_095857_807.jpg ↔ face_20260622_095855_509.jpg → similarity: 0.8827
2026-06-22 10:11:01  DEBUG     [classification.py:45]  face_20260622_095904_800.jpg ↔ face_20260622_095855_509.jpg → similarity: 0.7833
2026-06-22 10:11:01  DEBUG     [classification.py:45]  face_20260622_095858_806.jpg ↔ face_20260622_095855_509.jpg → similarity: 0.8265
2026-06-22 10:11:01  DEBUG     [classification.py:45]  face_20260622_095900_206.jpg ↔ face_20260622_095855_509.jpg → similarity: 0.6972
2026-06-22 10:11:01  DEBUG     [classification.py:45]  face_20260622_095856_906.jpg ↔ face_20260622_095855_509.jpg → similarity: 0.7985
2026-06-22 10:11:01  DEBUG     [classification.py:45]  face_20260622_095903_607.jpg ↔ face_20260622_095855_509.jpg → similarity: 0.9446
2026-06-22 10:11:01  DEBUG     [classification.py:45]  face_20260622_095904_598.jpg ↔ face_20260622_095855_509.jpg → similarity: 0.7664
2026-06-22 10:11:01  DEBUG     [classification.py:45]  face_20260622_095857_209.jpg ↔ face_20260622_095855_509.jpg → similarity: 0.7869
2026-06-22 10:11:01  DEBUG     [classification.py:45]  face_20260622_095900_906.jpg ↔ face_20260622_095855_509.jpg → similarity: 0.8895
2026-06-22 10:11:01  DEBUG     [classification.py:45]  face_20260622_095901_299.jpg ↔ face_20260622_095855_509.jpg → similarity: 0.8170
2026-06-22 10:11:02  DEBUG     [classification.py:45]  face_20260622_095854_028.jpg ↔ face_20260622_095855_509.jpg → similarity: 0.9792
2026-06-22 10:11:02  INFO      [classification.py:112]    ⏭ Matched face_20260622_095855_509.jpg → person_1 (limit reached, skipped copy)
2026-06-22 10:11:02  DEBUG     [classification.py:45]  face_20260622_095859_105.jpg ↔ face_20260622_095904_704.jpg → similarity: 0.9927
2026-06-22 10:11:02  INFO      [classification.py:112]    ⏭ Matched face_20260622_095904_704.jpg → person_1 (limit reached, skipped copy)
2026-06-22 10:11:02  DEBUG     [classification.py:45]  face_20260622_095859_105.jpg ↔ face_20260622_095905_002.jpg → similarity: 0.9758
2026-06-22 10:11:02  INFO      [classification.py:112]    ⏭ Matched face_20260622_095905_002.jpg → person_1 (limit reached, skipped copy)
2026-06-22 10:11:02  DEBUG     [classification.py:45]  face_20260622_095859_105.jpg ↔ face_20260622_095905_104.jpg → similarity: 0.9878
2026-06-22 10:11:02  INFO      [classification.py:112]    ⏭ Matched face_20260622_095905_104.jpg → person_1 (limit reached, skipped copy)
2026-06-22 10:11:02  DEBUG     [classification.py:45]  face_20260622_095859_105.jpg ↔ face_20260622_095904_104.jpg → similarity: 0.9943
2026-06-22 10:11:02  INFO      [classification.py:112]    ⏭ Matched face_20260622_095904_104.jpg → person_1 (limit reached, skipped copy)
2026-06-22 10:11:02  DEBUG     [classification.py:45]  face_20260622_095859_105.jpg ↔ face_20260622_095901_105.jpg → similarity: 0.9928
2026-06-22 10:11:02  INFO      [classification.py:112]    ⏭ Matched face_20260622_095901_105.jpg → person_1 (limit reached, skipped copy)
2026-06-22 10:11:02  DEBUG     [classification.py:45]  face_20260622_095859_105.jpg ↔ face_20260622_095857_703.jpg → similarity: 0.9999
2026-06-22 10:11:02  INFO      [classification.py:112]    ⏭ Matched face_20260622_095857_703.jpg → person_1 (limit reached, skipped copy)
2026-06-22 10:11:02  DEBUG     [classification.py:45]  face_20260622_095859_105.jpg ↔ face_20260622_095910_513.jpg → similarity: 0.5951
2026-06-22 10:11:02  DEBUG     [classification.py:45]  face_20260622_095904_904.jpg ↔ face_20260622_095910_513.jpg → similarity: 0.1391
2026-06-22 10:11:03  DEBUG     [classification.py:45]  face_20260622_095857_807.jpg ↔ face_20260622_095910_513.jpg → similarity: 0.7772
2026-06-22 10:11:03  DEBUG     [classification.py:45]  face_20260622_095904_800.jpg ↔ face_20260622_095910_513.jpg → similarity: 0.1618
2026-06-22 10:11:03  DEBUG     [classification.py:45]  face_20260622_095858_806.jpg ↔ face_20260622_095910_513.jpg → similarity: 0.6554
2026-06-22 10:11:03  DEBUG     [classification.py:45]  face_20260622_095900_206.jpg ↔ face_20260622_095910_513.jpg → similarity: 0.4138
2026-06-22 10:11:03  DEBUG     [classification.py:45]  face_20260622_095856_906.jpg ↔ face_20260622_095910_513.jpg → similarity: 0.1568
2026-06-22 10:11:03  DEBUG     [classification.py:45]  face_20260622_095903_607.jpg ↔ face_20260622_095910_513.jpg → similarity: 0.3699
2026-06-22 10:11:03  DEBUG     [classification.py:45]  face_20260622_095904_598.jpg ↔ face_20260622_095910_513.jpg → similarity: 0.1291
2026-06-22 10:11:03  DEBUG     [classification.py:45]  face_20260622_095857_209.jpg ↔ face_20260622_095910_513.jpg → similarity: 0.3476
2026-06-22 10:11:04  DEBUG     [classification.py:45]  face_20260622_095900_906.jpg ↔ face_20260622_095910_513.jpg → similarity: 0.6056
2026-06-22 10:11:04  DEBUG     [classification.py:45]  face_20260622_095901_299.jpg ↔ face_20260622_095910_513.jpg → similarity: 0.4949
2026-06-22 10:11:04  DEBUG     [classification.py:45]  face_20260622_095854_028.jpg ↔ face_20260622_095910_513.jpg → similarity: 0.3171
2026-06-22 10:11:04  DEBUG     [classification.py:45]  face_20260622_095858_906.jpg ↔ face_20260622_095910_513.jpg → similarity: 0.6747
2026-06-22 10:11:04  DEBUG     [classification.py:45]  face_20260622_095859_805.jpg ↔ face_20260622_095910_513.jpg → similarity: 0.4648
2026-06-22 10:11:04  DEBUG     [classification.py:45]  face_20260622_095856_106.jpg ↔ face_20260622_095910_513.jpg → similarity: 0.2906
2026-06-22 10:11:04  DEBUG     [classification.py:45]  face_20260622_095858_006.jpg ↔ face_20260622_095910_513.jpg → similarity: 0.7445
2026-06-22 10:11:04  DEBUG     [classification.py:45]  face_20260622_095859_711.jpg ↔ face_20260622_095910_513.jpg → similarity: 0.3708
2026-06-22 10:11:05  DEBUG     [classification.py:45]  face_20260622_095858_705.jpg ↔ face_20260622_095910_513.jpg → similarity: 0.8048
2026-06-22 10:11:05  DEBUG     [classification.py:45]  face_20260622_095856_811.jpg ↔ face_20260622_095910_513.jpg → similarity: 0.3864
2026-06-22 10:11:05  DEBUG     [classification.py:45]  face_20260622_095901_609.jpg ↔ face_20260622_095910_513.jpg → similarity: 0.2524
2026-06-22 10:11:05  DEBUG     [classification.py:45]  face_20260622_095900_806.jpg ↔ face_20260622_095910_513.jpg → similarity: 0.4655
2026-06-22 10:11:05  DEBUG     [classification.py:45]  face_20260622_095901_906.jpg ↔ face_20260622_095910_513.jpg → similarity: 0.4968
2026-06-22 10:11:05  DEBUG     [classification.py:45]  face_20260622_095857_906.jpg ↔ face_20260622_095910_513.jpg → similarity: 0.5122
2026-06-22 10:11:05  DEBUG     [classification.py:45]  face_20260622_095858_507.jpg ↔ face_20260622_095910_513.jpg → similarity: 0.7060
2026-06-22 10:11:06  DEBUG     [classification.py:45]  face_20260622_095859_404.jpg ↔ face_20260622_095910_513.jpg → similarity: 0.6540
2026-06-22 10:11:06  DEBUG     [classification.py:45]  face_20260622_095856_710.jpg ↔ face_20260622_095910_513.jpg → similarity: 0.4046
2026-06-22 10:11:06  DEBUG     [classification.py:45]  face_20260622_095904_502.jpg ↔ face_20260622_095910_513.jpg → similarity: 0.1471
2026-06-22 10:11:06  DEBUG     [classification.py:45]  face_20260622_095900_005.jpg ↔ face_20260622_095910_513.jpg → similarity: 0.6593
2026-06-22 10:11:06  DEBUG     [classification.py:45]  face_20260622_095854_309.jpg ↔ face_20260622_095910_513.jpg → similarity: 0.3065
2026-06-22 10:11:06  DEBUG     [classification.py:45]  face_20260622_095855_907.jpg ↔ face_20260622_095910_513.jpg → similarity: 0.2532
2026-06-22 10:11:06  DEBUG     [classification.py:45]  face_20260622_095901_402.jpg ↔ face_20260622_095910_513.jpg → similarity: 0.5143
2026-06-22 10:11:06  DEBUG     [classification.py:45]  face_20260622_095857_406.jpg ↔ face_20260622_095910_513.jpg → similarity: 0.5111
2026-06-22 10:11:07  DEBUG     [classification.py:45]  face_20260622_095858_307.jpg ↔ face_20260622_095910_513.jpg → similarity: 0.6108
2026-06-22 10:11:07  DEBUG     [classification.py:45]  face_20260622_095859_505.jpg ↔ face_20260622_095910_513.jpg → similarity: 0.6452
2026-06-22 10:11:07  DEBUG     [classification.py:45]  face_20260622_095856_507.jpg ↔ face_20260622_095910_513.jpg → similarity: 0.2538
2026-06-22 10:11:07  DEBUG     [classification.py:45]  face_20260622_095859_306.jpg ↔ face_20260622_095910_513.jpg → similarity: 0.5437
2026-06-22 10:11:07  DEBUG     [classification.py:45]  face_20260622_095858_407.jpg ↔ face_20260622_095910_513.jpg → similarity: 0.6811
2026-06-22 10:11:07  DEBUG     [classification.py:45]  face_20260622_095901_205.jpg ↔ face_20260622_095910_513.jpg → similarity: 0.2956
2026-06-22 10:11:07  DEBUG     [classification.py:45]  face_20260622_095857_610.jpg ↔ face_20260622_095910_513.jpg → similarity: 0.7196
2026-06-22 10:11:08  DEBUG     [classification.py:45]  face_20260622_095900_106.jpg ↔ face_20260622_095910_513.jpg → similarity: 0.3978
2026-06-22 10:11:08  DEBUG     [classification.py:45]  face_20260622_095858_606.jpg ↔ face_20260622_095910_513.jpg → similarity: 0.5446
2026-06-22 10:11:08  DEBUG     [classification.py:45]  face_20260622_095855_808.jpg ↔ face_20260622_095910_513.jpg → similarity: 0.2611
2026-06-22 10:11:08  DEBUG     [classification.py:45]  face_20260622_095905_200.jpg ↔ face_20260622_095910_513.jpg → similarity: 0.1485
2026-06-22 10:11:08  DEBUG     [classification.py:45]  face_20260622_095904_203.jpg ↔ face_20260622_095910_513.jpg → similarity: 0.1381
2026-06-22 10:11:08  DEBUG     [classification.py:45]  face_20260622_095856_006.jpg ↔ face_20260622_095910_513.jpg → similarity: 0.1401
2026-06-22 10:11:08  DEBUG     [classification.py:45]  face_20260622_095901_805.jpg ↔ face_20260622_095910_513.jpg → similarity: 0.2309
2026-06-22 10:11:08  DEBUG     [classification.py:45]  face_20260622_095905_304.jpg ↔ face_20260622_095910_513.jpg → similarity: 0.1027
2026-06-22 10:11:09  DEBUG     [classification.py:45]  face_20260622_095859_006.jpg ↔ face_20260622_095910_513.jpg → similarity: 0.6702
2026-06-22 10:11:09  DEBUG     [classification.py:45]  face_20260622_095901_005.jpg ↔ face_20260622_095910_513.jpg → similarity: 0.4767
2026-06-22 10:11:09  DEBUG     [classification.py:45]  face_20260622_095857_510.jpg ↔ face_20260622_095910_513.jpg → similarity: 0.7388
2026-06-22 10:11:09  DEBUG     [classification.py:45]  face_20260622_095859_605.jpg ↔ face_20260622_095910_513.jpg → similarity: 0.4847
2026-06-22 10:11:09  DEBUG     [classification.py:45]  face_20260622_095900_405.jpg ↔ face_20260622_095910_513.jpg → similarity: 0.5764
2026-06-22 10:11:09  DEBUG     [classification.py:45]  face_20260622_095904_304.jpg ↔ face_20260622_095910_513.jpg → similarity: 0.1058
2026-06-22 10:11:09  DEBUG     [classification.py:45]  face_20260622_095857_011.jpg ↔ face_20260622_095910_513.jpg → similarity: 0.3240
2026-06-22 10:11:10  DEBUG     [classification.py:45]  face_20260622_095854_810.jpg ↔ face_20260622_095910_513.jpg → similarity: 0.1810
2026-06-22 10:11:10  DEBUG     [classification.py:45]  face_20260622_095901_705.jpg ↔ face_20260622_095910_513.jpg → similarity: 0.2767
2026-06-22 10:11:10  DEBUG     [classification.py:45]  face_20260622_095858_206.jpg ↔ face_20260622_095910_513.jpg → similarity: 0.7281
2026-06-22 10:11:10  DEBUG     [classification.py:45]  face_20260622_095900_610.jpg ↔ face_20260622_095910_513.jpg → similarity: 0.5580
2026-06-22 10:11:10  DEBUG     [classification.py:45]  face_20260622_095900_500.jpg ↔ face_20260622_095910_513.jpg → similarity: 0.7390
2026-06-22 10:11:10  DEBUG     [classification.py:45]  face_20260622_095859_906.jpg ↔ face_20260622_095910_513.jpg → similarity: 0.4565
2026-06-22 10:11:10  DEBUG     [classification.py:45]  face_20260622_095858_106.jpg ↔ face_20260622_095910_513.jpg → similarity: 0.7014
2026-06-22 10:11:10  DEBUG     [classification.py:45]  face_20260622_095900_307.jpg ↔ face_20260622_095910_513.jpg → similarity: 0.5987
2026-06-22 10:11:11  DEBUG     [classification.py:45]  face_20260622_095855_509.jpg ↔ face_20260622_095910_513.jpg → similarity: 0.5625
2026-06-22 10:11:11  DEBUG     [classification.py:45]  face_20260622_095904_704.jpg ↔ face_20260622_095910_513.jpg → similarity: 0.1733
2026-06-22 10:11:11  DEBUG     [classification.py:45]  face_20260622_095905_002.jpg ↔ face_20260622_095910_513.jpg → similarity: 0.1155
2026-06-22 10:11:11  DEBUG     [classification.py:45]  face_20260622_095905_104.jpg ↔ face_20260622_095910_513.jpg → similarity: 0.2049
2026-06-22 10:11:11  DEBUG     [classification.py:45]  face_20260622_095904_104.jpg ↔ face_20260622_095910_513.jpg → similarity: 0.1457
2026-06-22 10:11:11  DEBUG     [classification.py:45]  face_20260622_095901_105.jpg ↔ face_20260622_095910_513.jpg → similarity: 0.3091
2026-06-22 10:11:11  DEBUG     [classification.py:45]  face_20260622_095857_703.jpg ↔ face_20260622_095910_513.jpg → similarity: 0.5785
2026-06-22 10:11:12  DEBUG     [classification.py:45]  face_20260622_095859_105.jpg ↔ face_20260622_095905_503.jpg → similarity: 0.9667
2026-06-22 10:11:12  INFO      [classification.py:112]    ⏭ Matched face_20260622_095905_503.jpg → person_1 (limit reached, skipped copy)
2026-06-22 10:11:12  DEBUG     [classification.py:45]  face_20260622_095859_105.jpg ↔ face_20260622_095927_203.jpg → similarity: 0.2709
2026-06-22 10:11:12  DEBUG     [classification.py:45]  face_20260622_095904_904.jpg ↔ face_20260622_095927_203.jpg → similarity: 0.3919
2026-06-22 10:11:12  DEBUG     [classification.py:45]  face_20260622_095857_807.jpg ↔ face_20260622_095927_203.jpg → similarity: 0.5515
2026-06-22 10:11:12  DEBUG     [classification.py:45]  face_20260622_095904_800.jpg ↔ face_20260622_095927_203.jpg → similarity: 0.4712
2026-06-22 10:11:12  DEBUG     [classification.py:45]  face_20260622_095858_806.jpg ↔ face_20260622_095927_203.jpg → similarity: 0.4160
2026-06-22 10:11:12  DEBUG     [classification.py:45]  face_20260622_095900_206.jpg ↔ face_20260622_095927_203.jpg → similarity: 0.2670
2026-06-22 10:11:12  DEBUG     [classification.py:45]  face_20260622_095856_906.jpg ↔ face_20260622_095927_203.jpg → similarity: 0.5947
2026-06-22 10:11:13  DEBUG     [classification.py:45]  face_20260622_095903_607.jpg ↔ face_20260622_095927_203.jpg → similarity: 0.4228
2026-06-22 10:11:13  DEBUG     [classification.py:45]  face_20260622_095904_598.jpg ↔ face_20260622_095927_203.jpg → similarity: 0.3030
2026-06-22 10:11:13  DEBUG     [classification.py:45]  face_20260622_095857_209.jpg ↔ face_20260622_095927_203.jpg → similarity: 0.4931
2026-06-22 10:11:13  DEBUG     [classification.py:45]  face_20260622_095900_906.jpg ↔ face_20260622_095927_203.jpg → similarity: 0.2744
2026-06-22 10:11:13  DEBUG     [classification.py:45]  face_20260622_095901_299.jpg ↔ face_20260622_095927_203.jpg → similarity: 0.2252
2026-06-22 10:11:13  DEBUG     [classification.py:45]  face_20260622_095854_028.jpg ↔ face_20260622_095927_203.jpg → similarity: 0.4866
2026-06-22 10:11:13  DEBUG     [classification.py:45]  face_20260622_095858_906.jpg ↔ face_20260622_095927_203.jpg → similarity: 0.4940
2026-06-22 10:11:14  DEBUG     [classification.py:45]  face_20260622_095859_805.jpg ↔ face_20260622_095927_203.jpg → similarity: 0.3449
2026-06-22 10:11:14  DEBUG     [classification.py:45]  face_20260622_095856_106.jpg ↔ face_20260622_095927_203.jpg → similarity: 0.3166
2026-06-22 10:11:14  DEBUG     [classification.py:45]  face_20260622_095858_006.jpg ↔ face_20260622_095927_203.jpg → similarity: 0.4293
2026-06-22 10:11:14  DEBUG     [classification.py:45]  face_20260622_095859_711.jpg ↔ face_20260622_095927_203.jpg → similarity: 0.4457
2026-06-22 10:11:14  DEBUG     [classification.py:45]  face_20260622_095858_705.jpg ↔ face_20260622_095927_203.jpg → similarity: 0.3500
2026-06-22 10:11:14  DEBUG     [classification.py:45]  face_20260622_095856_811.jpg ↔ face_20260622_095927_203.jpg → similarity: 0.2166
2026-06-22 10:11:14  DEBUG     [classification.py:45]  face_20260622_095901_609.jpg ↔ face_20260622_095927_203.jpg → similarity: 0.2689
2026-06-22 10:11:14  DEBUG     [classification.py:45]  face_20260622_095900_806.jpg ↔ face_20260622_095927_203.jpg → similarity: 0.3580
2026-06-22 10:11:15  DEBUG     [classification.py:45]  face_20260622_095901_906.jpg ↔ face_20260622_095927_203.jpg → similarity: 0.2532
2026-06-22 10:11:15  DEBUG     [classification.py:45]  face_20260622_095857_906.jpg ↔ face_20260622_095927_203.jpg → similarity: 0.4571
2026-06-22 10:11:15  DEBUG     [classification.py:45]  face_20260622_095858_507.jpg ↔ face_20260622_095927_203.jpg → similarity: 0.4032
2026-06-22 10:11:15  DEBUG     [classification.py:45]  face_20260622_095859_404.jpg ↔ face_20260622_095927_203.jpg → similarity: 0.5448
2026-06-22 10:11:15  DEBUG     [classification.py:45]  face_20260622_095856_710.jpg ↔ face_20260622_095927_203.jpg → similarity: 0.6297
2026-06-22 10:11:15  DEBUG     [classification.py:45]  face_20260622_095904_502.jpg ↔ face_20260622_095927_203.jpg → similarity: 0.3475
2026-06-22 10:11:15  DEBUG     [classification.py:45]  face_20260622_095900_005.jpg ↔ face_20260622_095927_203.jpg → similarity: 0.4648
2026-06-22 10:11:15  DEBUG     [classification.py:45]  face_20260622_095854_309.jpg ↔ face_20260622_095927_203.jpg → similarity: 0.4366
2026-06-22 10:11:16  DEBUG     [classification.py:45]  face_20260622_095855_907.jpg ↔ face_20260622_095927_203.jpg → similarity: 0.3396
2026-06-22 10:11:16  DEBUG     [classification.py:45]  face_20260622_095901_402.jpg ↔ face_20260622_095927_203.jpg → similarity: 0.3036
2026-06-22 10:11:16  DEBUG     [classification.py:45]  face_20260622_095857_406.jpg ↔ face_20260622_095927_203.jpg → similarity: 0.6925
2026-06-22 10:11:16  DEBUG     [classification.py:45]  face_20260622_095858_307.jpg ↔ face_20260622_095927_203.jpg → similarity: 0.4094
2026-06-22 10:11:16  DEBUG     [classification.py:45]  face_20260622_095859_505.jpg ↔ face_20260622_095927_203.jpg → similarity: 0.5512
2026-06-22 10:11:16  DEBUG     [classification.py:45]  face_20260622_095856_507.jpg ↔ face_20260622_095927_203.jpg → similarity: 0.1742
2026-06-22 10:11:16  DEBUG     [classification.py:45]  face_20260622_095859_306.jpg ↔ face_20260622_095927_203.jpg → similarity: 0.2455
2026-06-22 10:11:17  DEBUG     [classification.py:45]  face_20260622_095858_407.jpg ↔ face_20260622_095927_203.jpg → similarity: 0.3320
2026-06-22 10:11:17  DEBUG     [classification.py:45]  face_20260622_095901_205.jpg ↔ face_20260622_095927_203.jpg → similarity: 0.3157
2026-06-22 10:11:17  DEBUG     [classification.py:45]  face_20260622_095857_610.jpg ↔ face_20260622_095927_203.jpg → similarity: 0.3579
2026-06-22 10:11:17  DEBUG     [classification.py:45]  face_20260622_095900_106.jpg ↔ face_20260622_095927_203.jpg → similarity: 0.4704
2026-06-22 10:11:17  DEBUG     [classification.py:45]  face_20260622_095858_606.jpg ↔ face_20260622_095927_203.jpg → similarity: 0.4741
2026-06-22 10:11:17  DEBUG     [classification.py:45]  face_20260622_095855_808.jpg ↔ face_20260622_095927_203.jpg → similarity: 0.4836
2026-06-22 10:11:17  DEBUG     [classification.py:45]  face_20260622_095905_200.jpg ↔ face_20260622_095927_203.jpg → similarity: 0.3649
2026-06-22 10:11:17  DEBUG     [classification.py:45]  face_20260622_095904_203.jpg ↔ face_20260622_095927_203.jpg → similarity: 0.3683
2026-06-22 10:11:18  DEBUG     [classification.py:45]  face_20260622_095856_006.jpg ↔ face_20260622_095927_203.jpg → similarity: 0.3659
2026-06-22 10:11:18  DEBUG     [classification.py:45]  face_20260622_095901_805.jpg ↔ face_20260622_095927_203.jpg → similarity: 0.2645
2026-06-22 10:11:18  DEBUG     [classification.py:45]  face_20260622_095905_304.jpg ↔ face_20260622_095927_203.jpg → similarity: 0.3162
2026-06-22 10:11:18  DEBUG     [classification.py:45]  face_20260622_095859_006.jpg ↔ face_20260622_095927_203.jpg → similarity: 0.3301
2026-06-22 10:11:18  DEBUG     [classification.py:45]  face_20260622_095901_005.jpg ↔ face_20260622_095927_203.jpg → similarity: 0.1593
2026-06-22 10:11:18  DEBUG     [classification.py:45]  face_20260622_095857_510.jpg ↔ face_20260622_095927_203.jpg → similarity: 0.5816
2026-06-22 10:11:18  DEBUG     [classification.py:45]  face_20260622_095859_605.jpg ↔ face_20260622_095927_203.jpg → similarity: 0.6190
2026-06-22 10:11:18  DEBUG     [classification.py:45]  face_20260622_095900_405.jpg ↔ face_20260622_095927_203.jpg → similarity: 0.5484
2026-06-22 10:11:19  DEBUG     [classification.py:45]  face_20260622_095904_304.jpg ↔ face_20260622_095927_203.jpg → similarity: 0.2181
2026-06-22 10:11:19  DEBUG     [classification.py:45]  face_20260622_095857_011.jpg ↔ face_20260622_095927_203.jpg → similarity: 0.3802
2026-06-22 10:11:19  DEBUG     [classification.py:45]  face_20260622_095854_810.jpg ↔ face_20260622_095927_203.jpg → similarity: 0.6605
2026-06-22 10:11:19  DEBUG     [classification.py:45]  face_20260622_095901_705.jpg ↔ face_20260622_095927_203.jpg → similarity: 0.1643
2026-06-22 10:11:19  DEBUG     [classification.py:45]  face_20260622_095858_206.jpg ↔ face_20260622_095927_203.jpg → similarity: 0.4387
2026-06-22 10:11:19  DEBUG     [classification.py:45]  face_20260622_095900_610.jpg ↔ face_20260622_095927_203.jpg → similarity: 0.4607
2026-06-22 10:11:19  DEBUG     [classification.py:45]  face_20260622_095900_500.jpg ↔ face_20260622_095927_203.jpg → similarity: 0.4844
2026-06-22 10:11:20  DEBUG     [classification.py:45]  face_20260622_095859_906.jpg ↔ face_20260622_095927_203.jpg → similarity: 0.5639
2026-06-22 10:11:20  DEBUG     [classification.py:45]  face_20260622_095858_106.jpg ↔ face_20260622_095927_203.jpg → similarity: 0.3447
2026-06-22 10:11:20  DEBUG     [classification.py:45]  face_20260622_095900_307.jpg ↔ face_20260622_095927_203.jpg → similarity: 0.2855
2026-06-22 10:11:20  DEBUG     [classification.py:45]  face_20260622_095855_509.jpg ↔ face_20260622_095927_203.jpg → similarity: 0.4301
2026-06-22 10:11:20  DEBUG     [classification.py:45]  face_20260622_095904_704.jpg ↔ face_20260622_095927_203.jpg → similarity: 0.4926
2026-06-22 10:11:20  DEBUG     [classification.py:45]  face_20260622_095905_002.jpg ↔ face_20260622_095927_203.jpg → similarity: 0.3685
2026-06-22 10:11:20  DEBUG     [classification.py:45]  face_20260622_095905_104.jpg ↔ face_20260622_095927_203.jpg → similarity: 0.5005
2026-06-22 10:11:21  DEBUG     [classification.py:45]  face_20260622_095904_104.jpg ↔ face_20260622_095927_203.jpg → similarity: 0.2737
2026-06-22 10:11:21  DEBUG     [classification.py:45]  face_20260622_095901_105.jpg ↔ face_20260622_095927_203.jpg → similarity: 0.0765
2026-06-22 10:11:21  DEBUG     [classification.py:45]  face_20260622_095857_703.jpg ↔ face_20260622_095927_203.jpg → similarity: 0.3817
2026-06-22 10:11:21  DEBUG     [classification.py:45]  face_20260622_095905_503.jpg ↔ face_20260622_095927_203.jpg → similarity: 0.4163
2026-06-22 10:11:21  DEBUG     [classification.py:45]  face_20260622_095859_105.jpg ↔ face_20260622_095900_705.jpg → similarity: 0.9998
2026-06-22 10:11:21  INFO      [classification.py:112]    ⏭ Matched face_20260622_095900_705.jpg → person_1 (limit reached, skipped copy)
2026-06-22 10:11:21  DEBUG     [classification.py:45]  face_20260622_095859_105.jpg ↔ face_20260622_095902_005.jpg → similarity: 0.9994
2026-06-22 10:11:21  INFO      [classification.py:112]    ⏭ Matched face_20260622_095902_005.jpg → person_1 (limit reached, skipped copy)
2026-06-22 10:11:21  DEBUG     [classification.py:45]  face_20260622_095859_105.jpg ↔ face_20260622_095854_407.jpg → similarity: 0.9343
2026-06-22 10:11:21  DEBUG     [classification.py:45]  face_20260622_095904_904.jpg ↔ face_20260622_095854_407.jpg → similarity: 0.9426
2026-06-22 10:11:21  DEBUG     [classification.py:45]  face_20260622_095857_807.jpg ↔ face_20260622_095854_407.jpg → similarity: 0.9360
2026-06-22 10:11:21  DEBUG     [classification.py:45]  face_20260622_095904_800.jpg ↔ face_20260622_095854_407.jpg → similarity: 0.9558
2026-06-22 10:11:21  INFO      [classification.py:112]    ⏭ Matched face_20260622_095854_407.jpg → person_1 (limit reached, skipped copy)
2026-06-22 10:11:22  DEBUG     [classification.py:45]  face_20260622_095859_105.jpg ↔ face_20260622_095905_402.jpg → similarity: 0.9792
2026-06-22 10:11:22  INFO      [classification.py:112]    ⏭ Matched face_20260622_095905_402.jpg → person_1 (limit reached, skipped copy)
2026-06-22 10:11:22  DEBUG     [classification.py:45]  face_20260622_095859_105.jpg ↔ face_20260622_100442_310.jpg → similarity: 0.5272
2026-06-22 10:11:22  DEBUG     [classification.py:45]  face_20260622_095904_904.jpg ↔ face_20260622_100442_310.jpg → similarity: 0.3497
2026-06-22 10:11:22  DEBUG     [classification.py:45]  face_20260622_095857_807.jpg ↔ face_20260622_100442_310.jpg → similarity: 0.7239
2026-06-22 10:11:22  DEBUG     [classification.py:45]  face_20260622_095904_800.jpg ↔ face_20260622_100442_310.jpg → similarity: 0.3490
2026-06-22 10:11:22  DEBUG     [classification.py:45]  face_20260622_095858_806.jpg ↔ face_20260622_100442_310.jpg → similarity: 0.6780
2026-06-22 10:11:22  DEBUG     [classification.py:45]  face_20260622_095900_206.jpg ↔ face_20260622_100442_310.jpg → similarity: 0.6053
2026-06-22 10:11:23  DEBUG     [classification.py:45]  face_20260622_095856_906.jpg ↔ face_20260622_100442_310.jpg → similarity: 0.3844
2026-06-22 10:11:23  DEBUG     [classification.py:45]  face_20260622_095903_607.jpg ↔ face_20260622_100442_310.jpg → similarity: 0.2803
2026-06-22 10:11:23  DEBUG     [classification.py:45]  face_20260622_095904_598.jpg ↔ face_20260622_100442_310.jpg → similarity: 0.2923
2026-06-22 10:11:23  DEBUG     [classification.py:45]  face_20260622_095857_209.jpg ↔ face_20260622_100442_310.jpg → similarity: 0.6356
2026-06-22 10:11:23  DEBUG     [classification.py:45]  face_20260622_095900_906.jpg ↔ face_20260622_100442_310.jpg → similarity: 0.4772
2026-06-22 10:11:23  DEBUG     [classification.py:45]  face_20260622_095901_299.jpg ↔ face_20260622_100442_310.jpg → similarity: 0.4267
2026-06-22 10:11:23  DEBUG     [classification.py:45]  face_20260622_095854_028.jpg ↔ face_20260622_100442_310.jpg → similarity: 0.4253
2026-06-22 10:11:23  DEBUG     [classification.py:45]  face_20260622_095858_906.jpg ↔ face_20260622_100442_310.jpg → similarity: 0.7069
2026-06-22 10:11:24  DEBUG     [classification.py:45]  face_20260622_095859_805.jpg ↔ face_20260622_100442_310.jpg → similarity: 0.6171
2026-06-22 10:11:24  DEBUG     [classification.py:45]  face_20260622_095856_106.jpg ↔ face_20260622_100442_310.jpg → similarity: 0.6006
2026-06-22 10:11:24  DEBUG     [classification.py:45]  face_20260622_095858_006.jpg ↔ face_20260622_100442_310.jpg → similarity: 0.5805
2026-06-22 10:11:24  DEBUG     [classification.py:45]  face_20260622_095859_711.jpg ↔ face_20260622_100442_310.jpg → similarity: 0.6832
2026-06-22 10:11:24  DEBUG     [classification.py:45]  face_20260622_095858_705.jpg ↔ face_20260622_100442_310.jpg → similarity: 0.5743
2026-06-22 10:11:24  DEBUG     [classification.py:45]  face_20260622_095856_811.jpg ↔ face_20260622_100442_310.jpg → similarity: 0.3488
2026-06-22 10:11:24  DEBUG     [classification.py:45]  face_20260622_095901_609.jpg ↔ face_20260622_100442_310.jpg → similarity: 0.6373
2026-06-22 10:11:24  DEBUG     [classification.py:45]  face_20260622_095900_806.jpg ↔ face_20260622_100442_310.jpg → similarity: 0.5763
2026-06-22 10:11:25  DEBUG     [classification.py:45]  face_20260622_095901_906.jpg ↔ face_20260622_100442_310.jpg → similarity: 0.4931
2026-06-22 10:11:25  DEBUG     [classification.py:45]  face_20260622_095857_906.jpg ↔ face_20260622_100442_310.jpg → similarity: 0.6167
2026-06-22 10:11:25  DEBUG     [classification.py:45]  face_20260622_095858_507.jpg ↔ face_20260622_100442_310.jpg → similarity: 0.5466
2026-06-22 10:11:25  DEBUG     [classification.py:45]  face_20260622_095859_404.jpg ↔ face_20260622_100442_310.jpg → similarity: 0.7203
2026-06-22 10:11:25  DEBUG     [classification.py:45]  face_20260622_095856_710.jpg ↔ face_20260622_100442_310.jpg → similarity: 0.5871
2026-06-22 10:11:25  DEBUG     [classification.py:45]  face_20260622_095904_502.jpg ↔ face_20260622_100442_310.jpg → similarity: 0.2778
2026-06-22 10:11:25  DEBUG     [classification.py:45]  face_20260622_095900_005.jpg ↔ face_20260622_100442_310.jpg → similarity: 0.6883
2026-06-22 10:11:26  DEBUG     [classification.py:45]  face_20260622_095854_309.jpg ↔ face_20260622_100442_310.jpg → similarity: 0.3267
2026-06-22 10:11:26  DEBUG     [classification.py:45]  face_20260622_095855_907.jpg ↔ face_20260622_100442_310.jpg → similarity: 0.3887
2026-06-22 10:11:26  DEBUG     [classification.py:45]  face_20260622_095901_402.jpg ↔ face_20260622_100442_310.jpg → similarity: 0.5568
2026-06-22 10:11:26  DEBUG     [classification.py:45]  face_20260622_095857_406.jpg ↔ face_20260622_100442_310.jpg → similarity: 0.8321
2026-06-22 10:11:26  DEBUG     [classification.py:45]  face_20260622_095858_307.jpg ↔ face_20260622_100442_310.jpg → similarity: 0.6195
2026-06-22 10:11:26  DEBUG     [classification.py:45]  face_20260622_095859_505.jpg ↔ face_20260622_100442_310.jpg → similarity: 0.7357
2026-06-22 10:11:26  DEBUG     [classification.py:45]  face_20260622_095856_507.jpg ↔ face_20260622_100442_310.jpg → similarity: 0.5165
2026-06-22 10:11:26  DEBUG     [classification.py:45]  face_20260622_095859_306.jpg ↔ face_20260622_100442_310.jpg → similarity: 0.4180
2026-06-22 10:11:27  DEBUG     [classification.py:45]  face_20260622_095858_407.jpg ↔ face_20260622_100442_310.jpg → similarity: 0.5984
2026-06-22 10:11:27  DEBUG     [classification.py:45]  face_20260622_095901_205.jpg ↔ face_20260622_100442_310.jpg → similarity: 0.6083
2026-06-22 10:11:27  DEBUG     [classification.py:45]  face_20260622_095857_610.jpg ↔ face_20260622_100442_310.jpg → similarity: 0.6312
2026-06-22 10:11:27  DEBUG     [classification.py:45]  face_20260622_095900_106.jpg ↔ face_20260622_100442_310.jpg → similarity: 0.6289
2026-06-22 10:11:27  DEBUG     [classification.py:45]  face_20260622_095858_606.jpg ↔ face_20260622_100442_310.jpg → similarity: 0.5900
2026-06-22 10:11:27  DEBUG     [classification.py:45]  face_20260622_095855_808.jpg ↔ face_20260622_100442_310.jpg → similarity: 0.4247
2026-06-22 10:11:27  DEBUG     [classification.py:45]  face_20260622_095905_200.jpg ↔ face_20260622_100442_310.jpg → similarity: 0.2888
2026-06-22 10:11:27  DEBUG     [classification.py:45]  face_20260622_095904_203.jpg ↔ face_20260622_100442_310.jpg → similarity: 0.4252
2026-06-22 10:11:28  DEBUG     [classification.py:45]  face_20260622_095856_006.jpg ↔ face_20260622_100442_310.jpg → similarity: 0.5867
2026-06-22 10:11:28  DEBUG     [classification.py:45]  face_20260622_095901_805.jpg ↔ face_20260622_100442_310.jpg → similarity: 0.6902
2026-06-22 10:11:28  DEBUG     [classification.py:45]  face_20260622_095905_304.jpg ↔ face_20260622_100442_310.jpg → similarity: 0.2398
2026-06-22 10:11:28  DEBUG     [classification.py:45]  face_20260622_095859_006.jpg ↔ face_20260622_100442_310.jpg → similarity: 0.5478
2026-06-22 10:11:28  DEBUG     [classification.py:45]  face_20260622_095901_005.jpg ↔ face_20260622_100442_310.jpg → similarity: 0.3363
2026-06-22 10:11:28  DEBUG     [classification.py:45]  face_20260622_095857_510.jpg ↔ face_20260622_100442_310.jpg → similarity: 0.7141
2026-06-22 10:11:28  DEBUG     [classification.py:45]  face_20260622_095859_605.jpg ↔ face_20260622_100442_310.jpg → similarity: 0.7545
2026-06-22 10:11:28  DEBUG     [classification.py:45]  face_20260622_095900_405.jpg ↔ face_20260622_100442_310.jpg → similarity: 0.8545
2026-06-22 10:11:29  DEBUG     [classification.py:45]  face_20260622_095904_304.jpg ↔ face_20260622_100442_310.jpg → similarity: 0.2762
2026-06-22 10:11:29  DEBUG     [classification.py:45]  face_20260622_095857_011.jpg ↔ face_20260622_100442_310.jpg → similarity: 0.5512
2026-06-22 10:11:29  DEBUG     [classification.py:45]  face_20260622_095854_810.jpg ↔ face_20260622_100442_310.jpg → similarity: 0.5860
2026-06-22 10:11:29  DEBUG     [classification.py:45]  face_20260622_095901_705.jpg ↔ face_20260622_100442_310.jpg → similarity: 0.5471
2026-06-22 10:11:29  DEBUG     [classification.py:45]  face_20260622_095858_206.jpg ↔ face_20260622_100442_310.jpg → similarity: 0.5982
2026-06-22 10:11:29  DEBUG     [classification.py:45]  face_20260622_095900_610.jpg ↔ face_20260622_100442_310.jpg → similarity: 0.5884
2026-06-22 10:11:29  DEBUG     [classification.py:45]  face_20260622_095900_500.jpg ↔ face_20260622_100442_310.jpg → similarity: 0.7570
2026-06-22 10:11:29  DEBUG     [classification.py:45]  face_20260622_095859_906.jpg ↔ face_20260622_100442_310.jpg → similarity: 0.7235
2026-06-22 10:11:30  DEBUG     [classification.py:45]  face_20260622_095858_106.jpg ↔ face_20260622_100442_310.jpg → similarity: 0.5595
2026-06-22 10:11:30  DEBUG     [classification.py:45]  face_20260622_095900_307.jpg ↔ face_20260622_100442_310.jpg → similarity: 0.5516
2026-06-22 10:11:30  DEBUG     [classification.py:45]  face_20260622_095855_509.jpg ↔ face_20260622_100442_310.jpg → similarity: 0.4464
2026-06-22 10:11:30  DEBUG     [classification.py:45]  face_20260622_095904_704.jpg ↔ face_20260622_100442_310.jpg → similarity: 0.4184
2026-06-22 10:11:30  DEBUG     [classification.py:45]  face_20260622_095905_002.jpg ↔ face_20260622_100442_310.jpg → similarity: 0.2231
2026-06-22 10:11:30  DEBUG     [classification.py:45]  face_20260622_095905_104.jpg ↔ face_20260622_100442_310.jpg → similarity: 0.4179
2026-06-22 10:11:30  DEBUG     [classification.py:45]  face_20260622_095904_104.jpg ↔ face_20260622_100442_310.jpg → similarity: 0.3081
2026-06-22 10:11:31  DEBUG     [classification.py:45]  face_20260622_095901_105.jpg ↔ face_20260622_100442_310.jpg → similarity: 0.2017
2026-06-22 10:11:31  DEBUG     [classification.py:45]  face_20260622_095857_703.jpg ↔ face_20260622_100442_310.jpg → similarity: 0.6181
2026-06-22 10:11:31  DEBUG     [classification.py:45]  face_20260622_095905_503.jpg ↔ face_20260622_100442_310.jpg → similarity: 0.1956
2026-06-22 10:11:31  DEBUG     [classification.py:45]  face_20260622_095900_705.jpg ↔ face_20260622_100442_310.jpg → similarity: 0.5115
2026-06-22 10:11:31  DEBUG     [classification.py:45]  face_20260622_095902_005.jpg ↔ face_20260622_100442_310.jpg → similarity: 0.5174
2026-06-22 10:11:31  DEBUG     [classification.py:45]  face_20260622_095854_407.jpg ↔ face_20260622_100442_310.jpg → similarity: 0.2879
2026-06-22 10:11:31  DEBUG     [classification.py:45]  face_20260622_095905_402.jpg ↔ face_20260622_100442_310.jpg → similarity: 0.2848
2026-06-22 10:11:31  DEBUG     [classification.py:45]  face_20260622_095859_105.jpg ↔ face_20260622_095904_403.jpg → similarity: 0.9589
2026-06-22 10:11:31  INFO      [classification.py:112]    ⏭ Matched face_20260622_095904_403.jpg → person_1 (limit reached, skipped copy)
2026-06-22 10:11:32  DEBUG     [classification.py:45]  face_20260622_095859_105.jpg ↔ face_20260622_095854_210.jpg → similarity: 0.9760
2026-06-22 10:11:32  INFO      [classification.py:112]    ⏭ Matched face_20260622_095854_210.jpg → person_1 (limit reached, skipped copy)
2026-06-22 10:11:32  DEBUG     [classification.py:45]  face_20260622_095859_105.jpg ↔ face_20260622_095857_311.jpg → similarity: 0.9988
2026-06-22 10:11:32  INFO      [classification.py:112]    ⏭ Matched face_20260622_095857_311.jpg → person_1 (limit reached, skipped copy)
2026-06-22 10:11:32  DEBUG     [classification.py:45]  face_20260622_095859_105.jpg ↔ face_20260622_100718_890.jpg → similarity: 0.0889
2026-06-22 10:11:32  DEBUG     [classification.py:45]  face_20260622_095904_904.jpg ↔ face_20260622_100718_890.jpg → similarity: 0.3930
2026-06-22 10:11:32  DEBUG     [classification.py:45]  face_20260622_095857_807.jpg ↔ face_20260622_100718_890.jpg → similarity: 0.1533
2026-06-22 10:11:32  DEBUG     [classification.py:45]  face_20260622_095904_800.jpg ↔ face_20260622_100718_890.jpg → similarity: 0.3495
2026-06-22 10:11:32  DEBUG     [classification.py:45]  face_20260622_095858_806.jpg ↔ face_20260622_100718_890.jpg → similarity: 0.1442
2026-06-22 10:11:32  DEBUG     [classification.py:45]  face_20260622_095900_206.jpg ↔ face_20260622_100718_890.jpg → similarity: 0.0832
2026-06-22 10:11:32  DEBUG     [classification.py:45]  face_20260622_095856_906.jpg ↔ face_20260622_100718_890.jpg → similarity: 0.2675
2026-06-22 10:11:33  DEBUG     [classification.py:45]  face_20260622_095903_607.jpg ↔ face_20260622_100718_890.jpg → similarity: 0.2892
2026-06-22 10:11:33  DEBUG     [classification.py:45]  face_20260622_095904_598.jpg ↔ face_20260622_100718_890.jpg → similarity: 0.2570
2026-06-22 10:11:33  DEBUG     [classification.py:45]  face_20260622_095857_209.jpg ↔ face_20260622_100718_890.jpg → similarity: 0.1685
2026-06-22 10:11:33  DEBUG     [classification.py:45]  face_20260622_095900_906.jpg ↔ face_20260622_100718_890.jpg → similarity: 0.1075
2026-06-22 10:11:33  DEBUG     [classification.py:45]  face_20260622_095901_299.jpg ↔ face_20260622_100718_890.jpg → similarity: 0.1043
2026-06-22 10:11:33  DEBUG     [classification.py:45]  face_20260622_095854_028.jpg ↔ face_20260622_100718_890.jpg → similarity: 0.2686
2026-06-22 10:11:33  DEBUG     [classification.py:45]  face_20260622_095858_906.jpg ↔ face_20260622_100718_890.jpg → similarity: 0.1124
2026-06-22 10:11:33  DEBUG     [classification.py:45]  face_20260622_095859_805.jpg ↔ face_20260622_100718_890.jpg → similarity: 0.1420
2026-06-22 10:11:34  DEBUG     [classification.py:45]  face_20260622_095856_106.jpg ↔ face_20260622_100718_890.jpg → similarity: 0.2053
2026-06-22 10:11:34  DEBUG     [classification.py:45]  face_20260622_095858_006.jpg ↔ face_20260622_100718_890.jpg → similarity: 0.1629
2026-06-22 10:11:34  DEBUG     [classification.py:45]  face_20260622_095859_711.jpg ↔ face_20260622_100718_890.jpg → similarity: 0.2752
2026-06-22 10:11:34  DEBUG     [classification.py:45]  face_20260622_095858_705.jpg ↔ face_20260622_100718_890.jpg → similarity: 0.1194
2026-06-22 10:11:34  DEBUG     [classification.py:45]  face_20260622_095856_811.jpg ↔ face_20260622_100718_890.jpg → similarity: 0.0754
2026-06-22 10:11:34  DEBUG     [classification.py:45]  face_20260622_095901_609.jpg ↔ face_20260622_100718_890.jpg → similarity: 0.1697
2026-06-22 10:11:34  DEBUG     [classification.py:45]  face_20260622_095900_806.jpg ↔ face_20260622_100718_890.jpg → similarity: 0.1314
2026-06-22 10:11:34  DEBUG     [classification.py:45]  face_20260622_095901_906.jpg ↔ face_20260622_100718_890.jpg → similarity: 0.1107
2026-06-22 10:11:35  DEBUG     [classification.py:45]  face_20260622_095857_906.jpg ↔ face_20260622_100718_890.jpg → similarity: 0.1374
2026-06-22 10:11:35  DEBUG     [classification.py:45]  face_20260622_095858_507.jpg ↔ face_20260622_100718_890.jpg → similarity: 0.1358
2026-06-22 10:11:35  DEBUG     [classification.py:45]  face_20260622_095859_404.jpg ↔ face_20260622_100718_890.jpg → similarity: 0.1327
2026-06-22 10:11:35  DEBUG     [classification.py:45]  face_20260622_095856_710.jpg ↔ face_20260622_100718_890.jpg → similarity: 0.2613
2026-06-22 10:11:35  DEBUG     [classification.py:45]  face_20260622_095904_502.jpg ↔ face_20260622_100718_890.jpg → similarity: 0.2816
2026-06-22 10:11:35  DEBUG     [classification.py:45]  face_20260622_095900_005.jpg ↔ face_20260622_100718_890.jpg → similarity: 0.1473
2026-06-22 10:11:35  DEBUG     [classification.py:45]  face_20260622_095854_309.jpg ↔ face_20260622_100718_890.jpg → similarity: 0.3610
2026-06-22 10:11:35  DEBUG     [classification.py:45]  face_20260622_095855_907.jpg ↔ face_20260622_100718_890.jpg → similarity: 0.1094
2026-06-22 10:11:36  DEBUG     [classification.py:45]  face_20260622_095901_402.jpg ↔ face_20260622_100718_890.jpg → similarity: 0.0876
2026-06-22 10:11:36  DEBUG     [classification.py:45]  face_20260622_095857_406.jpg ↔ face_20260622_100718_890.jpg → similarity: 0.1939
2026-06-22 10:11:36  DEBUG     [classification.py:45]  face_20260622_095858_307.jpg ↔ face_20260622_100718_890.jpg → similarity: 0.1315
2026-06-22 10:11:36  DEBUG     [classification.py:45]  face_20260622_095859_505.jpg ↔ face_20260622_100718_890.jpg → similarity: 0.1995
2026-06-22 10:11:36  DEBUG     [classification.py:45]  face_20260622_095856_507.jpg ↔ face_20260622_100718_890.jpg → similarity: 0.0982
2026-06-22 10:11:36  DEBUG     [classification.py:45]  face_20260622_095859_306.jpg ↔ face_20260622_100718_890.jpg → similarity: 0.0954
2026-06-22 10:11:36  DEBUG     [classification.py:45]  face_20260622_095858_407.jpg ↔ face_20260622_100718_890.jpg → similarity: 0.1004
2026-06-22 10:11:36  DEBUG     [classification.py:45]  face_20260622_095901_205.jpg ↔ face_20260622_100718_890.jpg → similarity: 0.1288
2026-06-22 10:11:37  DEBUG     [classification.py:45]  face_20260622_095857_610.jpg ↔ face_20260622_100718_890.jpg → similarity: 0.1469
2026-06-22 10:11:37  DEBUG     [classification.py:45]  face_20260622_095900_106.jpg ↔ face_20260622_100718_890.jpg → similarity: 0.2015
2026-06-22 10:11:37  DEBUG     [classification.py:45]  face_20260622_095858_606.jpg ↔ face_20260622_100718_890.jpg → similarity: 0.1544
2026-06-22 10:11:37  DEBUG     [classification.py:45]  face_20260622_095855_808.jpg ↔ face_20260622_100718_890.jpg → similarity: 0.2057
2026-06-22 10:11:37  DEBUG     [classification.py:45]  face_20260622_095905_200.jpg ↔ face_20260622_100718_890.jpg → similarity: 0.3436
2026-06-22 10:11:37  DEBUG     [classification.py:45]  face_20260622_095904_203.jpg ↔ face_20260622_100718_890.jpg → similarity: 0.2164
2026-06-22 10:11:37  DEBUG     [classification.py:45]  face_20260622_095856_006.jpg ↔ face_20260622_100718_890.jpg → similarity: 0.2336
2026-06-22 10:11:37  DEBUG     [classification.py:45]  face_20260622_095901_805.jpg ↔ face_20260622_100718_890.jpg → similarity: 0.1081
2026-06-22 10:11:38  DEBUG     [classification.py:45]  face_20260622_095905_304.jpg ↔ face_20260622_100718_890.jpg → similarity: 0.2809
2026-06-22 10:11:38  DEBUG     [classification.py:45]  face_20260622_095859_006.jpg ↔ face_20260622_100718_890.jpg → similarity: 0.1209
2026-06-22 10:11:38  DEBUG     [classification.py:45]  face_20260622_095901_005.jpg ↔ face_20260622_100718_890.jpg → similarity: 0.0771
2026-06-22 10:11:38  DEBUG     [classification.py:45]  face_20260622_095857_510.jpg ↔ face_20260622_100718_890.jpg → similarity: 0.2063
2026-06-22 10:11:38  DEBUG     [classification.py:45]  face_20260622_095859_605.jpg ↔ face_20260622_100718_890.jpg → similarity: 0.2419
2026-06-22 10:11:38  DEBUG     [classification.py:45]  face_20260622_095900_405.jpg ↔ face_20260622_100718_890.jpg → similarity: 0.2374
2026-06-22 10:11:38  DEBUG     [classification.py:45]  face_20260622_095904_304.jpg ↔ face_20260622_100718_890.jpg → similarity: 0.2348
2026-06-22 10:11:38  DEBUG     [classification.py:45]  face_20260622_095857_011.jpg ↔ face_20260622_100718_890.jpg → similarity: 0.1026
2026-06-22 10:11:39  DEBUG     [classification.py:45]  face_20260622_095854_810.jpg ↔ face_20260622_100718_890.jpg → similarity: 0.3844
2026-06-22 10:11:39  DEBUG     [classification.py:45]  face_20260622_095901_705.jpg ↔ face_20260622_100718_890.jpg → similarity: 0.0618
2026-06-22 10:11:39  DEBUG     [classification.py:45]  face_20260622_095858_206.jpg ↔ face_20260622_100718_890.jpg → similarity: 0.1492
2026-06-22 10:11:39  DEBUG     [classification.py:45]  face_20260622_095900_610.jpg ↔ face_20260622_100718_890.jpg → similarity: 0.1575
2026-06-22 10:11:39  DEBUG     [classification.py:45]  face_20260622_095900_500.jpg ↔ face_20260622_100718_890.jpg → similarity: 0.1886
2026-06-22 10:11:39  DEBUG     [classification.py:45]  face_20260622_095859_906.jpg ↔ face_20260622_100718_890.jpg → similarity: 0.2113
2026-06-22 10:11:39  DEBUG     [classification.py:45]  face_20260622_095858_106.jpg ↔ face_20260622_100718_890.jpg → similarity: 0.1047
2026-06-22 10:11:39  DEBUG     [classification.py:45]  face_20260622_095900_307.jpg ↔ face_20260622_100718_890.jpg → similarity: 0.1283
2026-06-22 10:11:40  DEBUG     [classification.py:45]  face_20260622_095855_509.jpg ↔ face_20260622_100718_890.jpg → similarity: 0.2469
2026-06-22 10:11:40  DEBUG     [classification.py:45]  face_20260622_095904_704.jpg ↔ face_20260622_100718_890.jpg → similarity: 0.2809
2026-06-22 10:11:40  DEBUG     [classification.py:45]  face_20260622_095905_002.jpg ↔ face_20260622_100718_890.jpg → similarity: 0.2929
2026-06-22 10:11:40  DEBUG     [classification.py:45]  face_20260622_095905_104.jpg ↔ face_20260622_100718_890.jpg → similarity: 0.2694
2026-06-22 10:11:40  DEBUG     [classification.py:45]  face_20260622_095904_104.jpg ↔ face_20260622_100718_890.jpg → similarity: 0.1666
2026-06-22 10:11:40  DEBUG     [classification.py:45]  face_20260622_095901_105.jpg ↔ face_20260622_100718_890.jpg → similarity: 0.1155
2026-06-22 10:11:40  DEBUG     [classification.py:45]  face_20260622_095857_703.jpg ↔ face_20260622_100718_890.jpg → similarity: 0.0983
2026-06-22 10:11:40  DEBUG     [classification.py:45]  face_20260622_095905_503.jpg ↔ face_20260622_100718_890.jpg → similarity: 0.2359
2026-06-22 10:11:41  DEBUG     [classification.py:45]  face_20260622_095900_705.jpg ↔ face_20260622_100718_890.jpg → similarity: 0.1429
2026-06-22 10:11:41  DEBUG     [classification.py:45]  face_20260622_095902_005.jpg ↔ face_20260622_100718_890.jpg → similarity: 0.1080
2026-06-22 10:11:41  DEBUG     [classification.py:45]  face_20260622_095854_407.jpg ↔ face_20260622_100718_890.jpg → similarity: 0.2624
2026-06-22 10:11:41  DEBUG     [classification.py:45]  face_20260622_095905_402.jpg ↔ face_20260622_100718_890.jpg → similarity: 0.2926
2026-06-22 10:11:41  DEBUG     [classification.py:45]  face_20260622_095904_403.jpg ↔ face_20260622_100718_890.jpg → similarity: 0.2284
2026-06-22 10:11:41  DEBUG     [classification.py:45]  face_20260622_095854_210.jpg ↔ face_20260622_100718_890.jpg → similarity: 0.2619
2026-06-22 10:11:41  DEBUG     [classification.py:45]  face_20260622_095857_311.jpg ↔ face_20260622_100718_890.jpg → similarity: 0.2385
2026-06-22 10:11:41  DEBUG     [classification.py:45]  face_20260622_095859_105.jpg ↔ face_20260622_095901_497.jpg → similarity: 0.9973
2026-06-22 10:11:41  INFO      [classification.py:112]    ⏭ Matched face_20260622_095901_497.jpg → person_1 (limit reached, skipped copy)
2026-06-22 10:11:42  DEBUG     [classification.py:45]  face_20260622_095859_105.jpg ↔ face_20260622_095857_105.jpg → similarity: 0.9994
2026-06-22 10:11:42  INFO      [classification.py:112]    ⏭ Matched face_20260622_095857_105.jpg → person_1 (limit reached, skipped copy)
2026-06-22 10:11:42  DEBUG     [classification.py:45]  face_20260622_095859_105.jpg ↔ face_20260622_095859_207.jpg → similarity: 0.9998
2026-06-22 10:11:42  INFO      [classification.py:112]    ⏭ Matched face_20260622_095859_207.jpg → person_1 (limit reached, skipped copy)
2026-06-22 10:11:42  DEBUG     [classification.py:45]  face_20260622_095859_105.jpg ↔ face_20260622_095855_209.jpg → similarity: 0.9275
2026-06-22 10:11:42  DEBUG     [classification.py:45]  face_20260622_095904_904.jpg ↔ face_20260622_095855_209.jpg → similarity: 0.9348
2026-06-22 10:11:42  DEBUG     [classification.py:45]  face_20260622_095857_807.jpg ↔ face_20260622_095855_209.jpg → similarity: 0.9226
2026-06-22 10:11:42  DEBUG     [classification.py:45]  face_20260622_095904_800.jpg ↔ face_20260622_095855_209.jpg → similarity: 0.9459
2026-06-22 10:11:42  DEBUG     [classification.py:45]  face_20260622_095858_806.jpg ↔ face_20260622_095855_209.jpg → similarity: 0.9429
2026-06-22 10:11:42  DEBUG     [classification.py:45]  face_20260622_095900_206.jpg ↔ face_20260622_095855_209.jpg → similarity: 0.8619
2026-06-22 10:11:42  DEBUG     [classification.py:45]  face_20260622_095856_906.jpg ↔ face_20260622_095855_209.jpg → similarity: 0.8573
2026-06-22 10:11:42  DEBUG     [classification.py:45]  face_20260622_095903_607.jpg ↔ face_20260622_095855_209.jpg → similarity: 0.8437
2026-06-22 10:11:43  DEBUG     [classification.py:45]  face_20260622_095904_598.jpg ↔ face_20260622_095855_209.jpg → similarity: 0.9664
2026-06-22 10:11:43  INFO      [classification.py:112]    ⏭ Matched face_20260622_095855_209.jpg → person_1 (limit reached, skipped copy)
2026-06-22 10:11:43  INFO      [classification.py:91]  Created person_2 — reference: face_20260622_095854_125.jpg
2026-06-22 10:11:43  DEBUG     [classification.py:45]  face_20260622_095854_125.jpg ↔ face_20260622_095856_612.jpg → similarity: 0.8948
2026-06-22 10:11:43  DEBUG     [classification.py:45]  face_20260622_095854_125.jpg ↔ face_20260622_100002_972.jpg → similarity: 0.6889
2026-06-22 10:11:43  DEBUG     [classification.py:45]  face_20260622_095854_125.jpg ↔ face_20260622_095904_002.jpg → similarity: 0.1715
2026-06-22 10:11:43  DEBUG     [classification.py:45]  face_20260622_095854_125.jpg ↔ face_20260622_100003_255.jpg → similarity: 0.3691
2026-06-22 10:11:43  DEBUG     [classification.py:45]  face_20260622_095854_125.jpg ↔ face_20260622_100442_230.jpg → similarity: 0.2613
2026-06-22 10:11:43  DEBUG     [classification.py:45]  face_20260622_095854_125.jpg ↔ face_20260622_095902_107.jpg → similarity: 0.7893
2026-06-22 10:11:43  DEBUG     [classification.py:45]  face_20260622_095854_125.jpg ↔ face_20260622_095903_797.jpg → similarity: 0.2947
2026-06-22 10:11:43  DEBUG     [classification.py:45]  face_20260622_095854_125.jpg ↔ face_20260622_100718_981.jpg → similarity: 0.1503
2026-06-22 10:11:44  DEBUG     [classification.py:45]  face_20260622_095854_125.jpg ↔ face_20260622_095927_396.jpg → similarity: 0.5073
2026-06-22 10:11:44  DEBUG     [classification.py:45]  face_20260622_095854_125.jpg ↔ face_20260622_100003_057.jpg → similarity: 0.8643
2026-06-22 10:11:44  DEBUG     [classification.py:45]  face_20260622_095854_125.jpg ↔ face_20260622_095903_905.jpg → similarity: 0.4914
2026-06-22 10:11:44  DEBUG     [classification.py:45]  face_20260622_095854_125.jpg ↔ face_20260622_095903_701.jpg → similarity: 0.1935
2026-06-22 10:11:44  DEBUG     [classification.py:45]  face_20260622_095854_125.jpg ↔ face_20260622_100442_148.jpg → similarity: 0.9044
2026-06-22 10:11:44  DEBUG     [classification.py:45]  face_20260622_095854_125.jpg ↔ face_20260622_095908_512.jpg → similarity: 0.8709
2026-06-22 10:11:44  DEBUG     [classification.py:45]  face_20260622_095854_125.jpg ↔ face_20260622_100003_163.jpg → similarity: 0.4907
2026-06-22 10:11:44  DEBUG     [classification.py:45]  face_20260622_095854_125.jpg ↔ face_20260622_095910_513.jpg → similarity: 0.6682
2026-06-22 10:11:45  DEBUG     [classification.py:45]  face_20260622_095854_125.jpg ↔ face_20260622_095927_203.jpg → similarity: 0.3428
2026-06-22 10:11:45  DEBUG     [classification.py:45]  face_20260622_095854_125.jpg ↔ face_20260622_100442_310.jpg → similarity: 0.2133
2026-06-22 10:11:45  DEBUG     [classification.py:45]  face_20260622_095854_125.jpg ↔ face_20260622_100718_890.jpg → similarity: 0.1497
2026-06-22 10:11:45  INFO      [classification.py:91]  Created person_3 — reference: face_20260622_095856_612.jpg
2026-06-22 10:11:45  DEBUG     [classification.py:45]  face_20260622_095856_612.jpg ↔ face_20260622_100002_972.jpg → similarity: 0.2867
2026-06-22 10:11:45  DEBUG     [classification.py:45]  face_20260622_095856_612.jpg ↔ face_20260622_095904_002.jpg → similarity: 0.2589
2026-06-22 10:11:45  DEBUG     [classification.py:45]  face_20260622_095856_612.jpg ↔ face_20260622_100003_255.jpg → similarity: 0.0354
2026-06-22 10:11:45  DEBUG     [classification.py:45]  face_20260622_095856_612.jpg ↔ face_20260622_100442_230.jpg → similarity: 0.0450
2026-06-22 10:11:45  DEBUG     [classification.py:45]  face_20260622_095856_612.jpg ↔ face_20260622_095902_107.jpg → similarity: 0.7185
2026-06-22 10:11:45  DEBUG     [classification.py:45]  face_20260622_095856_612.jpg ↔ face_20260622_095903_797.jpg → similarity: 0.3622
2026-06-22 10:11:46  DEBUG     [classification.py:45]  face_20260622_095856_612.jpg ↔ face_20260622_100718_981.jpg → similarity: 0.0677
2026-06-22 10:11:46  DEBUG     [classification.py:45]  face_20260622_095856_612.jpg ↔ face_20260622_095927_396.jpg → similarity: 0.0614
2026-06-22 10:11:46  DEBUG     [classification.py:45]  face_20260622_095856_612.jpg ↔ face_20260622_100003_057.jpg → similarity: 0.7479
2026-06-22 10:11:46  DEBUG     [classification.py:45]  face_20260622_095856_612.jpg ↔ face_20260622_095903_905.jpg → similarity: 0.4660
2026-06-22 10:11:46  DEBUG     [classification.py:45]  face_20260622_095856_612.jpg ↔ face_20260622_095903_701.jpg → similarity: 0.1319
2026-06-22 10:11:46  DEBUG     [classification.py:45]  face_20260622_095856_612.jpg ↔ face_20260622_100442_148.jpg → similarity: 0.7072
2026-06-22 10:11:46  DEBUG     [classification.py:45]  face_20260622_095856_612.jpg ↔ face_20260622_095908_512.jpg → similarity: 0.6031
2026-06-22 10:11:46  DEBUG     [classification.py:45]  face_20260622_095856_612.jpg ↔ face_20260622_100003_163.jpg → similarity: 0.0829
2026-06-22 10:11:47  DEBUG     [classification.py:45]  face_20260622_095856_612.jpg ↔ face_20260622_095910_513.jpg → similarity: 0.3410
2026-06-22 10:11:47  DEBUG     [classification.py:45]  face_20260622_095856_612.jpg ↔ face_20260622_095927_203.jpg → similarity: 0.0350
2026-06-22 10:11:47  DEBUG     [classification.py:45]  face_20260622_095856_612.jpg ↔ face_20260622_100442_310.jpg → similarity: 0.0670
2026-06-22 10:11:47  DEBUG     [classification.py:45]  face_20260622_095856_612.jpg ↔ face_20260622_100718_890.jpg → similarity: 0.0241
2026-06-22 10:11:47  INFO      [classification.py:91]  Created person_4 — reference: face_20260622_100002_972.jpg
2026-06-22 10:11:47  DEBUG     [classification.py:45]  face_20260622_100002_972.jpg ↔ face_20260622_095904_002.jpg → similarity: 0.2724
2026-06-22 10:11:47  DEBUG     [classification.py:45]  face_20260622_100002_972.jpg ↔ face_20260622_100003_255.jpg → similarity: 0.9805
2026-06-22 10:11:47  INFO      [classification.py:110]    ✔ Copied face_20260622_100003_255.jpg → person_4 (2/7)
2026-06-22 10:11:47  DEBUG     [classification.py:45]  face_20260622_100002_972.jpg ↔ face_20260622_100442_230.jpg → similarity: 0.9776
2026-06-22 10:11:47  INFO      [classification.py:110]    ✔ Copied face_20260622_100442_230.jpg → person_4 (3/7)
2026-06-22 10:11:47  DEBUG     [classification.py:45]  face_20260622_100002_972.jpg ↔ face_20260622_095902_107.jpg → similarity: 0.4881
2026-06-22 10:11:48  DEBUG     [classification.py:45]  face_20260622_100003_255.jpg ↔ face_20260622_095902_107.jpg → similarity: 0.1822
2026-06-22 10:11:48  DEBUG     [classification.py:45]  face_20260622_100442_230.jpg ↔ face_20260622_095902_107.jpg → similarity: 0.1060
2026-06-22 10:11:48  DEBUG     [classification.py:45]  face_20260622_100002_972.jpg ↔ face_20260622_095903_797.jpg → similarity: 0.3382
2026-06-22 10:11:48  DEBUG     [classification.py:45]  face_20260622_100003_255.jpg ↔ face_20260622_095903_797.jpg → similarity: 0.2068
2026-06-22 10:11:48  DEBUG     [classification.py:45]  face_20260622_100442_230.jpg ↔ face_20260622_095903_797.jpg → similarity: 0.1004
2026-06-22 10:11:48  DEBUG     [classification.py:45]  face_20260622_100002_972.jpg ↔ face_20260622_100718_981.jpg → similarity: 0.9080
2026-06-22 10:11:48  DEBUG     [classification.py:45]  face_20260622_100003_255.jpg ↔ face_20260622_100718_981.jpg → similarity: 0.9866
2026-06-22 10:11:48  INFO      [classification.py:110]    ✔ Copied face_20260622_100718_981.jpg → person_4 (4/7)
2026-06-22 10:11:49  DEBUG     [classification.py:45]  face_20260622_100002_972.jpg ↔ face_20260622_095927_396.jpg → similarity: 0.9956
2026-06-22 10:11:49  INFO      [classification.py:110]    ✔ Copied face_20260622_095927_396.jpg → person_4 (5/7)
2026-06-22 10:11:49  DEBUG     [classification.py:45]  face_20260622_100002_972.jpg ↔ face_20260622_100003_057.jpg → similarity: 0.9983
2026-06-22 10:11:49  INFO      [classification.py:110]    ✔ Copied face_20260622_100003_057.jpg → person_4 (6/7)
2026-06-22 10:11:49  DEBUG     [classification.py:45]  face_20260622_100002_972.jpg ↔ face_20260622_095903_905.jpg → similarity: 0.2412
2026-06-22 10:11:49  DEBUG     [classification.py:45]  face_20260622_100003_255.jpg ↔ face_20260622_095903_905.jpg → similarity: 0.1931
2026-06-22 10:11:49  DEBUG     [classification.py:45]  face_20260622_100442_230.jpg ↔ face_20260622_095903_905.jpg → similarity: 0.0867
2026-06-22 10:11:49  DEBUG     [classification.py:45]  face_20260622_100718_981.jpg ↔ face_20260622_095903_905.jpg → similarity: 0.1268
2026-06-22 10:11:49  DEBUG     [classification.py:45]  face_20260622_095927_396.jpg ↔ face_20260622_095903_905.jpg → similarity: 0.2648
2026-06-22 10:11:49  DEBUG     [classification.py:45]  face_20260622_100003_057.jpg ↔ face_20260622_095903_905.jpg → similarity: 0.3102
2026-06-22 10:11:50  DEBUG     [classification.py:45]  face_20260622_100002_972.jpg ↔ face_20260622_095903_701.jpg → similarity: 0.3764
2026-06-22 10:11:50  DEBUG     [classification.py:45]  face_20260622_100003_255.jpg ↔ face_20260622_095903_701.jpg → similarity: 0.3097
2026-06-22 10:11:50  DEBUG     [classification.py:45]  face_20260622_100442_230.jpg ↔ face_20260622_095903_701.jpg → similarity: 0.1593
2026-06-22 10:11:50  DEBUG     [classification.py:45]  face_20260622_100718_981.jpg ↔ face_20260622_095903_701.jpg → similarity: 0.2180
2026-06-22 10:11:50  DEBUG     [classification.py:45]  face_20260622_095927_396.jpg ↔ face_20260622_095903_701.jpg → similarity: 0.3649
2026-06-22 10:11:50  DEBUG     [classification.py:45]  face_20260622_100003_057.jpg ↔ face_20260622_095903_701.jpg → similarity: 0.2197
2026-06-22 10:11:50  DEBUG     [classification.py:45]  face_20260622_100002_972.jpg ↔ face_20260622_100442_148.jpg → similarity: 0.9512
2026-06-22 10:11:50  INFO      [classification.py:110]    ✔ Copied face_20260622_100442_148.jpg → person_4 (7/7)
2026-06-22 10:11:51  DEBUG     [classification.py:45]  face_20260622_100002_972.jpg ↔ face_20260622_095908_512.jpg → similarity: 0.5932
2026-06-22 10:11:51  DEBUG     [classification.py:45]  face_20260622_100003_255.jpg ↔ face_20260622_095908_512.jpg → similarity: 0.6879
2026-06-22 10:11:51  DEBUG     [classification.py:45]  face_20260622_100442_230.jpg ↔ face_20260622_095908_512.jpg → similarity: 0.7976
2026-06-22 10:11:51  DEBUG     [classification.py:45]  face_20260622_100718_981.jpg ↔ face_20260622_095908_512.jpg → similarity: 0.6003
2026-06-22 10:11:51  DEBUG     [classification.py:45]  face_20260622_095927_396.jpg ↔ face_20260622_095908_512.jpg → similarity: 0.5396
2026-06-22 10:11:51  DEBUG     [classification.py:45]  face_20260622_100003_057.jpg ↔ face_20260622_095908_512.jpg → similarity: 0.9265
2026-06-22 10:11:51  DEBUG     [classification.py:45]  face_20260622_100442_148.jpg ↔ face_20260622_095908_512.jpg → similarity: 0.8512
2026-06-22 10:11:52  DEBUG     [classification.py:45]  face_20260622_100002_972.jpg ↔ face_20260622_100003_163.jpg → similarity: 0.9960
2026-06-22 10:11:52  INFO      [classification.py:112]    ⏭ Matched face_20260622_100003_163.jpg → person_4 (limit reached, skipped copy)
2026-06-22 10:11:52  DEBUG     [classification.py:45]  face_20260622_100002_972.jpg ↔ face_20260622_095910_513.jpg → similarity: 0.4940
2026-06-22 10:11:52  DEBUG     [classification.py:45]  face_20260622_100003_255.jpg ↔ face_20260622_095910_513.jpg → similarity: 0.6926
2026-06-22 10:11:52  DEBUG     [classification.py:45]  face_20260622_100442_230.jpg ↔ face_20260622_095910_513.jpg → similarity: 0.6525
2026-06-22 10:11:52  DEBUG     [classification.py:45]  face_20260622_100718_981.jpg ↔ face_20260622_095910_513.jpg → similarity: 0.7013
2026-06-22 10:11:52  DEBUG     [classification.py:45]  face_20260622_095927_396.jpg ↔ face_20260622_095910_513.jpg → similarity: 0.6772
2026-06-22 10:11:53  DEBUG     [classification.py:45]  face_20260622_100003_057.jpg ↔ face_20260622_095910_513.jpg → similarity: 0.9060
2026-06-22 10:11:53  DEBUG     [classification.py:45]  face_20260622_100442_148.jpg ↔ face_20260622_095910_513.jpg → similarity: 0.6384
2026-06-22 10:11:53  DEBUG     [classification.py:45]  face_20260622_100003_163.jpg ↔ face_20260622_095910_513.jpg → similarity: 0.6436
2026-06-22 10:11:53  DEBUG     [classification.py:45]  face_20260622_100002_972.jpg ↔ face_20260622_095927_203.jpg → similarity: 0.9757
2026-06-22 10:11:53  INFO      [classification.py:112]    ⏭ Matched face_20260622_095927_203.jpg → person_4 (limit reached, skipped copy)
2026-06-22 10:11:53  DEBUG     [classification.py:45]  face_20260622_100002_972.jpg ↔ face_20260622_100442_310.jpg → similarity: 0.9760
2026-06-22 10:11:53  INFO      [classification.py:112]    ⏭ Matched face_20260622_100442_310.jpg → person_4 (limit reached, skipped copy)
2026-06-22 10:11:53  DEBUG     [classification.py:45]  face_20260622_100002_972.jpg ↔ face_20260622_100718_890.jpg → similarity: 0.9015
2026-06-22 10:11:54  DEBUG     [classification.py:45]  face_20260622_100003_255.jpg ↔ face_20260622_100718_890.jpg → similarity: 0.9847
2026-06-22 10:11:54  INFO      [classification.py:112]    ⏭ Matched face_20260622_100718_890.jpg → person_4 (limit reached, skipped copy)
2026-06-22 10:11:54  INFO      [classification.py:91]  Created person_5 — reference: face_20260622_095904_002.jpg
2026-06-22 10:11:54  DEBUG     [classification.py:45]  face_20260622_095904_002.jpg ↔ face_20260622_095902_107.jpg → similarity: 0.2316
2026-06-22 10:11:54  DEBUG     [classification.py:45]  face_20260622_095904_002.jpg ↔ face_20260622_095903_797.jpg → similarity: 0.9822
2026-06-22 10:11:54  INFO      [classification.py:110]    ✔ Copied face_20260622_095903_797.jpg → person_5 (2/7)
2026-06-22 10:11:54  DEBUG     [classification.py:45]  face_20260622_095904_002.jpg ↔ face_20260622_095903_905.jpg → similarity: 0.9569
2026-06-22 10:11:54  INFO      [classification.py:110]    ✔ Copied face_20260622_095903_905.jpg → person_5 (3/7)
2026-06-22 10:11:54  DEBUG     [classification.py:45]  face_20260622_095904_002.jpg ↔ face_20260622_095903_701.jpg → similarity: 0.9762
2026-06-22 10:11:54  INFO      [classification.py:110]    ✔ Copied face_20260622_095903_701.jpg → person_5 (4/7)
2026-06-22 10:11:54  DEBUG     [classification.py:45]  face_20260622_095904_002.jpg ↔ face_20260622_095908_512.jpg → similarity: 0.0873
2026-06-22 10:11:54  DEBUG     [classification.py:45]  face_20260622_095903_797.jpg ↔ face_20260622_095908_512.jpg → similarity: 0.1044
2026-06-22 10:11:54  DEBUG     [classification.py:45]  face_20260622_095903_905.jpg ↔ face_20260622_095908_512.jpg → similarity: 0.2557
2026-06-22 10:11:54  DEBUG     [classification.py:45]  face_20260622_095903_701.jpg ↔ face_20260622_095908_512.jpg → similarity: 0.0787
2026-06-22 10:11:55  DEBUG     [classification.py:45]  face_20260622_095904_002.jpg ↔ face_20260622_095910_513.jpg → similarity: 0.0939
2026-06-22 10:11:55  DEBUG     [classification.py:45]  face_20260622_095903_797.jpg ↔ face_20260622_095910_513.jpg → similarity: 0.0573
2026-06-22 10:11:55  DEBUG     [classification.py:45]  face_20260622_095903_905.jpg ↔ face_20260622_095910_513.jpg → similarity: 0.1320
2026-06-22 10:11:55  DEBUG     [classification.py:45]  face_20260622_095903_701.jpg ↔ face_20260622_095910_513.jpg → similarity: 0.0431
2026-06-22 10:11:55  INFO      [classification.py:91]  Created person_6 — reference: face_20260622_095902_107.jpg
2026-06-22 10:11:55  DEBUG     [classification.py:45]  face_20260622_095902_107.jpg ↔ face_20260622_095908_512.jpg → similarity: 0.7048
2026-06-22 10:11:55  DEBUG     [classification.py:45]  face_20260622_095902_107.jpg ↔ face_20260622_095910_513.jpg → similarity: 0.4975
2026-06-22 10:11:55  INFO      [classification.py:91]  Created person_7 — reference: face_20260622_095908_512.jpg
2026-06-22 10:11:55  DEBUG     [classification.py:45]  face_20260622_095908_512.jpg ↔ face_20260622_095910_513.jpg → similarity: 0.9927
2026-06-22 10:11:55  INFO      [classification.py:110]    ✔ Copied face_20260622_095910_513.jpg → person_7 (2/7)
2026-06-22 10:11:55  INFO      [classification.py:119]  Classification complete — 7 person(s) found for calendar 2108.
2026-06-22 10:11:55  INFO      [main.py:143]  Recognizing persons for calendar 2108...
2026-06-22 10:11:55  INFO      [recognition.py:139]  Recognizing 7 person(s) for calendar 2108...
2026-06-22 10:11:56  DEBUG     [recognition.py:192]  person_1/face_20260622_095859_105.jpg → userId=3 (similarity=0.9718)
2026-06-22 10:11:56  DEBUG     [recognition.py:192]  person_1/face_20260622_095904_904.jpg → userId=3 (similarity=0.9532)
2026-06-22 10:11:56  DEBUG     [recognition.py:192]  person_1/face_20260622_095857_807.jpg → userId=3 (similarity=0.9595)
2026-06-22 10:11:56  DEBUG     [recognition.py:192]  person_1/face_20260622_095904_800.jpg → userId=3 (similarity=0.9406)
2026-06-22 10:11:56  DEBUG     [recognition.py:192]  person_1/face_20260622_095858_806.jpg → userId=3 (similarity=0.9783)
2026-06-22 10:11:56  DEBUG     [recognition.py:192]  person_1/face_20260622_095900_206.jpg → userId=3 (similarity=0.9459)
2026-06-22 10:11:56  DEBUG     [recognition.py:192]  person_1/face_20260622_095856_906.jpg → userId=3 (similarity=0.8851)
2026-06-22 10:11:56  INFO      [recognition.py:216]  person_1 → userId=3 (7 votes, avg similarity=0.9478)
2026-06-22 10:11:56  DEBUG     [recognition.py:192]  person_2/face_20260622_095854_125.jpg → userId=3 (similarity=0.5730)
2026-06-22 10:11:56  WARNING   [recognition.py:207]  person_2 → rejected (avg similarity=0.5730 < threshold=0.85)
2026-06-22 10:11:56  DEBUG     [recognition.py:192]  person_3/face_20260622_095856_612.jpg → userId=3 (similarity=0.7950)
2026-06-22 10:11:56  WARNING   [recognition.py:207]  person_3 → rejected (avg similarity=0.7950 < threshold=0.85)
2026-06-22 10:11:56  DEBUG     [recognition.py:192]  person_4/face_20260622_100002_972.jpg → userId=3 (similarity=0.6819)
2026-06-22 10:11:56  DEBUG     [recognition.py:192]  person_4/face_20260622_100003_255.jpg → userId=3 (similarity=0.6748)
2026-06-22 10:11:56  DEBUG     [recognition.py:192]  person_4/face_20260622_100442_230.jpg → userId=3 (similarity=0.6961)
2026-06-22 10:11:56  DEBUG     [recognition.py:192]  person_4/face_20260622_100718_981.jpg → userId=3 (similarity=0.4952)
2026-06-22 10:11:56  DEBUG     [recognition.py:192]  person_4/face_20260622_095927_396.jpg → userId=3 (similarity=0.6497)
2026-06-22 10:11:56  DEBUG     [recognition.py:192]  person_4/face_20260622_100003_057.jpg → userId=3 (similarity=0.8511)
2026-06-22 10:11:56  DEBUG     [recognition.py:192]  person_4/face_20260622_100442_148.jpg → userId=3 (similarity=0.6991)
2026-06-22 10:11:56  WARNING   [recognition.py:207]  person_4 → rejected (avg similarity=0.6783 < threshold=0.85)
2026-06-22 10:11:57  DEBUG     [recognition.py:192]  person_5/face_20260622_095904_002.jpg → userId=3 (similarity=0.3063)
2026-06-22 10:11:57  DEBUG     [recognition.py:192]  person_5/face_20260622_095903_797.jpg → userId=3 (similarity=0.4208)
2026-06-22 10:11:57  DEBUG     [recognition.py:192]  person_5/face_20260622_095903_905.jpg → userId=3 (similarity=0.3635)
2026-06-22 10:11:57  DEBUG     [recognition.py:192]  person_5/face_20260622_095903_701.jpg → userId=3 (similarity=0.2325)
2026-06-22 10:11:57  WARNING   [recognition.py:207]  person_5 → rejected (avg similarity=0.3308 < threshold=0.85)
2026-06-22 10:11:57  DEBUG     [recognition.py:192]  person_6/face_20260622_095902_107.jpg → userId=3 (similarity=0.3219)
2026-06-22 10:11:57  WARNING   [recognition.py:207]  person_6 → rejected (avg similarity=0.3219 < threshold=0.85)
2026-06-22 10:11:57  DEBUG     [recognition.py:192]  person_7/face_20260622_095908_512.jpg → userId=3 (similarity=0.3766)
2026-06-22 10:11:57  DEBUG     [recognition.py:192]  person_7/face_20260622_095910_513.jpg → userId=3 (similarity=0.5801)
2026-06-22 10:11:57  WARNING   [recognition.py:207]  person_7 → rejected (avg similarity=0.4784 < threshold=0.85)
2026-06-22 10:11:57  INFO      [recognition.py:223]  Deleted recognized folder: person_1
2026-06-22 10:11:57  INFO      [recognition.py:228]  Cleanup complete — 1 folder(s) deleted, 6 unknown folder(s) kept.
2026-06-22 10:11:57  INFO      [recognition.py:229]  Recognition complete — 1 student(s) identified.
2026-06-22 10:11:57  INFO      [main.py:145]  Recognized students: {'3': 0.9477642857142856}
2026-06-22 10:11:57  DEBUG     [client.py:48]  POST https://192.168.1.249:5004/scl/update-attendance-student/9562
2026-06-22 10:11:57  INFO      [attendance_service.py:13]  Attendance 9562 updated - present: True.
2026-06-22 10:11:57  DEBUG     [client.py:48]  POST https://192.168.1.249:5004/scl/update-attendance-student/9563
2026-06-22 10:11:57  INFO      [attendance_service.py:13]  Attendance 9563 updated - present: False.
2026-06-22 10:11:57  INFO      [main.py:166]  Unenrolling students for calendar 2108...
2026-06-22 10:11:57  INFO      [recognition.py:112]  Unenrolled student 3 from CompreFace.
2026-06-22 10:11:57  INFO      [recognition.py:112]  Unenrolled student 683 from CompreFace.
2026-06-22 10:11:57  INFO      [dataset_cleaner.py:19]  Deleted face_crops for session 2108.
2026-06-22 10:11:57  INFO      [main.py:173]  Calendar 2108 completed.
2026-06-22 10:12:07  INFO      [main.py:52]  Checking calendars at 10:12:07
2026-06-22 10:12:07  DEBUG     [client.py:31]  GET https://192.168.1.249:5004/scl/get-all-calender
2026-06-22 10:12:07  INFO      [calendar_service.py:44]  Fetched 2 valid session(s).
2026-06-22 10:12:17  INFO      [main.py:52]  Checking calendars at 10:12:17
2026-06-22 10:12:17  DEBUG     [client.py:31]  GET https://192.168.1.249:5004/scl/get-all-calender
2026-06-22 10:12:17  INFO      [calendar_service.py:44]  Fetched 2 valid session(s).
2026-06-22 10:12:27  INFO      [main.py:52]  Checking calendars at 10:12:27
2026-06-22 10:12:27  DEBUG     [client.py:31]  GET https://192.168.1.249:5004/scl/get-all-calender
2026-06-22 10:12:27  INFO      [calendar_service.py:44]  Fetched 2 valid session(s).
2026-06-22 10:12:37  INFO      [main.py:52]  Checking calendars at 10:12:37
2026-06-22 10:12:37  DEBUG     [client.py:31]  GET https://192.168.1.249:5004/scl/get-all-calender
2026-06-22 10:12:37  INFO      [calendar_service.py:44]  Fetched 2 valid session(s).
2026-06-22 10:12:47  INFO      [main.py:52]  Checking calendars at 10:12:47
2026-06-22 10:12:47  DEBUG     [client.py:31]  GET https://192.168.1.249:5004/scl/get-all-calender
2026-06-22 10:12:47  INFO      [calendar_service.py:44]  Fetched 2 valid session(s).
2026-06-22 10:12:57  INFO      [main.py:52]  Checking calendars at 10:12:57
2026-06-22 10:12:57  DEBUG     [client.py:31]  GET https://192.168.1.249:5004/scl/get-all-calender
2026-06-22 10:12:57  INFO      [calendar_service.py:44]  Fetched 2 valid session(s).
2026-06-22 10:13:07  INFO      [main.py:52]  Checking calendars at 10:13:07
2026-06-22 10:13:07  DEBUG     [client.py:31]  GET https://192.168.1.249:5004/scl/get-all-calender
2026-06-22 10:13:07  INFO      [calendar_service.py:44]  Fetched 2 valid session(s).
2026-06-22 10:13:17  INFO      [main.py:52]  Checking calendars at 10:13:17
2026-06-22 10:13:17  DEBUG     [client.py:31]  GET https://192.168.1.249:5004/scl/get-all-calender
2026-06-22 10:13:17  INFO      [calendar_service.py:44]  Fetched 2 valid session(s).
2026-06-22 10:13:27  INFO      [main.py:52]  Checking calendars at 10:13:27
2026-06-22 10:13:27  DEBUG     [client.py:31]  GET https://192.168.1.249:5004/scl/get-all-calender
2026-06-22 10:13:27  INFO      [calendar_service.py:44]  Fetched 2 valid session(s).
2026-06-22 10:13:37  INFO      [main.py:52]  Checking calendars at 10:13:37
2026-06-22 10:13:37  DEBUG     [client.py:31]  GET https://192.168.1.249:5004/scl/get-all-calender
2026-06-22 10:13:37  INFO      [calendar_service.py:44]  Fetched 2 valid session(s).
2026-06-22 10:13:47  INFO      [main.py:52]  Checking calendars at 10:13:47
2026-06-22 10:13:47  DEBUG     [client.py:31]  GET https://192.168.1.249:5004/scl/get-all-calender
2026-06-22 10:13:47  INFO      [calendar_service.py:44]  Fetched 2 valid session(s).
2026-06-22 10:13:57  INFO      [main.py:52]  Checking calendars at 10:13:57
2026-06-22 10:13:57  DEBUG     [client.py:31]  GET https://192.168.1.249:5004/scl/get-all-calender
2026-06-22 10:13:58  INFO      [calendar_service.py:44]  Fetched 2 valid session(s).
2026-06-22 10:14:08  INFO      [main.py:52]  Checking calendars at 10:14:08
2026-06-22 10:14:08  DEBUG     [client.py:31]  GET https://192.168.1.249:5004/scl/get-all-calender
2026-06-22 10:14:08  INFO      [calendar_service.py:44]  Fetched 2 valid session(s).
2026-06-22 10:14:18  INFO      [main.py:52]  Checking calendars at 10:14:18
2026-06-22 10:14:18  DEBUG     [client.py:31]  GET https://192.168.1.249:5004/scl/get-all-calender
2026-06-22 10:14:18  INFO      [calendar_service.py:44]  Fetched 2 valid session(s).
2026-06-22 10:14:28  INFO      [main.py:52]  Checking calendars at 10:14:28
2026-06-22 10:14:28  DEBUG     [client.py:31]  GET https://192.168.1.249:5004/scl/get-all-calender
2026-06-22 10:14:28  INFO      [calendar_service.py:44]  Fetched 2 valid session(s).
2026-06-22 10:14:38  INFO      [main.py:52]  Checking calendars at 10:14:38
2026-06-22 10:14:38  DEBUG     [client.py:31]  GET https://192.168.1.249:5004/scl/get-all-calender
2026-06-22 10:14:38  INFO      [calendar_service.py:44]  Fetched 2 valid session(s).
2026-06-22 10:14:48  INFO      [main.py:52]  Checking calendars at 10:14:48
2026-06-22 10:14:48  DEBUG     [client.py:31]  GET https://192.168.1.249:5004/scl/get-all-calender
2026-06-22 10:14:48  INFO      [calendar_service.py:44]  Fetched 2 valid session(s).
2026-06-22 10:14:58  INFO      [main.py:52]  Checking calendars at 10:14:58
2026-06-22 10:14:58  DEBUG     [client.py:31]  GET https://192.168.1.249:5004/scl/get-all-calender
2026-06-22 10:14:58  INFO      [calendar_service.py:44]  Fetched 2 valid session(s).
2026-06-22 10:15:08  INFO      [main.py:52]  Checking calendars at 10:15:08
2026-06-22 10:15:08  DEBUG     [client.py:31]  GET https://192.168.1.249:5004/scl/get-all-calender
2026-06-22 10:15:08  INFO      [calendar_service.py:44]  Fetched 2 valid session(s).
2026-06-22 10:15:18  INFO      [main.py:52]  Checking calendars at 10:15:18
2026-06-22 10:15:18  DEBUG     [client.py:31]  GET https://192.168.1.249:5004/scl/get-all-calender
2026-06-22 10:15:18  INFO      [calendar_service.py:44]  Fetched 2 valid session(s).
2026-06-22 10:15:28  INFO      [main.py:52]  Checking calendars at 10:15:28
2026-06-22 10:15:28  DEBUG     [client.py:31]  GET https://192.168.1.249:5004/scl/get-all-calender
2026-06-22 10:15:28  INFO      [calendar_service.py:44]  Fetched 2 valid session(s).
2026-06-22 10:15:38  INFO      [main.py:52]  Checking calendars at 10:15:38
2026-06-22 10:15:38  DEBUG     [client.py:31]  GET https://192.168.1.249:5004/scl/get-all-calender
2026-06-22 10:15:38  INFO      [calendar_service.py:44]  Fetched 2 valid session(s).
2026-06-22 10:15:48  INFO      [main.py:52]  Checking calendars at 10:15:48
2026-06-22 10:15:48  DEBUG     [client.py:31]  GET https://192.168.1.249:5004/scl/get-all-calender
2026-06-22 10:15:48  INFO      [calendar_service.py:44]  Fetched 2 valid session(s).
2026-06-22 10:15:58  INFO      [main.py:52]  Checking calendars at 10:15:58
2026-06-22 10:15:58  DEBUG     [client.py:31]  GET https://192.168.1.249:5004/scl/get-all-calender
2026-06-22 10:15:58  INFO      [calendar_service.py:44]  Fetched 2 valid session(s).
2026-06-22 10:16:08  INFO      [main.py:52]  Checking calendars at 10:16:08
2026-06-22 10:16:08  DEBUG     [client.py:31]  GET https://192.168.1.249:5004/scl/get-all-calender
2026-06-22 10:16:08  INFO      [calendar_service.py:44]  Fetched 2 valid session(s).
2026-06-22 10:16:18  INFO      [main.py:52]  Checking calendars at 10:16:18
2026-06-22 10:16:18  DEBUG     [client.py:31]  GET https://192.168.1.249:5004/scl/get-all-calender
2026-06-22 10:16:18  INFO      [calendar_service.py:44]  Fetched 2 valid session(s).
2026-06-22 10:16:28  INFO      [main.py:52]  Checking calendars at 10:16:28
2026-06-22 10:16:28  DEBUG     [client.py:31]  GET https://192.168.1.249:5004/scl/get-all-calender
2026-06-22 10:16:28  INFO      [calendar_service.py:44]  Fetched 2 valid session(s).
2026-06-22 10:16:38  INFO      [main.py:52]  Checking calendars at 10:16:38
2026-06-22 10:16:38  DEBUG     [client.py:31]  GET https://192.168.1.249:5004/scl/get-all-calender
2026-06-22 10:16:38  INFO      [calendar_service.py:44]  Fetched 2 valid session(s).
2026-06-22 10:16:48  INFO      [main.py:52]  Checking calendars at 10:16:48
2026-06-22 10:16:48  DEBUG     [client.py:31]  GET https://192.168.1.249:5004/scl/get-all-calender
2026-06-22 10:16:48  INFO      [calendar_service.py:44]  Fetched 2 valid session(s).
2026-06-22 10:16:58  INFO      [main.py:52]  Checking calendars at 10:16:58
2026-06-22 10:16:58  DEBUG     [client.py:31]  GET https://192.168.1.249:5004/scl/get-all-calender
2026-06-22 10:16:58  INFO      [calendar_service.py:44]  Fetched 2 valid session(s).
2026-06-22 10:17:08  INFO      [main.py:52]  Checking calendars at 10:17:08
2026-06-22 10:17:08  DEBUG     [client.py:31]  GET https://192.168.1.249:5004/scl/get-all-calender
2026-06-22 10:17:08  INFO      [calendar_service.py:44]  Fetched 2 valid session(s).
2026-06-22 10:17:18  INFO      [main.py:52]  Checking calendars at 10:17:18
2026-06-22 10:17:18  DEBUG     [client.py:31]  GET https://192.168.1.249:5004/scl/get-all-calender
2026-06-22 10:17:18  INFO      [calendar_service.py:44]  Fetched 2 valid session(s).
2026-06-22 10:17:28  INFO      [main.py:52]  Checking calendars at 10:17:28
2026-06-22 10:17:28  DEBUG     [client.py:31]  GET https://192.168.1.249:5004/scl/get-all-calender
2026-06-22 10:17:28  INFO      [calendar_service.py:44]  Fetched 2 valid session(s).
2026-06-22 10:17:38  INFO      [main.py:52]  Checking calendars at 10:17:38
2026-06-22 10:17:38  DEBUG     [client.py:31]  GET https://192.168.1.249:5004/scl/get-all-calender
2026-06-22 10:17:38  INFO      [calendar_service.py:44]  Fetched 2 valid session(s).
2026-06-22 10:17:48  INFO      [main.py:52]  Checking calendars at 10:17:48
2026-06-22 10:17:48  DEBUG     [client.py:31]  GET https://192.168.1.249:5004/scl/get-all-calender
2026-06-22 10:17:48  INFO      [calendar_service.py:44]  Fetched 2 valid session(s).
2026-06-22 10:17:58  INFO      [main.py:52]  Checking calendars at 10:17:58
2026-06-22 10:17:58  DEBUG     [client.py:31]  GET https://192.168.1.249:5004/scl/get-all-calender
2026-06-22 10:17:58  INFO      [calendar_service.py:44]  Fetched 2 valid session(s).
2026-06-22 10:18:08  INFO      [main.py:52]  Checking calendars at 10:18:08
2026-06-22 10:18:08  DEBUG     [client.py:31]  GET https://192.168.1.249:5004/scl/get-all-calender
2026-06-22 10:18:08  INFO      [calendar_service.py:44]  Fetched 2 valid session(s).
2026-06-22 10:18:18  INFO      [main.py:52]  Checking calendars at 10:18:18
2026-06-22 10:18:18  DEBUG     [client.py:31]  GET https://192.168.1.249:5004/scl/get-all-calender
2026-06-22 10:18:18  INFO      [calendar_service.py:44]  Fetched 2 valid session(s).
2026-06-22 10:18:28  INFO      [main.py:52]  Checking calendars at 10:18:28
2026-06-22 10:18:28  DEBUG     [client.py:31]  GET https://192.168.1.249:5004/scl/get-all-calender
2026-06-22 10:18:28  INFO      [calendar_service.py:44]  Fetched 2 valid session(s).
2026-06-22 10:18:39  INFO      [main.py:52]  Checking calendars at 10:18:39
2026-06-22 10:18:39  DEBUG     [client.py:31]  GET https://192.168.1.249:5004/scl/get-all-calender
2026-06-22 10:18:39  INFO      [calendar_service.py:44]  Fetched 2 valid session(s).
2026-06-22 10:18:49  INFO      [main.py:52]  Checking calendars at 10:18:49
2026-06-22 10:18:49  DEBUG     [client.py:31]  GET https://192.168.1.249:5004/scl/get-all-calender
2026-06-22 10:18:49  INFO      [calendar_service.py:44]  Fetched 2 valid session(s).
2026-06-22 10:18:59  INFO      [main.py:52]  Checking calendars at 10:18:59
2026-06-22 10:18:59  DEBUG     [client.py:31]  GET https://192.168.1.249:5004/scl/get-all-calender
2026-06-22 10:18:59  INFO      [calendar_service.py:44]  Fetched 2 valid session(s).
2026-06-22 10:19:09  INFO      [main.py:52]  Checking calendars at 10:19:09
2026-06-22 10:19:09  DEBUG     [client.py:31]  GET https://192.168.1.249:5004/scl/get-all-calender
2026-06-22 10:19:09  INFO      [calendar_service.py:44]  Fetched 2 valid session(s).
2026-06-22 10:19:19  INFO      [main.py:52]  Checking calendars at 10:19:19
2026-06-22 10:19:19  DEBUG     [client.py:31]  GET https://192.168.1.249:5004/scl/get-all-calender
2026-06-22 10:19:19  INFO      [calendar_service.py:44]  Fetched 2 valid session(s).
2026-06-22 10:19:29  INFO      [main.py:52]  Checking calendars at 10:19:29
2026-06-22 10:19:29  DEBUG     [client.py:31]  GET https://192.168.1.249:5004/scl/get-all-calender
2026-06-22 10:19:29  INFO      [calendar_service.py:44]  Fetched 2 valid session(s).
2026-06-22 10:19:39  INFO      [main.py:52]  Checking calendars at 10:19:39
2026-06-22 10:19:39  DEBUG     [client.py:31]  GET https://192.168.1.249:5004/scl/get-all-calender
2026-06-22 10:19:39  INFO      [calendar_service.py:44]  Fetched 2 valid session(s).
2026-06-22 10:19:49  INFO      [main.py:52]  Checking calendars at 10:19:49
2026-06-22 10:19:49  DEBUG     [client.py:31]  GET https://192.168.1.249:5004/scl/get-all-calender
2026-06-22 10:19:49  INFO      [calendar_service.py:44]  Fetched 2 valid session(s).
2026-06-22 10:19:59  INFO      [main.py:52]  Checking calendars at 10:19:59
2026-06-22 10:19:59  DEBUG     [client.py:31]  GET https://192.168.1.249:5004/scl/get-all-calender
2026-06-22 10:19:59  INFO      [calendar_service.py:44]  Fetched 2 valid session(s).
2026-06-22 10:20:09  INFO      [main.py:52]  Checking calendars at 10:20:09
2026-06-22 10:20:09  DEBUG     [client.py:31]  GET https://192.168.1.249:5004/scl/get-all-calender
2026-06-22 10:20:09  INFO      [calendar_service.py:44]  Fetched 2 valid session(s).
2026-06-22 10:20:19  INFO      [main.py:52]  Checking calendars at 10:20:19
2026-06-22 10:20:19  DEBUG     [client.py:31]  GET https://192.168.1.249:5004/scl/get-all-calender
2026-06-22 10:20:19  INFO      [calendar_service.py:44]  Fetched 2 valid session(s).
2026-06-22 10:20:29  INFO      [main.py:52]  Checking calendars at 10:20:29
2026-06-22 10:20:29  DEBUG     [client.py:31]  GET https://192.168.1.249:5004/scl/get-all-calender
2026-06-22 10:20:29  INFO      [calendar_service.py:44]  Fetched 2 valid session(s).
2026-06-22 10:20:39  INFO      [main.py:52]  Checking calendars at 10:20:39
2026-06-22 10:20:39  DEBUG     [client.py:31]  GET https://192.168.1.249:5004/scl/get-all-calender
2026-06-22 10:20:39  INFO      [calendar_service.py:44]  Fetched 2 valid session(s).
2026-06-22 10:20:49  INFO      [main.py:52]  Checking calendars at 10:20:49
2026-06-22 10:20:49  DEBUG     [client.py:31]  GET https://192.168.1.249:5004/scl/get-all-calender
2026-06-22 10:20:49  INFO      [calendar_service.py:44]  Fetched 2 valid session(s).
2026-06-22 10:20:59  INFO      [main.py:52]  Checking calendars at 10:20:59
2026-06-22 10:20:59  DEBUG     [client.py:31]  GET https://192.168.1.249:5004/scl/get-all-calender
2026-06-22 10:20:59  INFO      [calendar_service.py:44]  Fetched 2 valid session(s).
2026-06-22 10:21:09  INFO      [main.py:52]  Checking calendars at 10:21:09
2026-06-22 10:21:09  DEBUG     [client.py:31]  GET https://192.168.1.249:5004/scl/get-all-calender
2026-06-22 10:21:09  INFO      [calendar_service.py:44]  Fetched 2 valid session(s).
2026-06-22 10:21:19  INFO      [main.py:52]  Checking calendars at 10:21:19
2026-06-22 10:21:19  DEBUG     [client.py:31]  GET https://192.168.1.249:5004/scl/get-all-calender
2026-06-22 10:21:19  INFO      [calendar_service.py:44]  Fetched 2 valid session(s).
2026-06-22 10:21:29  INFO      [main.py:52]  Checking calendars at 10:21:29
2026-06-22 10:21:29  DEBUG     [client.py:31]  GET https://192.168.1.249:5004/scl/get-all-calender
2026-06-22 10:21:29  INFO      [calendar_service.py:44]  Fetched 2 valid session(s).
2026-06-22 10:21:39  INFO      [main.py:52]  Checking calendars at 10:21:39
2026-06-22 10:21:39  DEBUG     [client.py:31]  GET https://192.168.1.249:5004/scl/get-all-calender
2026-06-22 10:21:39  INFO      [calendar_service.py:44]  Fetched 2 valid session(s).
2026-06-22 10:21:49  INFO      [main.py:52]  Checking calendars at 10:21:49
2026-06-22 10:21:49  DEBUG     [client.py:31]  GET https://192.168.1.249:5004/scl/get-all-calender
2026-06-22 10:21:49  INFO      [calendar_service.py:44]  Fetched 2 valid session(s).
2026-06-22 10:21:59  INFO      [main.py:52]  Checking calendars at 10:21:59
2026-06-22 10:21:59  DEBUG     [client.py:31]  GET https://192.168.1.249:5004/scl/get-all-calender
2026-06-22 10:21:59  INFO      [calendar_service.py:44]  Fetched 2 valid session(s).
2026-06-22 10:22:09  INFO      [main.py:52]  Checking calendars at 10:22:09
2026-06-22 10:22:09  DEBUG     [client.py:31]  GET https://192.168.1.249:5004/scl/get-all-calender
2026-06-22 10:22:09  INFO      [calendar_service.py:44]  Fetched 2 valid session(s).
2026-06-22 10:22:19  INFO      [main.py:52]  Checking calendars at 10:22:19
2026-06-22 10:22:19  DEBUG     [client.py:31]  GET https://192.168.1.249:5004/scl/get-all-calender
2026-06-22 10:22:19  INFO      [calendar_service.py:44]  Fetched 2 valid session(s).
2026-06-22 10:22:29  INFO      [main.py:52]  Checking calendars at 10:22:29
2026-06-22 10:22:29  DEBUG     [client.py:31]  GET https://192.168.1.249:5004/scl/get-all-calender
2026-06-22 10:22:29  INFO      [calendar_service.py:44]  Fetched 2 valid session(s).
2026-06-22 10:22:39  INFO      [main.py:52]  Checking calendars at 10:22:39
2026-06-22 10:22:39  DEBUG     [client.py:31]  GET https://192.168.1.249:5004/scl/get-all-calender
2026-06-22 10:22:39  INFO      [calendar_service.py:44]  Fetched 2 valid session(s).
2026-06-22 10:22:49  INFO      [main.py:52]  Checking calendars at 10:22:49
2026-06-22 10:22:49  DEBUG     [client.py:31]  GET https://192.168.1.249:5004/scl/get-all-calender
2026-06-22 10:22:49  INFO      [calendar_service.py:44]  Fetched 2 valid session(s).
2026-06-22 10:23:00  INFO      [main.py:52]  Checking calendars at 10:23:00
2026-06-22 10:23:00  DEBUG     [client.py:31]  GET https://192.168.1.249:5004/scl/get-all-calender
2026-06-22 10:23:00  INFO      [calendar_service.py:44]  Fetched 2 valid session(s).
2026-06-22 10:23:10  INFO      [main.py:52]  Checking calendars at 10:23:10
2026-06-22 10:23:10  DEBUG     [client.py:31]  GET https://192.168.1.249:5004/scl/get-all-calender
2026-06-22 10:23:10  INFO      [calendar_service.py:44]  Fetched 2 valid session(s).
2026-06-22 10:23:20  INFO      [main.py:52]  Checking calendars at 10:23:20
2026-06-22 10:23:20  DEBUG     [client.py:31]  GET https://192.168.1.249:5004/scl/get-all-calender
2026-06-22 10:23:20  INFO      [calendar_service.py:44]  Fetched 2 valid session(s).
2026-06-22 10:23:30  INFO      [main.py:52]  Checking calendars at 10:23:30
2026-06-22 10:23:30  DEBUG     [client.py:31]  GET https://192.168.1.249:5004/scl/get-all-calender
2026-06-22 10:23:30  INFO      [calendar_service.py:44]  Fetched 2 valid session(s).
2026-06-22 10:23:40  INFO      [main.py:52]  Checking calendars at 10:23:40
2026-06-22 10:23:40  DEBUG     [client.py:31]  GET https://192.168.1.249:5004/scl/get-all-calender
2026-06-22 10:23:40  INFO      [calendar_service.py:44]  Fetched 2 valid session(s).
2026-06-22 10:23:50  INFO      [main.py:52]  Checking calendars at 10:23:50
2026-06-22 10:23:50  DEBUG     [client.py:31]  GET https://192.168.1.249:5004/scl/get-all-calender
2026-06-22 10:23:50  INFO      [calendar_service.py:44]  Fetched 2 valid session(s).
2026-06-22 10:24:00  INFO      [main.py:52]  Checking calendars at 10:24:00
2026-06-22 10:24:00  DEBUG     [client.py:31]  GET https://192.168.1.249:5004/scl/get-all-calender
2026-06-22 10:24:00  INFO      [calendar_service.py:44]  Fetched 2 valid session(s).
2026-06-22 10:24:10  INFO      [main.py:52]  Checking calendars at 10:24:10
2026-06-22 10:24:10  DEBUG     [client.py:31]  GET https://192.168.1.249:5004/scl/get-all-calender
2026-06-22 10:24:10  INFO      [calendar_service.py:44]  Fetched 2 valid session(s).
2026-06-22 10:24:20  INFO      [main.py:52]  Checking calendars at 10:24:20
2026-06-22 10:24:20  DEBUG     [client.py:31]  GET https://192.168.1.249:5004/scl/get-all-calender
2026-06-22 10:24:20  INFO      [calendar_service.py:44]  Fetched 2 valid session(s).
2026-06-22 10:24:30  INFO      [main.py:52]  Checking calendars at 10:24:30
2026-06-22 10:24:30  DEBUG     [client.py:31]  GET https://192.168.1.249:5004/scl/get-all-calender
2026-06-22 10:24:30  INFO      [calendar_service.py:44]  Fetched 2 valid session(s).
2026-06-22 10:24:40  INFO      [main.py:52]  Checking calendars at 10:24:40
2026-06-22 10:24:40  DEBUG     [client.py:31]  GET https://192.168.1.249:5004/scl/get-all-calender
2026-06-22 10:24:40  INFO      [calendar_service.py:44]  Fetched 2 valid session(s).
2026-06-22 10:24:50  INFO      [main.py:52]  Checking calendars at 10:24:50
2026-06-22 10:24:50  DEBUG     [client.py:31]  GET https://192.168.1.249:5004/scl/get-all-calender
2026-06-22 10:24:50  INFO      [calendar_service.py:44]  Fetched 2 valid session(s).
2026-06-22 10:25:00  INFO      [main.py:52]  Checking calendars at 10:25:00
2026-06-22 10:25:00  DEBUG     [client.py:31]  GET https://192.168.1.249:5004/scl/get-all-calender
2026-06-22 10:25:00  INFO      [calendar_service.py:44]  Fetched 2 valid session(s).
2026-06-22 10:25:10  INFO      [main.py:52]  Checking calendars at 10:25:10
2026-06-22 10:25:10  DEBUG     [client.py:31]  GET https://192.168.1.249:5004/scl/get-all-calender
2026-06-22 10:25:10  INFO      [calendar_service.py:44]  Fetched 2 valid session(s).
2026-06-22 10:25:20  INFO      [main.py:52]  Checking calendars at 10:25:20
2026-06-22 10:25:20  DEBUG     [client.py:31]  GET https://192.168.1.249:5004/scl/get-all-calender
2026-06-22 10:25:20  INFO      [calendar_service.py:44]  Fetched 2 valid session(s).
2026-06-22 10:25:30  INFO      [main.py:52]  Checking calendars at 10:25:30
2026-06-22 10:25:30  DEBUG     [client.py:31]  GET https://192.168.1.249:5004/scl/get-all-calender
2026-06-22 10:25:30  INFO      [calendar_service.py:44]  Fetched 2 valid session(s).
2026-06-22 10:25:40  INFO      [main.py:52]  Checking calendars at 10:25:40
2026-06-22 10:25:40  DEBUG     [client.py:31]  GET https://192.168.1.249:5004/scl/get-all-calender
2026-06-22 10:25:40  INFO      [calendar_service.py:44]  Fetched 2 valid session(s).
2026-06-22 10:25:50  INFO      [main.py:52]  Checking calendars at 10:25:50
2026-06-22 10:25:50  DEBUG     [client.py:31]  GET https://192.168.1.249:5004/scl/get-all-calender
2026-06-22 10:25:50  INFO      [calendar_service.py:44]  Fetched 2 valid session(s).
2026-06-22 10:26:00  INFO      [main.py:52]  Checking calendars at 10:26:00
2026-06-22 10:26:00  DEBUG     [client.py:31]  GET https://192.168.1.249:5004/scl/get-all-calender
2026-06-22 10:26:00  INFO      [calendar_service.py:44]  Fetched 2 valid session(s).
2026-06-22 10:26:10  INFO      [main.py:52]  Checking calendars at 10:26:10
2026-06-22 10:26:10  DEBUG     [client.py:31]  GET https://192.168.1.249:5004/scl/get-all-calender
2026-06-22 10:26:10  INFO      [calendar_service.py:44]  Fetched 2 valid session(s).
2026-06-22 10:26:20  INFO      [main.py:52]  Checking calendars at 10:26:20
2026-06-22 10:26:20  DEBUG     [client.py:31]  GET https://192.168.1.249:5004/scl/get-all-calender
2026-06-22 10:26:20  INFO      [calendar_service.py:44]  Fetched 2 valid session(s).
2026-06-22 10:26:30  INFO      [main.py:52]  Checking calendars at 10:26:30
2026-06-22 10:26:30  DEBUG     [client.py:31]  GET https://192.168.1.249:5004/scl/get-all-calender
2026-06-22 10:26:30  INFO      [calendar_service.py:44]  Fetched 2 valid session(s).
2026-06-22 10:26:40  INFO      [main.py:52]  Checking calendars at 10:26:40
2026-06-22 10:26:40  DEBUG     [client.py:31]  GET https://192.168.1.249:5004/scl/get-all-calender
2026-06-22 10:26:41  INFO      [calendar_service.py:44]  Fetched 2 valid session(s).
2026-06-22 10:26:51  INFO      [main.py:52]  Checking calendars at 10:26:51
2026-06-22 10:26:51  DEBUG     [client.py:31]  GET https://192.168.1.249:5004/scl/get-all-calender
2026-06-22 10:26:51  INFO      [calendar_service.py:44]  Fetched 2 valid session(s).
2026-06-22 10:27:01  INFO      [main.py:52]  Checking calendars at 10:27:01
2026-06-22 10:27:01  DEBUG     [client.py:31]  GET https://192.168.1.249:5004/scl/get-all-calender
2026-06-22 10:27:01  INFO      [calendar_service.py:44]  Fetched 2 valid session(s).
2026-06-22 10:27:11  INFO      [main.py:52]  Checking calendars at 10:27:11
2026-06-22 10:27:11  DEBUG     [client.py:31]  GET https://192.168.1.249:5004/scl/get-all-calender
2026-06-22 10:27:11  INFO      [calendar_service.py:44]  Fetched 2 valid session(s).
2026-06-22 10:27:21  INFO      [main.py:52]  Checking calendars at 10:27:21
2026-06-22 10:27:21  DEBUG     [client.py:31]  GET https://192.168.1.249:5004/scl/get-all-calender
2026-06-22 10:27:21  INFO      [calendar_service.py:44]  Fetched 2 valid session(s).
2026-06-22 10:27:31  INFO      [main.py:52]  Checking calendars at 10:27:31
2026-06-22 10:27:31  DEBUG     [client.py:31]  GET https://192.168.1.249:5004/scl/get-all-calender
2026-06-22 10:27:31  INFO      [calendar_service.py:44]  Fetched 2 valid session(s).
2026-06-22 10:27:41  INFO      [main.py:52]  Checking calendars at 10:27:41
2026-06-22 10:27:41  DEBUG     [client.py:31]  GET https://192.168.1.249:5004/scl/get-all-calender
2026-06-22 10:27:41  INFO      [calendar_service.py:44]  Fetched 2 valid session(s).
2026-06-22 10:27:51  INFO      [main.py:52]  Checking calendars at 10:27:51
2026-06-22 10:27:51  DEBUG     [client.py:31]  GET https://192.168.1.249:5004/scl/get-all-calender
2026-06-22 10:27:51  INFO      [calendar_service.py:44]  Fetched 2 valid session(s).
2026-06-22 10:28:01  INFO      [main.py:52]  Checking calendars at 10:28:01
2026-06-22 10:28:01  DEBUG     [client.py:31]  GET https://192.168.1.249:5004/scl/get-all-calender
2026-06-22 10:28:01  INFO      [calendar_service.py:44]  Fetched 2 valid session(s).
2026-06-22 10:28:11  INFO      [main.py:52]  Checking calendars at 10:28:11
2026-06-22 10:28:11  DEBUG     [client.py:31]  GET https://192.168.1.249:5004/scl/get-all-calender
2026-06-22 10:28:11  INFO      [calendar_service.py:44]  Fetched 2 valid session(s).
2026-06-22 10:28:21  INFO      [main.py:52]  Checking calendars at 10:28:21
2026-06-22 10:28:21  DEBUG     [client.py:31]  GET https://192.168.1.249:5004/scl/get-all-calender
2026-06-22 10:28:21  INFO      [calendar_service.py:44]  Fetched 2 valid session(s).
2026-06-22 10:28:31  INFO      [main.py:52]  Checking calendars at 10:28:31
2026-06-22 10:28:31  DEBUG     [client.py:31]  GET https://192.168.1.249:5004/scl/get-all-calender
2026-06-22 10:28:31  INFO      [calendar_service.py:44]  Fetched 2 valid session(s).
2026-06-22 10:28:41  INFO      [main.py:52]  Checking calendars at 10:28:41
2026-06-22 10:28:41  DEBUG     [client.py:31]  GET https://192.168.1.249:5004/scl/get-all-calender
2026-06-22 10:28:41  INFO      [calendar_service.py:44]  Fetched 2 valid session(s).
2026-06-22 10:28:51  INFO      [main.py:52]  Checking calendars at 10:28:51
2026-06-22 10:28:51  DEBUG     [client.py:31]  GET https://192.168.1.249:5004/scl/get-all-calender
2026-06-22 10:28:51  INFO      [calendar_service.py:44]  Fetched 2 valid session(s).
2026-06-22 10:29:01  INFO      [main.py:52]  Checking calendars at 10:29:01
2026-06-22 10:29:01  DEBUG     [client.py:31]  GET https://192.168.1.249:5004/scl/get-all-calender
2026-06-22 10:29:01  INFO      [calendar_service.py:44]  Fetched 2 valid session(s).
2026-06-22 10:29:11  INFO      [main.py:52]  Checking calendars at 10:29:11
2026-06-22 10:29:11  DEBUG     [client.py:31]  GET https://192.168.1.249:5004/scl/get-all-calender
2026-06-22 10:29:11  INFO      [calendar_service.py:44]  Fetched 2 valid session(s).
2026-06-22 10:29:21  INFO      [main.py:52]  Checking calendars at 10:29:21
2026-06-22 10:29:21  DEBUG     [client.py:31]  GET https://192.168.1.249:5004/scl/get-all-calender
2026-06-22 10:29:21  INFO      [calendar_service.py:44]  Fetched 2 valid session(s).
2026-06-22 10:29:31  INFO      [main.py:52]  Checking calendars at 10:29:31
2026-06-22 10:29:31  DEBUG     [client.py:31]  GET https://192.168.1.249:5004/scl/get-all-calender
2026-06-22 10:29:31  INFO      [calendar_service.py:44]  Fetched 2 valid session(s).
2026-06-22 10:29:41  INFO      [main.py:52]  Checking calendars at 10:29:41
2026-06-22 10:29:41  DEBUG     [client.py:31]  GET https://192.168.1.249:5004/scl/get-all-calender
2026-06-22 10:29:41  INFO      [calendar_service.py:44]  Fetched 2 valid session(s).
2026-06-22 10:29:51  INFO      [main.py:52]  Checking calendars at 10:29:51
2026-06-22 10:29:51  DEBUG     [client.py:31]  GET https://192.168.1.249:5004/scl/get-all-calender
2026-06-22 10:29:51  INFO      [calendar_service.py:44]  Fetched 2 valid session(s).
2026-06-22 10:30:01  INFO      [main.py:52]  Checking calendars at 10:30:01
2026-06-22 10:30:01  DEBUG     [client.py:31]  GET https://192.168.1.249:5004/scl/get-all-calender
2026-06-22 10:30:01  INFO      [calendar_service.py:44]  Fetched 2 valid session(s).
2026-06-22 10:30:11  INFO      [main.py:52]  Checking calendars at 10:30:11
2026-06-22 10:30:11  DEBUG     [client.py:31]  GET https://192.168.1.249:5004/scl/get-all-calender
2026-06-22 10:30:11  INFO      [calendar_service.py:44]  Fetched 2 valid session(s).
2026-06-22 10:30:21  INFO      [main.py:52]  Checking calendars at 10:30:21
2026-06-22 10:30:21  DEBUG     [client.py:31]  GET https://192.168.1.249:5004/scl/get-all-calender
2026-06-22 10:30:21  INFO      [calendar_service.py:44]  Fetched 2 valid session(s).
2026-06-22 10:30:31  INFO      [main.py:52]  Checking calendars at 10:30:31
2026-06-22 10:30:31  DEBUG     [client.py:31]  GET https://192.168.1.249:5004/scl/get-all-calender
2026-06-22 10:30:32  INFO      [calendar_service.py:44]  Fetched 2 valid session(s).
2026-06-22 10:30:42  INFO      [main.py:52]  Checking calendars at 10:30:42
2026-06-22 10:30:42  DEBUG     [client.py:31]  GET https://192.168.1.249:5004/scl/get-all-calender
2026-06-22 10:30:42  INFO      [calendar_service.py:44]  Fetched 2 valid session(s).
2026-06-22 10:30:52  INFO      [main.py:52]  Checking calendars at 10:30:52
2026-06-22 10:30:52  DEBUG     [client.py:31]  GET https://192.168.1.249:5004/scl/get-all-calender
2026-06-22 10:30:52  INFO      [calendar_service.py:44]  Fetched 2 valid session(s).
2026-06-22 10:31:02  INFO      [main.py:52]  Checking calendars at 10:31:02
2026-06-22 10:31:02  DEBUG     [client.py:31]  GET https://192.168.1.249:5004/scl/get-all-calender
2026-06-22 10:31:02  INFO      [calendar_service.py:44]  Fetched 2 valid session(s).
2026-06-22 10:31:12  INFO      [main.py:52]  Checking calendars at 10:31:12
2026-06-22 10:31:12  DEBUG     [client.py:31]  GET https://192.168.1.249:5004/scl/get-all-calender
2026-06-22 10:31:12  INFO      [calendar_service.py:44]  Fetched 2 valid session(s).
2026-06-22 10:31:22  INFO      [main.py:52]  Checking calendars at 10:31:22
2026-06-22 10:31:22  DEBUG     [client.py:31]  GET https://192.168.1.249:5004/scl/get-all-calender
2026-06-22 10:31:22  INFO      [calendar_service.py:44]  Fetched 2 valid session(s).
2026-06-22 10:31:32  INFO      [main.py:52]  Checking calendars at 10:31:32
2026-06-22 10:31:32  DEBUG     [client.py:31]  GET https://192.168.1.249:5004/scl/get-all-calender
2026-06-22 10:31:32  INFO      [calendar_service.py:44]  Fetched 2 valid session(s).
2026-06-22 10:31:42  INFO      [main.py:52]  Checking calendars at 10:31:42
2026-06-22 10:31:42  DEBUG     [client.py:31]  GET https://192.168.1.249:5004/scl/get-all-calender
2026-06-22 10:31:42  INFO      [calendar_service.py:44]  Fetched 2 valid session(s).
2026-06-22 10:31:52  INFO      [main.py:52]  Checking calendars at 10:31:52
2026-06-22 10:31:52  DEBUG     [client.py:31]  GET https://192.168.1.249:5004/scl/get-all-calender
2026-06-22 10:31:52  INFO      [calendar_service.py:44]  Fetched 2 valid session(s).
2026-06-22 10:32:02  INFO      [main.py:52]  Checking calendars at 10:32:02
2026-06-22 10:32:02  DEBUG     [client.py:31]  GET https://192.168.1.249:5004/scl/get-all-calender
2026-06-22 10:32:02  INFO      [calendar_service.py:44]  Fetched 2 valid session(s).
2026-06-22 10:32:12  INFO      [main.py:52]  Checking calendars at 10:32:12
2026-06-22 10:32:12  DEBUG     [client.py:31]  GET https://192.168.1.249:5004/scl/get-all-calender
2026-06-22 10:32:12  INFO      [calendar_service.py:44]  Fetched 2 valid session(s).
2026-06-22 10:32:22  INFO      [main.py:52]  Checking calendars at 10:32:22
2026-06-22 10:32:22  DEBUG     [client.py:31]  GET https://192.168.1.249:5004/scl/get-all-calender
2026-06-22 10:32:22  INFO      [calendar_service.py:44]  Fetched 2 valid session(s).
2026-06-22 10:32:32  INFO      [main.py:52]  Checking calendars at 10:32:32
2026-06-22 10:32:32  DEBUG     [client.py:31]  GET https://192.168.1.249:5004/scl/get-all-calender
2026-06-22 10:32:32  INFO      [calendar_service.py:44]  Fetched 2 valid session(s).
2026-06-22 15:20:27  INFO      [main.py:32]  Server is starting...
2026-06-22 15:20:27  INFO      [auth_service.py:23]  Login successful.
2026-06-22 15:20:27  INFO      [main.py:52]  Checking calendars at 15:20:27
2026-06-22 15:20:27  DEBUG     [client.py:31]  GET https://192.168.1.249:5004/scl/get-all-calender
2026-06-22 15:20:27  INFO      [calendar_service.py:44]  Fetched 0 valid session(s).
2026-06-22 15:20:27  INFO      [main.py:58]  No calendars found for today.
2026-06-22 15:20:37  INFO      [main.py:52]  Checking calendars at 15:20:37
2026-06-22 15:20:37  DEBUG     [client.py:31]  GET https://192.168.1.249:5004/scl/get-all-calender
2026-06-22 15:20:37  INFO      [calendar_service.py:44]  Fetched 0 valid session(s).
2026-06-22 15:20:37  INFO      [main.py:58]  No calendars found for today.
2026-06-22 15:20:47  INFO      [main.py:52]  Checking calendars at 15:20:47
2026-06-22 15:20:47  DEBUG     [client.py:31]  GET https://192.168.1.249:5004/scl/get-all-calender
2026-06-22 15:20:47  INFO      [calendar_service.py:44]  Fetched 0 valid session(s).
2026-06-22 15:20:47  INFO      [main.py:58]  No calendars found for today.
2026-06-22 15:20:57  INFO      [main.py:52]  Checking calendars at 15:20:57
2026-06-22 15:20:57  DEBUG     [client.py:31]  GET https://192.168.1.249:5004/scl/get-all-calender
2026-06-22 15:20:57  INFO      [calendar_service.py:44]  Fetched 0 valid session(s).
2026-06-22 15:20:57  INFO      [main.py:58]  No calendars found for today.
2026-06-22 15:21:07  INFO      [main.py:52]  Checking calendars at 15:21:07
2026-06-22 15:21:07  DEBUG     [client.py:31]  GET https://192.168.1.249:5004/scl/get-all-calender
2026-06-22 15:21:07  INFO      [calendar_service.py:44]  Fetched 0 valid session(s).
2026-06-22 15:21:07  INFO      [main.py:58]  No calendars found for today.
2026-06-22 15:21:17  INFO      [main.py:52]  Checking calendars at 15:21:17
2026-06-22 15:21:17  DEBUG     [client.py:31]  GET https://192.168.1.249:5004/scl/get-all-calender
2026-06-22 15:21:17  INFO      [calendar_service.py:44]  Fetched 0 valid session(s).
2026-06-22 15:21:17  INFO      [main.py:58]  No calendars found for today.
2026-06-22 15:21:27  INFO      [main.py:52]  Checking calendars at 15:21:27
2026-06-22 15:21:27  DEBUG     [client.py:31]  GET https://192.168.1.249:5004/scl/get-all-calender
2026-06-22 15:21:27  INFO      [calendar_service.py:44]  Fetched 0 valid session(s).
2026-06-22 15:21:27  INFO      [main.py:58]  No calendars found for today.
2026-06-22 15:21:37  INFO      [main.py:52]  Checking calendars at 15:21:37
2026-06-22 15:21:37  DEBUG     [client.py:31]  GET https://192.168.1.249:5004/scl/get-all-calender
2026-06-22 15:21:37  INFO      [calendar_service.py:44]  Fetched 0 valid session(s).
2026-06-22 15:21:37  INFO      [main.py:58]  No calendars found for today.
2026-06-22 15:21:47  INFO      [main.py:52]  Checking calendars at 15:21:47
2026-06-22 15:21:47  DEBUG     [client.py:31]  GET https://192.168.1.249:5004/scl/get-all-calender
2026-06-22 15:21:47  INFO      [calendar_service.py:44]  Fetched 0 valid session(s).
2026-06-22 15:21:47  INFO      [main.py:58]  No calendars found for today.
2026-06-22 15:21:57  INFO      [main.py:52]  Checking calendars at 15:21:57
2026-06-22 15:21:57  DEBUG     [client.py:31]  GET https://192.168.1.249:5004/scl/get-all-calender
2026-06-22 15:21:57  INFO      [calendar_service.py:44]  Fetched 0 valid session(s).
2026-06-22 15:21:57  INFO      [main.py:58]  No calendars found for today.
2026-06-22 15:22:07  INFO      [main.py:32]  Server is starting...
2026-06-22 15:22:07  INFO      [auth_service.py:23]  Login successful.
2026-06-22 15:22:07  INFO      [main.py:52]  Checking calendars at 15:22:07
2026-06-22 15:22:07  DEBUG     [client.py:31]  GET https://192.168.1.249:5004/scl/get-all-calender
2026-06-22 15:22:07  INFO      [calendar_service.py:44]  Fetched 2 valid session(s).
2026-06-22 15:22:07  INFO      [main.py:87]  Processing calendar 2106 in room 7...
2026-06-22 15:22:07  DEBUG     [client.py:31]  GET https://192.168.1.249:5004/scl/get-all-camera-room/7
2026-06-22 15:22:07  INFO      [camera_service.py:11]  Fond 1 camera(s) in room7.
2026-06-22 15:22:07  DEBUG     [client.py:31]  GET https://192.168.1.249:5004/scl/get-attendance/2106
2026-06-22 15:22:07  INFO      [student_service.py:11]  Found 2 student(s) for calendar 2106
2026-06-22 15:22:07  INFO      [main.py:100]  Enrolling students for calendar 2106...
2026-06-22 15:22:08  INFO      [recognition.py:42]  Found 0 subject(s) already enrolled in CompreFace.
2026-06-22 15:22:08  INFO      [recognition.py:87]  Enrolled image face_20260107_095726_913.jpg for student 3.
2026-06-22 15:22:08  INFO      [recognition.py:87]  Enrolled image face_20260107_095605_990.jpg for student 3.
2026-06-22 15:22:09  INFO      [recognition.py:87]  Enrolled image face_20260107_095724_366.jpg for student 3.
2026-06-22 15:22:09  INFO      [recognition.py:87]  Enrolled image face_20260107_100121_984.jpg for student 3.
2026-06-22 15:22:09  INFO      [recognition.py:87]  Enrolled image face_20250722_113315.jpg for student 3.
2026-06-22 15:22:09  INFO      [recognition.py:87]  Enrolled image face_20250715_133750.jpg for student 3.
2026-06-22 15:22:09  INFO      [recognition.py:87]  Enrolled image face_20260107_095703_836.jpg for student 3.
2026-06-22 15:22:09  INFO      [recognition.py:87]  Enrolled image face_20260618_141525_609.jpg for student 683.
2026-06-22 15:22:09  INFO      [recognition.py:87]  Enrolled image face_20260618_141525_122.jpg for student 683.
2026-06-22 15:22:09  INFO      [recognition.py:87]  Enrolled image face_20260618_141527_511.jpg for student 683.
2026-06-22 15:22:09  INFO      [recognition.py:87]  Enrolled image face_20260618_141658_344.jpg for student 683.
2026-06-22 15:22:09  INFO      [recognition.py:87]  Enrolled image face_20260618_141653_362.jpg for student 683.
2026-06-22 15:22:09  INFO      [recognition.py:87]  Enrolled image face_20260618_141656_937.jpg for student 683.
2026-06-22 15:22:10  INFO      [recognition.py:87]  Enrolled image face_20260618_141525_506.jpg for student 683.
2026-06-22 15:22:10  INFO      [recognition.py:95]  Enrollment complete — 2/2 student(s) enrolled.
2026-06-22 15:22:10  INFO      [detector.py:15]  Starting detection for calendar 2106 in room 7...
2026-06-22 15:22:10  INFO      [detector.py:72]  Starting webcam process — device: /dev/video0
2026-06-22 15:22:10  INFO      [detector.py:89]  Started 1 detection process(es) for calendar 2106.
2026-06-22 15:22:10  INFO      [main.py:124]  Calendar 2106 started — 1 camera(s) running.
2026-06-22 15:22:10  INFO      [main.py:84]  Calendar 2106 already started — skipping.
2026-06-22 15:22:10  INFO      [main.py:179]  Calendar 2106 still running (4m 52s remaining).
2026-06-22 15:22:10  INFO      [main.py:191]  Active calendars: [2106]
2026-06-22 15:22:14  INFO      [camera.py:124]  CUDA is available — using GPU.
2026-06-22 15:22:14  INFO      [camera.py:133]  YOLO model loaded successfully.
2026-06-22 15:22:14  INFO      [session.py:29]  Created dataset folders for calendar 2106.
2026-06-22 15:22:14  INFO      [camera.py:180]  Connecting to webcam: /dev/video0
2026-06-22 15:22:14  INFO      [camera.py:205]  Connected to webcam — running face detection...
2026-06-22 15:22:20  INFO      [main.py:52]  Checking calendars at 15:22:20
2026-06-22 15:22:20  DEBUG     [client.py:31]  GET https://192.168.1.249:5004/scl/get-all-calender
2026-06-22 15:22:20  INFO      [calendar_service.py:44]  Fetched 2 valid session(s).
2026-06-22 15:22:20  INFO      [main.py:84]  Calendar 2106 already started — skipping.
2026-06-22 15:22:20  INFO      [main.py:84]  Calendar 2106 already started — skipping.
2026-06-22 15:22:20  INFO      [main.py:179]  Calendar 2106 still running (4m 39s remaining).
2026-06-22 15:22:20  INFO      [main.py:191]  Active calendars: [2106]
2026-06-22 15:22:31  INFO      [main.py:52]  Checking calendars at 15:22:30
2026-06-22 15:22:31  DEBUG     [client.py:31]  GET https://192.168.1.249:5004/scl/get-all-calender
2026-06-22 15:22:32  INFO      [calendar_service.py:44]  Fetched 2 valid session(s).
2026-06-22 15:22:32  INFO      [main.py:84]  Calendar 2106 already started — skipping.
2026-06-22 15:22:32  INFO      [main.py:84]  Calendar 2106 already started — skipping.
2026-06-22 15:22:32  INFO      [main.py:179]  Calendar 2106 still running (4m 29s remaining).
2026-06-22 15:22:32  INFO      [main.py:191]  Active calendars: [2106]
2026-06-22 15:22:42  INFO      [main.py:52]  Checking calendars at 15:22:42
2026-06-22 15:22:42  DEBUG     [client.py:31]  GET https://192.168.1.249:5004/scl/get-all-calender
2026-06-22 15:22:44  INFO      [calendar_service.py:44]  Fetched 2 valid session(s).
2026-06-22 15:22:44  INFO      [main.py:84]  Calendar 2106 already started — skipping.
2026-06-22 15:22:44  INFO      [main.py:84]  Calendar 2106 already started — skipping.
2026-06-22 15:22:44  INFO      [main.py:179]  Calendar 2106 still running (4m 17s remaining).
2026-06-22 15:22:44  INFO      [main.py:191]  Active calendars: [2106]
2026-06-22 15:22:55  INFO      [main.py:52]  Checking calendars at 15:22:54
2026-06-22 15:22:55  DEBUG     [client.py:31]  GET https://192.168.1.249:5004/scl/get-all-calender
2026-06-22 15:22:57  INFO      [calendar_service.py:44]  Fetched 2 valid session(s).
2026-06-22 15:22:57  INFO      [main.py:84]  Calendar 2106 already started — skipping.
2026-06-22 15:22:57  INFO      [main.py:84]  Calendar 2106 already started — skipping.
2026-06-22 15:22:57  INFO      [main.py:179]  Calendar 2106 still running (4m 5s remaining).
2026-06-22 15:22:57  INFO      [main.py:191]  Active calendars: [2106]
2026-06-22 15:23:07  INFO      [main.py:52]  Checking calendars at 15:23:07
2026-06-22 15:23:07  DEBUG     [client.py:31]  GET https://192.168.1.249:5004/scl/get-all-calender
2026-06-22 15:23:08  INFO      [calendar_service.py:44]  Fetched 2 valid session(s).
2026-06-22 15:23:08  INFO      [main.py:84]  Calendar 2106 already started — skipping.
2026-06-22 15:23:08  INFO      [main.py:84]  Calendar 2106 already started — skipping.
2026-06-22 15:23:08  INFO      [main.py:179]  Calendar 2106 still running (3m 52s remaining).
2026-06-22 15:23:08  INFO      [main.py:191]  Active calendars: [2106]
2026-06-22 15:23:16  INFO      [camera.py:45]  Initializing InsightFace quality checker...
2026-06-22 15:23:18  INFO      [main.py:52]  Checking calendars at 15:23:18
2026-06-22 15:23:18  DEBUG     [client.py:31]  GET https://192.168.1.249:5004/scl/get-all-calender
2026-06-22 15:23:18  INFO      [calendar_service.py:44]  Fetched 2 valid session(s).
2026-06-22 15:23:18  INFO      [main.py:84]  Calendar 2106 already started — skipping.
2026-06-22 15:23:18  INFO      [main.py:84]  Calendar 2106 already started — skipping.
2026-06-22 15:23:18  INFO      [main.py:179]  Calendar 2106 still running (3m 41s remaining).
2026-06-22 15:23:18  INFO      [main.py:191]  Active calendars: [2106]
2026-06-22 15:23:27  INFO      [camera.py:49]  InsightFace ready on GPU.
2026-06-22 15:23:28  INFO      [main.py:52]  Checking calendars at 15:23:28
2026-06-22 15:23:28  DEBUG     [client.py:31]  GET https://192.168.1.249:5004/scl/get-all-calender
2026-06-22 15:23:28  INFO      [calendar_service.py:44]  Fetched 2 valid session(s).
2026-06-22 15:23:28  INFO      [main.py:84]  Calendar 2106 already started — skipping.
2026-06-22 15:23:28  INFO      [main.py:84]  Calendar 2106 already started — skipping.
2026-06-22 15:23:28  INFO      [main.py:179]  Calendar 2106 still running (3m 31s remaining).
2026-06-22 15:23:28  INFO      [main.py:191]  Active calendars: [2106]
2026-06-22 15:23:30  DEBUG     [camera.py:94]  Rejected — InsightFace found no face.
2026-06-22 15:23:30  INFO      [camera.py:250]  Face detected — YOLO conf: 0.705 — quality score: 0.0 — good: False
2026-06-22 15:23:30  DEBUG     [camera.py:264]  Skipped low quality face (score: 0.0)
2026-06-22 15:23:30  DEBUG     [camera.py:94]  Rejected — InsightFace found no face.
2026-06-22 15:23:30  INFO      [camera.py:250]  Face detected — YOLO conf: 0.824 — quality score: 0.0 — good: False
2026-06-22 15:23:30  DEBUG     [camera.py:264]  Skipped low quality face (score: 0.0)
2026-06-22 15:23:30  DEBUG     [camera.py:94]  Rejected — InsightFace found no face.
2026-06-22 15:23:30  INFO      [camera.py:250]  Face detected — YOLO conf: 0.836 — quality score: 0.0 — good: False
2026-06-22 15:23:30  DEBUG     [camera.py:264]  Skipped low quality face (score: 0.0)
2026-06-22 15:23:30  DEBUG     [camera.py:94]  Rejected — InsightFace found no face.
2026-06-22 15:23:30  INFO      [camera.py:250]  Face detected — YOLO conf: 0.830 — quality score: 0.0 — good: False
2026-06-22 15:23:30  DEBUG     [camera.py:264]  Skipped low quality face (score: 0.0)
2026-06-22 15:23:30  DEBUG     [camera.py:94]  Rejected — InsightFace found no face.
2026-06-22 15:23:30  INFO      [camera.py:250]  Face detected — YOLO conf: 0.819 — quality score: 0.0 — good: False
2026-06-22 15:23:30  DEBUG     [camera.py:264]  Skipped low quality face (score: 0.0)
2026-06-22 15:23:30  DEBUG     [camera.py:94]  Rejected — InsightFace found no face.
2026-06-22 15:23:30  INFO      [camera.py:250]  Face detected — YOLO conf: 0.869 — quality score: 0.0 — good: False
2026-06-22 15:23:30  DEBUG     [camera.py:264]  Skipped low quality face (score: 0.0)
2026-06-22 15:23:31  DEBUG     [camera.py:94]  Rejected — InsightFace found no face.
2026-06-22 15:23:31  INFO      [camera.py:250]  Face detected — YOLO conf: 0.864 — quality score: 0.0 — good: False
2026-06-22 15:23:31  DEBUG     [camera.py:264]  Skipped low quality face (score: 0.0)
2026-06-22 15:23:31  DEBUG     [camera.py:94]  Rejected — InsightFace found no face.
2026-06-22 15:23:31  INFO      [camera.py:250]  Face detected — YOLO conf: 0.869 — quality score: 0.0 — good: False
2026-06-22 15:23:31  DEBUG     [camera.py:264]  Skipped low quality face (score: 0.0)
2026-06-22 15:23:31  DEBUG     [camera.py:94]  Rejected — InsightFace found no face.
2026-06-22 15:23:31  INFO      [camera.py:250]  Face detected — YOLO conf: 0.865 — quality score: 0.0 — good: False
2026-06-22 15:23:31  DEBUG     [camera.py:264]  Skipped low quality face (score: 0.0)
2026-06-22 15:23:31  DEBUG     [camera.py:94]  Rejected — InsightFace found no face.
2026-06-22 15:23:31  INFO      [camera.py:250]  Face detected — YOLO conf: 0.861 — quality score: 0.0 — good: False
2026-06-22 15:23:31  DEBUG     [camera.py:264]  Skipped low quality face (score: 0.0)
2026-06-22 15:23:31  DEBUG     [camera.py:94]  Rejected — InsightFace found no face.
2026-06-22 15:23:31  INFO      [camera.py:250]  Face detected — YOLO conf: 0.856 — quality score: 0.0 — good: False
2026-06-22 15:23:31  DEBUG     [camera.py:264]  Skipped low quality face (score: 0.0)
2026-06-22 15:23:31  DEBUG     [camera.py:94]  Rejected — InsightFace found no face.
2026-06-22 15:23:31  INFO      [camera.py:250]  Face detected — YOLO conf: 0.857 — quality score: 0.0 — good: False
2026-06-22 15:23:31  DEBUG     [camera.py:264]  Skipped low quality face (score: 0.0)
2026-06-22 15:23:31  DEBUG     [camera.py:94]  Rejected — InsightFace found no face.
2026-06-22 15:23:31  INFO      [camera.py:250]  Face detected — YOLO conf: 0.863 — quality score: 0.0 — good: False
2026-06-22 15:23:31  DEBUG     [camera.py:264]  Skipped low quality face (score: 0.0)
2026-06-22 15:23:31  DEBUG     [camera.py:94]  Rejected — InsightFace found no face.
2026-06-22 15:23:31  INFO      [camera.py:250]  Face detected — YOLO conf: 0.873 — quality score: 0.0 — good: False
2026-06-22 15:23:31  DEBUG     [camera.py:264]  Skipped low quality face (score: 0.0)
2026-06-22 15:23:31  DEBUG     [camera.py:94]  Rejected — InsightFace found no face.
2026-06-22 15:23:31  INFO      [camera.py:250]  Face detected — YOLO conf: 0.865 — quality score: 0.0 — good: False
2026-06-22 15:23:31  DEBUG     [camera.py:264]  Skipped low quality face (score: 0.0)
2026-06-22 15:23:31  DEBUG     [camera.py:94]  Rejected — InsightFace found no face.
2026-06-22 15:23:31  INFO      [camera.py:250]  Face detected — YOLO conf: 0.878 — quality score: 0.0 — good: False
2026-06-22 15:23:31  DEBUG     [camera.py:264]  Skipped low quality face (score: 0.0)
2026-06-22 15:23:32  DEBUG     [camera.py:94]  Rejected — InsightFace found no face.
2026-06-22 15:23:32  INFO      [camera.py:250]  Face detected — YOLO conf: 0.862 — quality score: 0.0 — good: False
2026-06-22 15:23:32  DEBUG     [camera.py:264]  Skipped low quality face (score: 0.0)
2026-06-22 15:23:32  DEBUG     [camera.py:94]  Rejected — InsightFace found no face.
2026-06-22 15:23:32  INFO      [camera.py:250]  Face detected — YOLO conf: 0.841 — quality score: 0.0 — good: False
2026-06-22 15:23:32  DEBUG     [camera.py:264]  Skipped low quality face (score: 0.0)
2026-06-22 15:23:32  DEBUG     [camera.py:94]  Rejected — InsightFace found no face.
2026-06-22 15:23:32  INFO      [camera.py:250]  Face detected — YOLO conf: 0.874 — quality score: 0.0 — good: False
2026-06-22 15:23:32  DEBUG     [camera.py:264]  Skipped low quality face (score: 0.0)
2026-06-22 15:23:32  DEBUG     [camera.py:94]  Rejected — InsightFace found no face.
2026-06-22 15:23:32  INFO      [camera.py:250]  Face detected — YOLO conf: 0.855 — quality score: 0.0 — good: False
2026-06-22 15:23:32  DEBUG     [camera.py:264]  Skipped low quality face (score: 0.0)
2026-06-22 15:23:32  DEBUG     [camera.py:94]  Rejected — InsightFace found no face.
2026-06-22 15:23:32  INFO      [camera.py:250]  Face detected — YOLO conf: 0.881 — quality score: 0.0 — good: False
2026-06-22 15:23:32  DEBUG     [camera.py:264]  Skipped low quality face (score: 0.0)
2026-06-22 15:23:32  DEBUG     [camera.py:94]  Rejected — InsightFace found no face.
2026-06-22 15:23:32  INFO      [camera.py:250]  Face detected — YOLO conf: 0.827 — quality score: 0.0 — good: False
2026-06-22 15:23:32  DEBUG     [camera.py:264]  Skipped low quality face (score: 0.0)
2026-06-22 15:23:32  DEBUG     [camera.py:94]  Rejected — InsightFace found no face.
2026-06-22 15:23:32  INFO      [camera.py:250]  Face detected — YOLO conf: 0.860 — quality score: 0.0 — good: False
2026-06-22 15:23:32  DEBUG     [camera.py:264]  Skipped low quality face (score: 0.0)
2026-06-22 15:23:32  DEBUG     [camera.py:94]  Rejected — InsightFace found no face.
2026-06-22 15:23:32  INFO      [camera.py:250]  Face detected — YOLO conf: 0.841 — quality score: 0.0 — good: False
2026-06-22 15:23:32  DEBUG     [camera.py:264]  Skipped low quality face (score: 0.0)
2026-06-22 15:23:32  DEBUG     [camera.py:94]  Rejected — InsightFace found no face.
2026-06-22 15:23:32  INFO      [camera.py:250]  Face detected — YOLO conf: 0.841 — quality score: 0.0 — good: False
2026-06-22 15:23:32  DEBUG     [camera.py:264]  Skipped low quality face (score: 0.0)
2026-06-22 15:23:33  DEBUG     [camera.py:94]  Rejected — InsightFace found no face.
2026-06-22 15:23:33  INFO      [camera.py:250]  Face detected — YOLO conf: 0.825 — quality score: 0.0 — good: False
2026-06-22 15:23:33  DEBUG     [camera.py:264]  Skipped low quality face (score: 0.0)
2026-06-22 15:23:33  DEBUG     [camera.py:94]  Rejected — InsightFace found no face.
2026-06-22 15:23:33  INFO      [camera.py:250]  Face detected — YOLO conf: 0.822 — quality score: 0.0 — good: False
2026-06-22 15:23:33  DEBUG     [camera.py:264]  Skipped low quality face (score: 0.0)
2026-06-22 15:23:33  DEBUG     [camera.py:94]  Rejected — InsightFace found no face.
2026-06-22 15:23:33  INFO      [camera.py:250]  Face detected — YOLO conf: 0.836 — quality score: 0.0 — good: False
2026-06-22 15:23:33  DEBUG     [camera.py:264]  Skipped low quality face (score: 0.0)
2026-06-22 15:23:33  DEBUG     [camera.py:94]  Rejected — InsightFace found no face.
2026-06-22 15:23:33  INFO      [camera.py:250]  Face detected — YOLO conf: 0.838 — quality score: 0.0 — good: False
2026-06-22 15:23:33  DEBUG     [camera.py:264]  Skipped low quality face (score: 0.0)
2026-06-22 15:23:33  DEBUG     [camera.py:94]  Rejected — InsightFace found no face.
2026-06-22 15:23:33  INFO      [camera.py:250]  Face detected — YOLO conf: 0.839 — quality score: 0.0 — good: False
2026-06-22 15:23:33  DEBUG     [camera.py:264]  Skipped low quality face (score: 0.0)
2026-06-22 15:23:33  DEBUG     [camera.py:94]  Rejected — InsightFace found no face.
2026-06-22 15:23:33  INFO      [camera.py:250]  Face detected — YOLO conf: 0.859 — quality score: 0.0 — good: False
2026-06-22 15:23:33  DEBUG     [camera.py:264]  Skipped low quality face (score: 0.0)
2026-06-22 15:23:33  DEBUG     [camera.py:94]  Rejected — InsightFace found no face.
2026-06-22 15:23:33  INFO      [camera.py:250]  Face detected — YOLO conf: 0.844 — quality score: 0.0 — good: False
2026-06-22 15:23:33  DEBUG     [camera.py:264]  Skipped low quality face (score: 0.0)
2026-06-22 15:23:33  DEBUG     [camera.py:94]  Rejected — InsightFace found no face.
2026-06-22 15:23:33  INFO      [camera.py:250]  Face detected — YOLO conf: 0.845 — quality score: 0.0 — good: False
2026-06-22 15:23:33  DEBUG     [camera.py:264]  Skipped low quality face (score: 0.0)
2026-06-22 15:23:33  DEBUG     [camera.py:94]  Rejected — InsightFace found no face.
2026-06-22 15:23:33  INFO      [camera.py:250]  Face detected — YOLO conf: 0.817 — quality score: 0.0 — good: False
2026-06-22 15:23:33  DEBUG     [camera.py:264]  Skipped low quality face (score: 0.0)
2026-06-22 15:23:33  DEBUG     [camera.py:94]  Rejected — InsightFace found no face.
2026-06-22 15:23:33  INFO      [camera.py:250]  Face detected — YOLO conf: 0.854 — quality score: 0.0 — good: False
2026-06-22 15:23:33  DEBUG     [camera.py:264]  Skipped low quality face (score: 0.0)
2026-06-22 15:23:34  DEBUG     [camera.py:94]  Rejected — InsightFace found no face.
2026-06-22 15:23:34  INFO      [camera.py:250]  Face detected — YOLO conf: 0.881 — quality score: 0.0 — good: False
2026-06-22 15:23:34  DEBUG     [camera.py:264]  Skipped low quality face (score: 0.0)
2026-06-22 15:23:34  DEBUG     [camera.py:94]  Rejected — InsightFace found no face.
2026-06-22 15:23:34  INFO      [camera.py:250]  Face detected — YOLO conf: 0.861 — quality score: 0.0 — good: False
2026-06-22 15:23:34  DEBUG     [camera.py:264]  Skipped low quality face (score: 0.0)
2026-06-22 15:23:34  DEBUG     [camera.py:94]  Rejected — InsightFace found no face.
2026-06-22 15:23:34  INFO      [camera.py:250]  Face detected — YOLO conf: 0.852 — quality score: 0.0 — good: False
2026-06-22 15:23:34  DEBUG     [camera.py:264]  Skipped low quality face (score: 0.0)
2026-06-22 15:23:34  DEBUG     [camera.py:94]  Rejected — InsightFace found no face.
2026-06-22 15:23:34  INFO      [camera.py:250]  Face detected — YOLO conf: 0.872 — quality score: 0.0 — good: False
2026-06-22 15:23:34  DEBUG     [camera.py:264]  Skipped low quality face (score: 0.0)
2026-06-22 15:23:34  DEBUG     [camera.py:94]  Rejected — InsightFace found no face.
2026-06-22 15:23:34  INFO      [camera.py:250]  Face detected — YOLO conf: 0.874 — quality score: 0.0 — good: False
2026-06-22 15:23:34  DEBUG     [camera.py:264]  Skipped low quality face (score: 0.0)
2026-06-22 15:23:34  DEBUG     [camera.py:94]  Rejected — InsightFace found no face.
2026-06-22 15:23:34  INFO      [camera.py:250]  Face detected — YOLO conf: 0.880 — quality score: 0.0 — good: False
2026-06-22 15:23:34  DEBUG     [camera.py:264]  Skipped low quality face (score: 0.0)
2026-06-22 15:23:34  DEBUG     [camera.py:94]  Rejected — InsightFace found no face.
2026-06-22 15:23:34  INFO      [camera.py:250]  Face detected — YOLO conf: 0.877 — quality score: 0.0 — good: False
2026-06-22 15:23:34  DEBUG     [camera.py:264]  Skipped low quality face (score: 0.0)
2026-06-22 15:23:34  DEBUG     [camera.py:94]  Rejected — InsightFace found no face.
2026-06-22 15:23:34  INFO      [camera.py:250]  Face detected — YOLO conf: 0.872 — quality score: 0.0 — good: False
2026-06-22 15:23:34  DEBUG     [camera.py:264]  Skipped low quality face (score: 0.0)
2026-06-22 15:23:34  DEBUG     [camera.py:94]  Rejected — InsightFace found no face.
2026-06-22 15:23:34  INFO      [camera.py:250]  Face detected — YOLO conf: 0.866 — quality score: 0.0 — good: False
2026-06-22 15:23:34  DEBUG     [camera.py:264]  Skipped low quality face (score: 0.0)
2026-06-22 15:23:34  DEBUG     [camera.py:94]  Rejected — InsightFace found no face.
2026-06-22 15:23:34  INFO      [camera.py:250]  Face detected — YOLO conf: 0.847 — quality score: 0.0 — good: False
2026-06-22 15:23:34  DEBUG     [camera.py:264]  Skipped low quality face (score: 0.0)
2026-06-22 15:23:35  DEBUG     [camera.py:94]  Rejected — InsightFace found no face.
2026-06-22 15:23:35  INFO      [camera.py:250]  Face detected — YOLO conf: 0.864 — quality score: 0.0 — good: False
2026-06-22 15:23:35  DEBUG     [camera.py:264]  Skipped low quality face (score: 0.0)
2026-06-22 15:23:35  DEBUG     [camera.py:94]  Rejected — InsightFace found no face.
2026-06-22 15:23:35  INFO      [camera.py:250]  Face detected — YOLO conf: 0.821 — quality score: 0.0 — good: False
2026-06-22 15:23:35  DEBUG     [camera.py:264]  Skipped low quality face (score: 0.0)
2026-06-22 15:23:35  DEBUG     [camera.py:94]  Rejected — InsightFace found no face.
2026-06-22 15:23:35  INFO      [camera.py:250]  Face detected — YOLO conf: 0.842 — quality score: 0.0 — good: False
2026-06-22 15:23:35  DEBUG     [camera.py:264]  Skipped low quality face (score: 0.0)
2026-06-22 15:23:35  DEBUG     [camera.py:94]  Rejected — InsightFace found no face.
2026-06-22 15:23:35  INFO      [camera.py:250]  Face detected — YOLO conf: 0.821 — quality score: 0.0 — good: False
2026-06-22 15:23:35  DEBUG     [camera.py:264]  Skipped low quality face (score: 0.0)
2026-06-22 15:23:35  DEBUG     [camera.py:94]  Rejected — InsightFace found no face.
2026-06-22 15:23:35  INFO      [camera.py:250]  Face detected — YOLO conf: 0.830 — quality score: 0.0 — good: False
2026-06-22 15:23:35  DEBUG     [camera.py:264]  Skipped low quality face (score: 0.0)
2026-06-22 15:23:35  DEBUG     [camera.py:94]  Rejected — InsightFace found no face.
2026-06-22 15:23:35  INFO      [camera.py:250]  Face detected — YOLO conf: 0.833 — quality score: 0.0 — good: False
2026-06-22 15:23:35  DEBUG     [camera.py:264]  Skipped low quality face (score: 0.0)
2026-06-22 15:23:35  DEBUG     [camera.py:94]  Rejected — InsightFace found no face.
2026-06-22 15:23:35  INFO      [camera.py:250]  Face detected — YOLO conf: 0.868 — quality score: 0.0 — good: False
2026-06-22 15:23:35  DEBUG     [camera.py:264]  Skipped low quality face (score: 0.0)
2026-06-22 15:23:35  DEBUG     [camera.py:94]  Rejected — InsightFace found no face.
2026-06-22 15:23:35  INFO      [camera.py:250]  Face detected — YOLO conf: 0.845 — quality score: 0.0 — good: False
2026-06-22 15:23:35  DEBUG     [camera.py:264]  Skipped low quality face (score: 0.0)
2026-06-22 15:23:35  DEBUG     [camera.py:94]  Rejected — InsightFace found no face.
2026-06-22 15:23:35  INFO      [camera.py:250]  Face detected — YOLO conf: 0.822 — quality score: 0.0 — good: False
2026-06-22 15:23:35  DEBUG     [camera.py:264]  Skipped low quality face (score: 0.0)
2026-06-22 15:23:35  DEBUG     [camera.py:94]  Rejected — InsightFace found no face.
2026-06-22 15:23:35  INFO      [camera.py:250]  Face detected — YOLO conf: 0.835 — quality score: 0.0 — good: False
2026-06-22 15:23:35  DEBUG     [camera.py:264]  Skipped low quality face (score: 0.0)
2026-06-22 15:23:36  DEBUG     [camera.py:94]  Rejected — InsightFace found no face.
2026-06-22 15:23:36  INFO      [camera.py:250]  Face detected — YOLO conf: 0.786 — quality score: 0.0 — good: False
2026-06-22 15:23:36  DEBUG     [camera.py:264]  Skipped low quality face (score: 0.0)
2026-06-22 15:23:36  DEBUG     [camera.py:94]  Rejected — InsightFace found no face.
2026-06-22 15:23:36  INFO      [camera.py:250]  Face detected — YOLO conf: 0.816 — quality score: 0.0 — good: False
2026-06-22 15:23:36  DEBUG     [camera.py:264]  Skipped low quality face (score: 0.0)
2026-06-22 15:23:36  DEBUG     [camera.py:94]  Rejected — InsightFace found no face.
2026-06-22 15:23:36  INFO      [camera.py:250]  Face detected — YOLO conf: 0.801 — quality score: 0.0 — good: False
2026-06-22 15:23:36  DEBUG     [camera.py:264]  Skipped low quality face (score: 0.0)
2026-06-22 15:23:36  DEBUG     [camera.py:94]  Rejected — InsightFace found no face.
2026-06-22 15:23:36  INFO      [camera.py:250]  Face detected — YOLO conf: 0.802 — quality score: 0.0 — good: False
2026-06-22 15:23:36  DEBUG     [camera.py:264]  Skipped low quality face (score: 0.0)
2026-06-22 15:23:36  DEBUG     [camera.py:94]  Rejected — InsightFace found no face.
2026-06-22 15:23:36  INFO      [camera.py:250]  Face detected — YOLO conf: 0.791 — quality score: 0.0 — good: False
2026-06-22 15:23:36  DEBUG     [camera.py:264]  Skipped low quality face (score: 0.0)
2026-06-22 15:23:36  DEBUG     [camera.py:94]  Rejected — InsightFace found no face.
2026-06-22 15:23:36  INFO      [camera.py:250]  Face detected — YOLO conf: 0.779 — quality score: 0.0 — good: False
2026-06-22 15:23:36  DEBUG     [camera.py:264]  Skipped low quality face (score: 0.0)
2026-06-22 15:23:36  DEBUG     [camera.py:94]  Rejected — InsightFace found no face.
2026-06-22 15:23:36  INFO      [camera.py:250]  Face detected — YOLO conf: 0.810 — quality score: 0.0 — good: False
2026-06-22 15:23:36  DEBUG     [camera.py:264]  Skipped low quality face (score: 0.0)
2026-06-22 15:23:36  DEBUG     [camera.py:94]  Rejected — InsightFace found no face.
2026-06-22 15:23:36  INFO      [camera.py:250]  Face detected — YOLO conf: 0.840 — quality score: 0.0 — good: False
2026-06-22 15:23:36  DEBUG     [camera.py:264]  Skipped low quality face (score: 0.0)
2026-06-22 15:23:36  DEBUG     [camera.py:94]  Rejected — InsightFace found no face.
2026-06-22 15:23:36  INFO      [camera.py:250]  Face detected — YOLO conf: 0.839 — quality score: 0.0 — good: False
2026-06-22 15:23:36  DEBUG     [camera.py:264]  Skipped low quality face (score: 0.0)
2026-06-22 15:23:36  DEBUG     [camera.py:94]  Rejected — InsightFace found no face.
2026-06-22 15:23:36  INFO      [camera.py:250]  Face detected — YOLO conf: 0.873 — quality score: 0.0 — good: False
2026-06-22 15:23:36  DEBUG     [camera.py:264]  Skipped low quality face (score: 0.0)
2026-06-22 15:23:37  DEBUG     [camera.py:94]  Rejected — InsightFace found no face.
2026-06-22 15:23:37  INFO      [camera.py:250]  Face detected — YOLO conf: 0.886 — quality score: 0.0 — good: False
2026-06-22 15:23:37  DEBUG     [camera.py:264]  Skipped low quality face (score: 0.0)
2026-06-22 15:23:37  DEBUG     [camera.py:94]  Rejected — InsightFace found no face.
2026-06-22 15:23:37  INFO      [camera.py:250]  Face detected — YOLO conf: 0.840 — quality score: 0.0 — good: False
2026-06-22 15:23:37  DEBUG     [camera.py:264]  Skipped low quality face (score: 0.0)
2026-06-22 15:23:38  INFO      [main.py:52]  Checking calendars at 15:23:38
2026-06-22 15:23:38  DEBUG     [client.py:31]  GET https://192.168.1.249:5004/scl/get-all-calender
2026-06-22 15:23:38  INFO      [calendar_service.py:44]  Fetched 2 valid session(s).
2026-06-22 15:23:38  INFO      [main.py:84]  Calendar 2106 already started — skipping.
2026-06-22 15:23:38  INFO      [main.py:84]  Calendar 2106 already started — skipping.
2026-06-22 15:23:38  INFO      [main.py:179]  Calendar 2106 still running (3m 21s remaining).
2026-06-22 15:23:38  INFO      [main.py:191]  Active calendars: [2106]
2026-06-22 15:23:40  DEBUG     [camera.py:109]  Quality — score: 0.601 blur: 39.7 brightness: 77.9
2026-06-22 15:23:40  INFO      [camera.py:250]  Face detected — YOLO conf: 0.849 — quality score: 0.601 — good: True
2026-06-22 15:23:40  INFO      [camera.py:262]  Saved face (quality: 0.601): face_20260622_152340_485.jpg
2026-06-22 15:23:40  DEBUG     [camera.py:109]  Quality — score: 0.549 blur: 40.5 brightness: 77.5
2026-06-22 15:23:40  INFO      [camera.py:250]  Face detected — YOLO conf: 0.865 — quality score: 0.549 — good: True
2026-06-22 15:23:40  INFO      [camera.py:262]  Saved face (quality: 0.549): face_20260622_152340_558.jpg
2026-06-22 15:23:40  DEBUG     [camera.py:94]  Rejected — InsightFace found no face.
2026-06-22 15:23:40  INFO      [camera.py:250]  Face detected — YOLO conf: 0.855 — quality score: 0.0 — good: False
2026-06-22 15:23:40  DEBUG     [camera.py:264]  Skipped low quality face (score: 0.0)
2026-06-22 15:23:40  DEBUG     [camera.py:94]  Rejected — InsightFace found no face.
2026-06-22 15:23:40  INFO      [camera.py:250]  Face detected — YOLO conf: 0.850 — quality score: 0.0 — good: False
2026-06-22 15:23:40  DEBUG     [camera.py:264]  Skipped low quality face (score: 0.0)
2026-06-22 15:23:40  DEBUG     [camera.py:94]  Rejected — InsightFace found no face.
2026-06-22 15:23:40  INFO      [camera.py:250]  Face detected — YOLO conf: 0.877 — quality score: 0.0 — good: False
2026-06-22 15:23:40  DEBUG     [camera.py:264]  Skipped low quality face (score: 0.0)
2026-06-22 15:23:40  DEBUG     [camera.py:94]  Rejected — InsightFace found no face.
2026-06-22 15:23:40  INFO      [camera.py:250]  Face detected — YOLO conf: 0.743 — quality score: 0.0 — good: False
2026-06-22 15:23:40  DEBUG     [camera.py:264]  Skipped low quality face (score: 0.0)
2026-06-22 15:23:40  DEBUG     [camera.py:94]  Rejected — InsightFace found no face.
2026-06-22 15:23:40  INFO      [camera.py:250]  Face detected — YOLO conf: 0.746 — quality score: 0.0 — good: False
2026-06-22 15:23:40  DEBUG     [camera.py:264]  Skipped low quality face (score: 0.0)
2026-06-22 15:23:40  DEBUG     [camera.py:94]  Rejected — InsightFace found no face.
2026-06-22 15:23:40  INFO      [camera.py:250]  Face detected — YOLO conf: 0.744 — quality score: 0.0 — good: False
2026-06-22 15:23:40  DEBUG     [camera.py:264]  Skipped low quality face (score: 0.0)
2026-06-22 15:23:41  DEBUG     [camera.py:94]  Rejected — InsightFace found no face.
2026-06-22 15:23:41  INFO      [camera.py:250]  Face detected — YOLO conf: 0.752 — quality score: 0.0 — good: False
2026-06-22 15:23:41  DEBUG     [camera.py:264]  Skipped low quality face (score: 0.0)
2026-06-22 15:23:41  DEBUG     [camera.py:94]  Rejected — InsightFace found no face.
2026-06-22 15:23:41  INFO      [camera.py:250]  Face detected — YOLO conf: 0.727 — quality score: 0.0 — good: False
2026-06-22 15:23:41  DEBUG     [camera.py:264]  Skipped low quality face (score: 0.0)
2026-06-22 15:23:41  DEBUG     [camera.py:94]  Rejected — InsightFace found no face.
2026-06-22 15:23:41  INFO      [camera.py:250]  Face detected — YOLO conf: 0.799 — quality score: 0.0 — good: False
2026-06-22 15:23:41  DEBUG     [camera.py:264]  Skipped low quality face (score: 0.0)
2026-06-22 15:23:41  DEBUG     [camera.py:94]  Rejected — InsightFace found no face.
2026-06-22 15:23:41  INFO      [camera.py:250]  Face detected — YOLO conf: 0.830 — quality score: 0.0 — good: False
2026-06-22 15:23:41  DEBUG     [camera.py:264]  Skipped low quality face (score: 0.0)
2026-06-22 15:23:41  DEBUG     [camera.py:94]  Rejected — InsightFace found no face.
2026-06-22 15:23:41  INFO      [camera.py:250]  Face detected — YOLO conf: 0.861 — quality score: 0.0 — good: False
2026-06-22 15:23:41  DEBUG     [camera.py:264]  Skipped low quality face (score: 0.0)
2026-06-22 15:23:41  DEBUG     [camera.py:94]  Rejected — InsightFace found no face.
2026-06-22 15:23:41  INFO      [camera.py:250]  Face detected — YOLO conf: 0.836 — quality score: 0.0 — good: False
2026-06-22 15:23:41  DEBUG     [camera.py:264]  Skipped low quality face (score: 0.0)
2026-06-22 15:23:41  DEBUG     [camera.py:94]  Rejected — InsightFace found no face.
2026-06-22 15:23:41  INFO      [camera.py:250]  Face detected — YOLO conf: 0.856 — quality score: 0.0 — good: False
2026-06-22 15:23:41  DEBUG     [camera.py:264]  Skipped low quality face (score: 0.0)
2026-06-22 15:23:41  DEBUG     [camera.py:94]  Rejected — InsightFace found no face.
2026-06-22 15:23:41  INFO      [camera.py:250]  Face detected — YOLO conf: 0.844 — quality score: 0.0 — good: False
2026-06-22 15:23:41  DEBUG     [camera.py:264]  Skipped low quality face (score: 0.0)
2026-06-22 15:23:41  DEBUG     [camera.py:94]  Rejected — InsightFace found no face.
2026-06-22 15:23:41  INFO      [camera.py:250]  Face detected — YOLO conf: 0.868 — quality score: 0.0 — good: False
2026-06-22 15:23:41  DEBUG     [camera.py:264]  Skipped low quality face (score: 0.0)
2026-06-22 15:23:42  DEBUG     [camera.py:94]  Rejected — InsightFace found no face.
2026-06-22 15:23:42  INFO      [camera.py:250]  Face detected — YOLO conf: 0.832 — quality score: 0.0 — good: False
2026-06-22 15:23:42  DEBUG     [camera.py:264]  Skipped low quality face (score: 0.0)
2026-06-22 15:23:42  DEBUG     [camera.py:94]  Rejected — InsightFace found no face.
2026-06-22 15:23:42  INFO      [camera.py:250]  Face detected — YOLO conf: 0.859 — quality score: 0.0 — good: False
2026-06-22 15:23:42  DEBUG     [camera.py:264]  Skipped low quality face (score: 0.0)
2026-06-22 15:23:42  DEBUG     [camera.py:94]  Rejected — InsightFace found no face.
2026-06-22 15:23:42  INFO      [camera.py:250]  Face detected — YOLO conf: 0.837 — quality score: 0.0 — good: False
2026-06-22 15:23:42  DEBUG     [camera.py:264]  Skipped low quality face (score: 0.0)
2026-06-22 15:23:42  DEBUG     [camera.py:94]  Rejected — InsightFace found no face.
2026-06-22 15:23:42  INFO      [camera.py:250]  Face detected — YOLO conf: 0.851 — quality score: 0.0 — good: False
2026-06-22 15:23:42  DEBUG     [camera.py:264]  Skipped low quality face (score: 0.0)
2026-06-22 15:23:42  DEBUG     [camera.py:94]  Rejected — InsightFace found no face.
2026-06-22 15:23:42  INFO      [camera.py:250]  Face detected — YOLO conf: 0.872 — quality score: 0.0 — good: False
2026-06-22 15:23:42  DEBUG     [camera.py:264]  Skipped low quality face (score: 0.0)
2026-06-22 15:23:42  DEBUG     [camera.py:94]  Rejected — InsightFace found no face.
2026-06-22 15:23:42  INFO      [camera.py:250]  Face detected — YOLO conf: 0.874 — quality score: 0.0 — good: False
2026-06-22 15:23:42  DEBUG     [camera.py:264]  Skipped low quality face (score: 0.0)
2026-06-22 15:23:42  DEBUG     [camera.py:94]  Rejected — InsightFace found no face.
2026-06-22 15:23:42  INFO      [camera.py:250]  Face detected — YOLO conf: 0.874 — quality score: 0.0 — good: False
2026-06-22 15:23:42  DEBUG     [camera.py:264]  Skipped low quality face (score: 0.0)
2026-06-22 15:23:42  DEBUG     [camera.py:94]  Rejected — InsightFace found no face.
2026-06-22 15:23:42  INFO      [camera.py:250]  Face detected — YOLO conf: 0.867 — quality score: 0.0 — good: False
2026-06-22 15:23:42  DEBUG     [camera.py:264]  Skipped low quality face (score: 0.0)
2026-06-22 15:23:42  DEBUG     [camera.py:94]  Rejected — InsightFace found no face.
2026-06-22 15:23:42  INFO      [camera.py:250]  Face detected — YOLO conf: 0.858 — quality score: 0.0 — good: False
2026-06-22 15:23:42  DEBUG     [camera.py:264]  Skipped low quality face (score: 0.0)
2026-06-22 15:23:42  DEBUG     [camera.py:94]  Rejected — InsightFace found no face.
2026-06-22 15:23:42  INFO      [camera.py:250]  Face detected — YOLO conf: 0.857 — quality score: 0.0 — good: False
2026-06-22 15:23:42  DEBUG     [camera.py:264]  Skipped low quality face (score: 0.0)
2026-06-22 15:23:43  DEBUG     [camera.py:94]  Rejected — InsightFace found no face.
2026-06-22 15:23:43  INFO      [camera.py:250]  Face detected — YOLO conf: 0.851 — quality score: 0.0 — good: False
2026-06-22 15:23:43  DEBUG     [camera.py:264]  Skipped low quality face (score: 0.0)
2026-06-22 15:23:43  DEBUG     [camera.py:94]  Rejected — InsightFace found no face.
2026-06-22 15:23:43  INFO      [camera.py:250]  Face detected — YOLO conf: 0.845 — quality score: 0.0 — good: False
2026-06-22 15:23:43  DEBUG     [camera.py:264]  Skipped low quality face (score: 0.0)
2026-06-22 15:23:43  DEBUG     [camera.py:94]  Rejected — InsightFace found no face.
2026-06-22 15:23:43  INFO      [camera.py:250]  Face detected — YOLO conf: 0.846 — quality score: 0.0 — good: False
2026-06-22 15:23:43  DEBUG     [camera.py:264]  Skipped low quality face (score: 0.0)
2026-06-22 15:23:43  DEBUG     [camera.py:94]  Rejected — InsightFace found no face.
2026-06-22 15:23:43  INFO      [camera.py:250]  Face detected — YOLO conf: 0.838 — quality score: 0.0 — good: False
2026-06-22 15:23:43  DEBUG     [camera.py:264]  Skipped low quality face (score: 0.0)
2026-06-22 15:23:43  DEBUG     [camera.py:94]  Rejected — InsightFace found no face.
2026-06-22 15:23:43  INFO      [camera.py:250]  Face detected — YOLO conf: 0.823 — quality score: 0.0 — good: False
2026-06-22 15:23:43  DEBUG     [camera.py:264]  Skipped low quality face (score: 0.0)
2026-06-22 15:23:43  DEBUG     [camera.py:94]  Rejected — InsightFace found no face.
2026-06-22 15:23:43  INFO      [camera.py:250]  Face detected — YOLO conf: 0.822 — quality score: 0.0 — good: False
2026-06-22 15:23:43  DEBUG     [camera.py:264]  Skipped low quality face (score: 0.0)
2026-06-22 15:23:43  DEBUG     [camera.py:94]  Rejected — InsightFace found no face.
2026-06-22 15:23:43  INFO      [camera.py:250]  Face detected — YOLO conf: 0.809 — quality score: 0.0 — good: False
2026-06-22 15:23:43  DEBUG     [camera.py:264]  Skipped low quality face (score: 0.0)
2026-06-22 15:23:43  DEBUG     [camera.py:94]  Rejected — InsightFace found no face.
2026-06-22 15:23:43  INFO      [camera.py:250]  Face detected — YOLO conf: 0.811 — quality score: 0.0 — good: False
2026-06-22 15:23:43  DEBUG     [camera.py:264]  Skipped low quality face (score: 0.0)
2026-06-22 15:23:43  DEBUG     [camera.py:94]  Rejected — InsightFace found no face.
2026-06-22 15:23:43  INFO      [camera.py:250]  Face detected — YOLO conf: 0.820 — quality score: 0.0 — good: False
2026-06-22 15:23:43  DEBUG     [camera.py:264]  Skipped low quality face (score: 0.0)
2026-06-22 15:23:43  DEBUG     [camera.py:94]  Rejected — InsightFace found no face.
2026-06-22 15:23:43  INFO      [camera.py:250]  Face detected — YOLO conf: 0.824 — quality score: 0.0 — good: False
2026-06-22 15:23:43  DEBUG     [camera.py:264]  Skipped low quality face (score: 0.0)
2026-06-22 15:23:44  DEBUG     [camera.py:94]  Rejected — InsightFace found no face.
2026-06-22 15:23:44  INFO      [camera.py:250]  Face detected — YOLO conf: 0.823 — quality score: 0.0 — good: False
2026-06-22 15:23:44  DEBUG     [camera.py:264]  Skipped low quality face (score: 0.0)
2026-06-22 15:23:44  DEBUG     [camera.py:94]  Rejected — InsightFace found no face.
2026-06-22 15:23:44  INFO      [camera.py:250]  Face detected — YOLO conf: 0.844 — quality score: 0.0 — good: False
2026-06-22 15:23:44  DEBUG     [camera.py:264]  Skipped low quality face (score: 0.0)
2026-06-22 15:23:44  DEBUG     [camera.py:94]  Rejected — InsightFace found no face.
2026-06-22 15:23:44  INFO      [camera.py:250]  Face detected — YOLO conf: 0.811 — quality score: 0.0 — good: False
2026-06-22 15:23:44  DEBUG     [camera.py:264]  Skipped low quality face (score: 0.0)
2026-06-22 15:23:44  DEBUG     [camera.py:94]  Rejected — InsightFace found no face.
2026-06-22 15:23:44  INFO      [camera.py:250]  Face detected — YOLO conf: 0.838 — quality score: 0.0 — good: False
2026-06-22 15:23:44  DEBUG     [camera.py:264]  Skipped low quality face (score: 0.0)
2026-06-22 15:23:44  DEBUG     [camera.py:94]  Rejected — InsightFace found no face.
2026-06-22 15:23:44  INFO      [camera.py:250]  Face detected — YOLO conf: 0.839 — quality score: 0.0 — good: False
2026-06-22 15:23:44  DEBUG     [camera.py:264]  Skipped low quality face (score: 0.0)
2026-06-22 15:23:44  DEBUG     [camera.py:94]  Rejected — InsightFace found no face.
2026-06-22 15:23:44  INFO      [camera.py:250]  Face detected — YOLO conf: 0.831 — quality score: 0.0 — good: False
2026-06-22 15:23:44  DEBUG     [camera.py:264]  Skipped low quality face (score: 0.0)
2026-06-22 15:23:44  DEBUG     [camera.py:94]  Rejected — InsightFace found no face.
2026-06-22 15:23:44  INFO      [camera.py:250]  Face detected — YOLO conf: 0.848 — quality score: 0.0 — good: False
2026-06-22 15:23:44  DEBUG     [camera.py:264]  Skipped low quality face (score: 0.0)
2026-06-22 15:23:44  DEBUG     [camera.py:94]  Rejected — InsightFace found no face.
2026-06-22 15:23:44  INFO      [camera.py:250]  Face detected — YOLO conf: 0.843 — quality score: 0.0 — good: False
2026-06-22 15:23:44  DEBUG     [camera.py:264]  Skipped low quality face (score: 0.0)
2026-06-22 15:23:44  DEBUG     [camera.py:94]  Rejected — InsightFace found no face.
2026-06-22 15:23:44  INFO      [camera.py:250]  Face detected — YOLO conf: 0.815 — quality score: 0.0 — good: False
2026-06-22 15:23:44  DEBUG     [camera.py:264]  Skipped low quality face (score: 0.0)
2026-06-22 15:23:45  DEBUG     [camera.py:94]  Rejected — InsightFace found no face.
2026-06-22 15:23:45  INFO      [camera.py:250]  Face detected — YOLO conf: 0.758 — quality score: 0.0 — good: False
2026-06-22 15:23:45  DEBUG     [camera.py:264]  Skipped low quality face (score: 0.0)
2026-06-22 15:23:47  DEBUG     [camera.py:94]  Rejected — InsightFace found no face.
2026-06-22 15:23:47  INFO      [camera.py:250]  Face detected — YOLO conf: 0.753 — quality score: 0.0 — good: False
2026-06-22 15:23:47  DEBUG     [camera.py:264]  Skipped low quality face (score: 0.0)
2026-06-22 15:23:47  DEBUG     [camera.py:94]  Rejected — InsightFace found no face.
2026-06-22 15:23:47  INFO      [camera.py:250]  Face detected — YOLO conf: 0.739 — quality score: 0.0 — good: False
2026-06-22 15:23:47  DEBUG     [camera.py:264]  Skipped low quality face (score: 0.0)
2026-06-22 15:23:47  DEBUG     [camera.py:94]  Rejected — InsightFace found no face.
2026-06-22 15:23:47  INFO      [camera.py:250]  Face detected — YOLO conf: 0.707 — quality score: 0.0 — good: False
2026-06-22 15:23:47  DEBUG     [camera.py:264]  Skipped low quality face (score: 0.0)
2026-06-22 15:23:48  INFO      [main.py:52]  Checking calendars at 15:23:48
2026-06-22 15:23:48  DEBUG     [client.py:31]  GET https://192.168.1.249:5004/scl/get-all-calender
2026-06-22 15:23:48  INFO      [calendar_service.py:44]  Fetched 2 valid session(s).
2026-06-22 15:23:48  INFO      [main.py:84]  Calendar 2106 already started — skipping.
2026-06-22 15:23:48  INFO      [main.py:84]  Calendar 2106 already started — skipping.
2026-06-22 15:23:48  INFO      [main.py:179]  Calendar 2106 still running (3m 11s remaining).
2026-06-22 15:23:48  INFO      [main.py:191]  Active calendars: [2106]
2026-06-22 15:23:48  DEBUG     [camera.py:94]  Rejected — InsightFace found no face.
2026-06-22 15:23:48  INFO      [camera.py:250]  Face detected — YOLO conf: 0.717 — quality score: 0.0 — good: False
2026-06-22 15:23:48  DEBUG     [camera.py:264]  Skipped low quality face (score: 0.0)
2026-06-22 15:23:48  DEBUG     [camera.py:94]  Rejected — InsightFace found no face.
2026-06-22 15:23:48  INFO      [camera.py:250]  Face detected — YOLO conf: 0.726 — quality score: 0.0 — good: False
2026-06-22 15:23:48  DEBUG     [camera.py:264]  Skipped low quality face (score: 0.0)
2026-06-22 15:23:48  DEBUG     [camera.py:94]  Rejected — InsightFace found no face.
2026-06-22 15:23:48  INFO      [camera.py:250]  Face detected — YOLO conf: 0.730 — quality score: 0.0 — good: False
2026-06-22 15:23:48  DEBUG     [camera.py:264]  Skipped low quality face (score: 0.0)
2026-06-22 15:23:49  DEBUG     [camera.py:94]  Rejected — InsightFace found no face.
2026-06-22 15:23:49  INFO      [camera.py:250]  Face detected — YOLO conf: 0.734 — quality score: 0.0 — good: False
2026-06-22 15:23:49  DEBUG     [camera.py:264]  Skipped low quality face (score: 0.0)
2026-06-22 15:23:49  DEBUG     [camera.py:94]  Rejected — InsightFace found no face.
2026-06-22 15:23:49  INFO      [camera.py:250]  Face detected — YOLO conf: 0.730 — quality score: 0.0 — good: False
2026-06-22 15:23:49  DEBUG     [camera.py:264]  Skipped low quality face (score: 0.0)
2026-06-22 15:23:49  DEBUG     [camera.py:94]  Rejected — InsightFace found no face.
2026-06-22 15:23:49  INFO      [camera.py:250]  Face detected — YOLO conf: 0.715 — quality score: 0.0 — good: False
2026-06-22 15:23:49  DEBUG     [camera.py:264]  Skipped low quality face (score: 0.0)
2026-06-22 15:23:49  DEBUG     [camera.py:94]  Rejected — InsightFace found no face.
2026-06-22 15:23:49  INFO      [camera.py:250]  Face detected — YOLO conf: 0.736 — quality score: 0.0 — good: False
2026-06-22 15:23:49  DEBUG     [camera.py:264]  Skipped low quality face (score: 0.0)
2026-06-22 15:23:49  DEBUG     [camera.py:94]  Rejected — InsightFace found no face.
2026-06-22 15:23:49  INFO      [camera.py:250]  Face detected — YOLO conf: 0.750 — quality score: 0.0 — good: False
2026-06-22 15:23:49  DEBUG     [camera.py:264]  Skipped low quality face (score: 0.0)
2026-06-22 15:23:49  DEBUG     [camera.py:94]  Rejected — InsightFace found no face.
2026-06-22 15:23:49  INFO      [camera.py:250]  Face detected — YOLO conf: 0.740 — quality score: 0.0 — good: False
2026-06-22 15:23:49  DEBUG     [camera.py:264]  Skipped low quality face (score: 0.0)
2026-06-22 15:23:49  DEBUG     [camera.py:94]  Rejected — InsightFace found no face.
2026-06-22 15:23:49  INFO      [camera.py:250]  Face detected — YOLO conf: 0.704 — quality score: 0.0 — good: False
2026-06-22 15:23:49  DEBUG     [camera.py:264]  Skipped low quality face (score: 0.0)
2026-06-22 15:23:50  DEBUG     [camera.py:94]  Rejected — InsightFace found no face.
2026-06-22 15:23:50  INFO      [camera.py:250]  Face detected — YOLO conf: 0.713 — quality score: 0.0 — good: False
2026-06-22 15:23:50  DEBUG     [camera.py:264]  Skipped low quality face (score: 0.0)
2026-06-22 15:23:50  DEBUG     [camera.py:94]  Rejected — InsightFace found no face.
2026-06-22 15:23:50  INFO      [camera.py:250]  Face detected — YOLO conf: 0.717 — quality score: 0.0 — good: False
2026-06-22 15:23:50  DEBUG     [camera.py:264]  Skipped low quality face (score: 0.0)
2026-06-22 15:23:50  DEBUG     [camera.py:94]  Rejected — InsightFace found no face.
2026-06-22 15:23:50  INFO      [camera.py:250]  Face detected — YOLO conf: 0.707 — quality score: 0.0 — good: False
2026-06-22 15:23:50  DEBUG     [camera.py:264]  Skipped low quality face (score: 0.0)
2026-06-22 15:23:50  DEBUG     [camera.py:94]  Rejected — InsightFace found no face.
2026-06-22 15:23:50  INFO      [camera.py:250]  Face detected — YOLO conf: 0.750 — quality score: 0.0 — good: False
2026-06-22 15:23:50  DEBUG     [camera.py:264]  Skipped low quality face (score: 0.0)
2026-06-22 15:23:51  DEBUG     [camera.py:94]  Rejected — InsightFace found no face.
2026-06-22 15:23:51  INFO      [camera.py:250]  Face detected — YOLO conf: 0.742 — quality score: 0.0 — good: False
2026-06-22 15:23:51  DEBUG     [camera.py:264]  Skipped low quality face (score: 0.0)
2026-06-22 15:23:51  DEBUG     [camera.py:94]  Rejected — InsightFace found no face.
2026-06-22 15:23:51  INFO      [camera.py:250]  Face detected — YOLO conf: 0.779 — quality score: 0.0 — good: False
2026-06-22 15:23:51  DEBUG     [camera.py:264]  Skipped low quality face (score: 0.0)
2026-06-22 15:23:51  DEBUG     [camera.py:94]  Rejected — InsightFace found no face.
2026-06-22 15:23:51  INFO      [camera.py:250]  Face detected — YOLO conf: 0.764 — quality score: 0.0 — good: False
2026-06-22 15:23:51  DEBUG     [camera.py:264]  Skipped low quality face (score: 0.0)
2026-06-22 15:23:51  DEBUG     [camera.py:94]  Rejected — InsightFace found no face.
2026-06-22 15:23:51  INFO      [camera.py:250]  Face detected — YOLO conf: 0.809 — quality score: 0.0 — good: False
2026-06-22 15:23:51  DEBUG     [camera.py:264]  Skipped low quality face (score: 0.0)
2026-06-22 15:23:51  DEBUG     [camera.py:94]  Rejected — InsightFace found no face.
2026-06-22 15:23:51  INFO      [camera.py:250]  Face detected — YOLO conf: 0.822 — quality score: 0.0 — good: False
2026-06-22 15:23:51  DEBUG     [camera.py:264]  Skipped low quality face (score: 0.0)
2026-06-22 15:23:51  DEBUG     [camera.py:109]  Quality — score: 0.611 blur: 54.6 brightness: 75.6
2026-06-22 15:23:51  INFO      [camera.py:250]  Face detected — YOLO conf: 0.839 — quality score: 0.611 — good: True
2026-06-22 15:23:51  INFO      [camera.py:262]  Saved face (quality: 0.611): face_20260622_152351_794.jpg
2026-06-22 15:23:51  DEBUG     [camera.py:94]  Rejected — InsightFace found no face.
2026-06-22 15:23:51  INFO      [camera.py:250]  Face detected — YOLO conf: 0.839 — quality score: 0.0 — good: False
2026-06-22 15:23:51  DEBUG     [camera.py:264]  Skipped low quality face (score: 0.0)
2026-06-22 15:23:51  DEBUG     [camera.py:94]  Rejected — InsightFace found no face.
2026-06-22 15:23:51  INFO      [camera.py:250]  Face detected — YOLO conf: 0.849 — quality score: 0.0 — good: False
2026-06-22 15:23:51  DEBUG     [camera.py:264]  Skipped low quality face (score: 0.0)
2026-06-22 15:23:52  DEBUG     [camera.py:94]  Rejected — InsightFace found no face.
2026-06-22 15:23:52  INFO      [camera.py:250]  Face detected — YOLO conf: 0.826 — quality score: 0.0 — good: False
2026-06-22 15:23:52  DEBUG     [camera.py:264]  Skipped low quality face (score: 0.0)
2026-06-22 15:23:52  DEBUG     [camera.py:94]  Rejected — InsightFace found no face.
2026-06-22 15:23:52  INFO      [camera.py:250]  Face detected — YOLO conf: 0.861 — quality score: 0.0 — good: False
2026-06-22 15:23:52  DEBUG     [camera.py:264]  Skipped low quality face (score: 0.0)
2026-06-22 15:23:52  DEBUG     [camera.py:94]  Rejected — InsightFace found no face.
2026-06-22 15:23:52  INFO      [camera.py:250]  Face detected — YOLO conf: 0.825 — quality score: 0.0 — good: False
2026-06-22 15:23:52  DEBUG     [camera.py:264]  Skipped low quality face (score: 0.0)
2026-06-22 15:23:52  DEBUG     [camera.py:94]  Rejected — InsightFace found no face.
2026-06-22 15:23:52  INFO      [camera.py:250]  Face detected — YOLO conf: 0.816 — quality score: 0.0 — good: False
2026-06-22 15:23:52  DEBUG     [camera.py:264]  Skipped low quality face (score: 0.0)
2026-06-22 15:23:52  DEBUG     [camera.py:94]  Rejected — InsightFace found no face.
2026-06-22 15:23:52  INFO      [camera.py:250]  Face detected — YOLO conf: 0.880 — quality score: 0.0 — good: False
2026-06-22 15:23:52  DEBUG     [camera.py:264]  Skipped low quality face (score: 0.0)
2026-06-22 15:23:52  DEBUG     [camera.py:94]  Rejected — InsightFace found no face.
2026-06-22 15:23:52  INFO      [camera.py:250]  Face detected — YOLO conf: 0.833 — quality score: 0.0 — good: False
2026-06-22 15:23:52  DEBUG     [camera.py:264]  Skipped low quality face (score: 0.0)
2026-06-22 15:23:52  DEBUG     [camera.py:94]  Rejected — InsightFace found no face.
2026-06-22 15:23:52  INFO      [camera.py:250]  Face detected — YOLO conf: 0.818 — quality score: 0.0 — good: False
2026-06-22 15:23:52  DEBUG     [camera.py:264]  Skipped low quality face (score: 0.0)
2026-06-22 15:23:52  DEBUG     [camera.py:94]  Rejected — InsightFace found no face.
2026-06-22 15:23:52  INFO      [camera.py:250]  Face detected — YOLO conf: 0.827 — quality score: 0.0 — good: False
2026-06-22 15:23:52  DEBUG     [camera.py:264]  Skipped low quality face (score: 0.0)
2026-06-22 15:23:52  DEBUG     [camera.py:94]  Rejected — InsightFace found no face.
2026-06-22 15:23:52  INFO      [camera.py:250]  Face detected — YOLO conf: 0.834 — quality score: 0.0 — good: False
2026-06-22 15:23:52  DEBUG     [camera.py:264]  Skipped low quality face (score: 0.0)
2026-06-22 15:23:52  DEBUG     [camera.py:94]  Rejected — InsightFace found no face.
2026-06-22 15:23:52  INFO      [camera.py:250]  Face detected — YOLO conf: 0.830 — quality score: 0.0 — good: False
2026-06-22 15:23:52  DEBUG     [camera.py:264]  Skipped low quality face (score: 0.0)
2026-06-22 15:23:53  DEBUG     [camera.py:94]  Rejected — InsightFace found no face.
2026-06-22 15:23:53  INFO      [camera.py:250]  Face detected — YOLO conf: 0.853 — quality score: 0.0 — good: False
2026-06-22 15:23:53  DEBUG     [camera.py:264]  Skipped low quality face (score: 0.0)
2026-06-22 15:23:53  DEBUG     [camera.py:94]  Rejected — InsightFace found no face.
2026-06-22 15:23:53  INFO      [camera.py:250]  Face detected — YOLO conf: 0.842 — quality score: 0.0 — good: False
2026-06-22 15:23:53  DEBUG     [camera.py:264]  Skipped low quality face (score: 0.0)
2026-06-22 15:23:53  DEBUG     [camera.py:94]  Rejected — InsightFace found no face.
2026-06-22 15:23:53  INFO      [camera.py:250]  Face detected — YOLO conf: 0.839 — quality score: 0.0 — good: False
2026-06-22 15:23:53  DEBUG     [camera.py:264]  Skipped low quality face (score: 0.0)
2026-06-22 15:23:53  DEBUG     [camera.py:94]  Rejected — InsightFace found no face.
2026-06-22 15:23:53  INFO      [camera.py:250]  Face detected — YOLO conf: 0.819 — quality score: 0.0 — good: False
2026-06-22 15:23:53  DEBUG     [camera.py:264]  Skipped low quality face (score: 0.0)
2026-06-22 15:23:53  DEBUG     [camera.py:94]  Rejected — InsightFace found no face.
2026-06-22 15:23:53  INFO      [camera.py:250]  Face detected — YOLO conf: 0.819 — quality score: 0.0 — good: False
2026-06-22 15:23:53  DEBUG     [camera.py:264]  Skipped low quality face (score: 0.0)
2026-06-22 15:23:53  DEBUG     [camera.py:94]  Rejected — InsightFace found no face.
2026-06-22 15:23:53  INFO      [camera.py:250]  Face detected — YOLO conf: 0.829 — quality score: 0.0 — good: False
2026-06-22 15:23:53  DEBUG     [camera.py:264]  Skipped low quality face (score: 0.0)
2026-06-22 15:23:53  DEBUG     [camera.py:94]  Rejected — InsightFace found no face.
2026-06-22 15:23:53  INFO      [camera.py:250]  Face detected — YOLO conf: 0.815 — quality score: 0.0 — good: False
2026-06-22 15:23:53  DEBUG     [camera.py:264]  Skipped low quality face (score: 0.0)
2026-06-22 15:23:53  DEBUG     [camera.py:94]  Rejected — InsightFace found no face.
2026-06-22 15:23:53  INFO      [camera.py:250]  Face detected — YOLO conf: 0.886 — quality score: 0.0 — good: False
2026-06-22 15:23:53  DEBUG     [camera.py:264]  Skipped low quality face (score: 0.0)
2026-06-22 15:23:53  DEBUG     [camera.py:94]  Rejected — InsightFace found no face.
2026-06-22 15:23:53  INFO      [camera.py:250]  Face detected — YOLO conf: 0.841 — quality score: 0.0 — good: False
2026-06-22 15:23:53  DEBUG     [camera.py:264]  Skipped low quality face (score: 0.0)
2026-06-22 15:23:53  DEBUG     [camera.py:94]  Rejected — InsightFace found no face.
2026-06-22 15:23:53  INFO      [camera.py:250]  Face detected — YOLO conf: 0.841 — quality score: 0.0 — good: False
2026-06-22 15:23:53  DEBUG     [camera.py:264]  Skipped low quality face (score: 0.0)
2026-06-22 15:23:54  DEBUG     [camera.py:94]  Rejected — InsightFace found no face.
2026-06-22 15:23:54  INFO      [camera.py:250]  Face detected — YOLO conf: 0.830 — quality score: 0.0 — good: False
2026-06-22 15:23:54  DEBUG     [camera.py:264]  Skipped low quality face (score: 0.0)
2026-06-22 15:23:54  DEBUG     [camera.py:94]  Rejected — InsightFace found no face.
2026-06-22 15:23:54  INFO      [camera.py:250]  Face detected — YOLO conf: 0.873 — quality score: 0.0 — good: False
2026-06-22 15:23:54  DEBUG     [camera.py:264]  Skipped low quality face (score: 0.0)
2026-06-22 15:23:54  DEBUG     [camera.py:94]  Rejected — InsightFace found no face.
2026-06-22 15:23:54  INFO      [camera.py:250]  Face detected — YOLO conf: 0.833 — quality score: 0.0 — good: False
2026-06-22 15:23:54  DEBUG     [camera.py:264]  Skipped low quality face (score: 0.0)
2026-06-22 15:23:54  DEBUG     [camera.py:94]  Rejected — InsightFace found no face.
2026-06-22 15:23:54  INFO      [camera.py:250]  Face detected — YOLO conf: 0.856 — quality score: 0.0 — good: False
2026-06-22 15:23:54  DEBUG     [camera.py:264]  Skipped low quality face (score: 0.0)
2026-06-22 15:23:54  DEBUG     [camera.py:94]  Rejected — InsightFace found no face.
2026-06-22 15:23:54  INFO      [camera.py:250]  Face detected — YOLO conf: 0.846 — quality score: 0.0 — good: False
2026-06-22 15:23:54  DEBUG     [camera.py:264]  Skipped low quality face (score: 0.0)
2026-06-22 15:23:54  DEBUG     [camera.py:94]  Rejected — InsightFace found no face.
2026-06-22 15:23:54  INFO      [camera.py:250]  Face detected — YOLO conf: 0.839 — quality score: 0.0 — good: False
2026-06-22 15:23:54  DEBUG     [camera.py:264]  Skipped low quality face (score: 0.0)
2026-06-22 15:23:54  DEBUG     [camera.py:94]  Rejected — InsightFace found no face.
2026-06-22 15:23:54  INFO      [camera.py:250]  Face detected — YOLO conf: 0.840 — quality score: 0.0 — good: False
2026-06-22 15:23:54  DEBUG     [camera.py:264]  Skipped low quality face (score: 0.0)
2026-06-22 15:23:54  DEBUG     [camera.py:94]  Rejected — InsightFace found no face.
2026-06-22 15:23:54  INFO      [camera.py:250]  Face detected — YOLO conf: 0.857 — quality score: 0.0 — good: False
2026-06-22 15:23:54  DEBUG     [camera.py:264]  Skipped low quality face (score: 0.0)
2026-06-22 15:23:54  DEBUG     [camera.py:94]  Rejected — InsightFace found no face.
2026-06-22 15:23:54  INFO      [camera.py:250]  Face detected — YOLO conf: 0.848 — quality score: 0.0 — good: False
2026-06-22 15:23:54  DEBUG     [camera.py:264]  Skipped low quality face (score: 0.0)
2026-06-22 15:23:54  DEBUG     [camera.py:80]  Rejected — too blurry (blur score: 25.0)
2026-06-22 15:23:54  INFO      [camera.py:250]  Face detected — YOLO conf: 0.841 — quality score: 0.0 — good: False
2026-06-22 15:23:54  DEBUG     [camera.py:264]  Skipped low quality face (score: 0.0)
2026-06-22 15:23:55  DEBUG     [camera.py:80]  Rejected — too blurry (blur score: 26.1)
2026-06-22 15:23:55  INFO      [camera.py:250]  Face detected — YOLO conf: 0.856 — quality score: 0.0 — good: False
2026-06-22 15:23:55  DEBUG     [camera.py:264]  Skipped low quality face (score: 0.0)
2026-06-22 15:23:55  DEBUG     [camera.py:80]  Rejected — too blurry (blur score: 25.9)
2026-06-22 15:23:55  INFO      [camera.py:250]  Face detected — YOLO conf: 0.789 — quality score: 0.0 — good: False
2026-06-22 15:23:55  DEBUG     [camera.py:264]  Skipped low quality face (score: 0.0)
2026-06-22 15:23:55  DEBUG     [camera.py:109]  Quality — score: 0.761 blur: 38.2 brightness: 81.9
2026-06-22 15:23:55  INFO      [camera.py:250]  Face detected — YOLO conf: 0.824 — quality score: 0.761 — good: True
2026-06-22 15:23:55  INFO      [camera.py:262]  Saved face (quality: 0.761): face_20260622_152355_280.jpg
2026-06-22 15:23:55  DEBUG     [camera.py:109]  Quality — score: 0.635 blur: 41.2 brightness: 83.3
2026-06-22 15:23:55  INFO      [camera.py:250]  Face detected — YOLO conf: 0.812 — quality score: 0.635 — good: True
2026-06-22 15:23:55  INFO      [camera.py:262]  Saved face (quality: 0.635): face_20260622_152355_388.jpg
2026-06-22 15:23:55  DEBUG     [camera.py:94]  Rejected — InsightFace found no face.
2026-06-22 15:23:55  INFO      [camera.py:250]  Face detected — YOLO conf: 0.854 — quality score: 0.0 — good: False
2026-06-22 15:23:55  DEBUG     [camera.py:264]  Skipped low quality face (score: 0.0)
2026-06-22 15:23:55  DEBUG     [camera.py:109]  Quality — score: 0.634 blur: 36.8 brightness: 82.1
2026-06-22 15:23:55  INFO      [camera.py:250]  Face detected — YOLO conf: 0.870 — quality score: 0.634 — good: True
2026-06-22 15:23:55  INFO      [camera.py:262]  Saved face (quality: 0.634): face_20260622_152355_584.jpg
2026-06-22 15:23:55  DEBUG     [camera.py:109]  Quality — score: 0.727 blur: 66.2 brightness: 80.2
2026-06-22 15:23:55  INFO      [camera.py:250]  Face detected — YOLO conf: 0.835 — quality score: 0.727 — good: True
2026-06-22 15:23:55  INFO      [camera.py:262]  Saved face (quality: 0.727): face_20260622_152355_677.jpg
2026-06-22 15:23:55  DEBUG     [camera.py:94]  Rejected — InsightFace found no face.
2026-06-22 15:23:55  INFO      [camera.py:250]  Face detected — YOLO conf: 0.862 — quality score: 0.0 — good: False
2026-06-22 15:23:55  DEBUG     [camera.py:264]  Skipped low quality face (score: 0.0)
2026-06-22 15:23:55  DEBUG     [camera.py:94]  Rejected — InsightFace found no face.
2026-06-22 15:23:55  INFO      [camera.py:250]  Face detected — YOLO conf: 0.867 — quality score: 0.0 — good: False
2026-06-22 15:23:55  DEBUG     [camera.py:264]  Skipped low quality face (score: 0.0)
2026-06-22 15:23:55  DEBUG     [camera.py:94]  Rejected — InsightFace found no face.
2026-06-22 15:23:55  INFO      [camera.py:250]  Face detected — YOLO conf: 0.855 — quality score: 0.0 — good: False
2026-06-22 15:23:55  DEBUG     [camera.py:264]  Skipped low quality face (score: 0.0)
2026-06-22 15:23:56  DEBUG     [camera.py:94]  Rejected — InsightFace found no face.
2026-06-22 15:23:56  INFO      [camera.py:250]  Face detected — YOLO conf: 0.861 — quality score: 0.0 — good: False
2026-06-22 15:23:56  DEBUG     [camera.py:264]  Skipped low quality face (score: 0.0)
2026-06-22 15:23:56  DEBUG     [camera.py:94]  Rejected — InsightFace found no face.
2026-06-22 15:23:56  INFO      [camera.py:250]  Face detected — YOLO conf: 0.878 — quality score: 0.0 — good: False
2026-06-22 15:23:56  DEBUG     [camera.py:264]  Skipped low quality face (score: 0.0)
2026-06-22 15:23:56  DEBUG     [camera.py:109]  Quality — score: 0.634 blur: 61.8 brightness: 80.8
2026-06-22 15:23:56  INFO      [camera.py:250]  Face detected — YOLO conf: 0.889 — quality score: 0.634 — good: True
2026-06-22 15:23:56  INFO      [camera.py:262]  Saved face (quality: 0.634): face_20260622_152356_284.jpg
2026-06-22 15:23:56  DEBUG     [camera.py:109]  Quality — score: 0.657 blur: 35.5 brightness: 91.4
2026-06-22 15:23:56  INFO      [camera.py:250]  Face detected — YOLO conf: 0.823 — quality score: 0.657 — good: True
2026-06-22 15:23:56  INFO      [camera.py:262]  Saved face (quality: 0.657): face_20260622_152356_379.jpg
2026-06-22 15:23:56  DEBUG     [camera.py:94]  Rejected — InsightFace found no face.
2026-06-22 15:23:56  INFO      [camera.py:250]  Face detected — YOLO conf: 0.854 — quality score: 0.0 — good: False
2026-06-22 15:23:56  DEBUG     [camera.py:264]  Skipped low quality face (score: 0.0)
2026-06-22 15:23:56  DEBUG     [camera.py:109]  Quality — score: 0.551 blur: 48.9 brightness: 85.0
2026-06-22 15:23:56  INFO      [camera.py:250]  Face detected — YOLO conf: 0.772 — quality score: 0.551 — good: True
2026-06-22 15:23:56  INFO      [camera.py:262]  Saved face (quality: 0.551): face_20260622_152356_584.jpg
2026-06-22 15:23:56  DEBUG     [camera.py:80]  Rejected — too blurry (blur score: 28.0)
2026-06-22 15:23:56  INFO      [camera.py:250]  Face detected — YOLO conf: 0.842 — quality score: 0.0 — good: False
2026-06-22 15:23:56  DEBUG     [camera.py:264]  Skipped low quality face (score: 0.0)
2026-06-22 15:23:56  DEBUG     [camera.py:94]  Rejected — InsightFace found no face.
2026-06-22 15:23:56  INFO      [camera.py:250]  Face detected — YOLO conf: 0.830 — quality score: 0.0 — good: False
2026-06-22 15:23:56  DEBUG     [camera.py:264]  Skipped low quality face (score: 0.0)
2026-06-22 15:23:56  DEBUG     [camera.py:94]  Rejected — InsightFace found no face.
2026-06-22 15:23:56  INFO      [camera.py:250]  Face detected — YOLO conf: 0.836 — quality score: 0.0 — good: False
2026-06-22 15:23:56  DEBUG     [camera.py:264]  Skipped low quality face (score: 0.0)
2026-06-22 15:23:56  DEBUG     [camera.py:94]  Rejected — InsightFace found no face.
2026-06-22 15:23:56  INFO      [camera.py:250]  Face detected — YOLO conf: 0.863 — quality score: 0.0 — good: False
2026-06-22 15:23:56  DEBUG     [camera.py:264]  Skipped low quality face (score: 0.0)
2026-06-22 15:23:57  DEBUG     [camera.py:94]  Rejected — InsightFace found no face.
2026-06-22 15:23:57  INFO      [camera.py:250]  Face detected — YOLO conf: 0.849 — quality score: 0.0 — good: False
2026-06-22 15:23:57  DEBUG     [camera.py:264]  Skipped low quality face (score: 0.0)
2026-06-22 15:23:57  DEBUG     [camera.py:94]  Rejected — InsightFace found no face.
2026-06-22 15:23:57  INFO      [camera.py:250]  Face detected — YOLO conf: 0.851 — quality score: 0.0 — good: False
2026-06-22 15:23:57  DEBUG     [camera.py:264]  Skipped low quality face (score: 0.0)
2026-06-22 15:23:57  DEBUG     [camera.py:94]  Rejected — InsightFace found no face.
2026-06-22 15:23:57  INFO      [camera.py:250]  Face detected — YOLO conf: 0.877 — quality score: 0.0 — good: False
2026-06-22 15:23:57  DEBUG     [camera.py:264]  Skipped low quality face (score: 0.0)
2026-06-22 15:23:57  DEBUG     [camera.py:94]  Rejected — InsightFace found no face.
2026-06-22 15:23:57  INFO      [camera.py:250]  Face detected — YOLO conf: 0.891 — quality score: 0.0 — good: False
2026-06-22 15:23:57  DEBUG     [camera.py:264]  Skipped low quality face (score: 0.0)
2026-06-22 15:23:57  DEBUG     [camera.py:94]  Rejected — InsightFace found no face.
2026-06-22 15:23:57  INFO      [camera.py:250]  Face detected — YOLO conf: 0.879 — quality score: 0.0 — good: False
2026-06-22 15:23:57  DEBUG     [camera.py:264]  Skipped low quality face (score: 0.0)
2026-06-22 15:23:57  DEBUG     [camera.py:94]  Rejected — InsightFace found no face.
2026-06-22 15:23:57  INFO      [camera.py:250]  Face detected — YOLO conf: 0.856 — quality score: 0.0 — good: False
2026-06-22 15:23:57  DEBUG     [camera.py:264]  Skipped low quality face (score: 0.0)
2026-06-22 15:23:58  INFO      [main.py:52]  Checking calendars at 15:23:58
2026-06-22 15:23:58  DEBUG     [client.py:31]  GET https://192.168.1.249:5004/scl/get-all-calender
2026-06-22 15:23:58  INFO      [calendar_service.py:44]  Fetched 2 valid session(s).
2026-06-22 15:23:58  INFO      [main.py:84]  Calendar 2106 already started — skipping.
2026-06-22 15:23:58  INFO      [main.py:84]  Calendar 2106 already started — skipping.
2026-06-22 15:23:58  INFO      [main.py:179]  Calendar 2106 still running (3m 1s remaining).
2026-06-22 15:23:58  INFO      [main.py:191]  Active calendars: [2106]
2026-06-22 15:24:08  INFO      [main.py:52]  Checking calendars at 15:24:08
2026-06-22 15:24:08  DEBUG     [client.py:31]  GET https://192.168.1.249:5004/scl/get-all-calender
2026-06-22 15:24:08  INFO      [calendar_service.py:44]  Fetched 2 valid session(s).
2026-06-22 15:24:08  INFO      [main.py:84]  Calendar 2106 already started — skipping.
2026-06-22 15:24:08  INFO      [main.py:84]  Calendar 2106 already started — skipping.
2026-06-22 15:24:08  INFO      [main.py:179]  Calendar 2106 still running (2m 51s remaining).
2026-06-22 15:24:08  INFO      [main.py:191]  Active calendars: [2106]
2026-06-22 15:24:18  INFO      [main.py:52]  Checking calendars at 15:24:18
2026-06-22 15:24:18  DEBUG     [client.py:31]  GET https://192.168.1.249:5004/scl/get-all-calender
2026-06-22 15:24:18  INFO      [calendar_service.py:44]  Fetched 2 valid session(s).
2026-06-22 15:24:18  INFO      [main.py:84]  Calendar 2106 already started — skipping.
2026-06-22 15:24:18  INFO      [main.py:84]  Calendar 2106 already started — skipping.
2026-06-22 15:24:18  INFO      [main.py:179]  Calendar 2106 still running (2m 41s remaining).
2026-06-22 15:24:18  INFO      [main.py:191]  Active calendars: [2106]
2026-06-22 15:24:28  INFO      [main.py:52]  Checking calendars at 15:24:28
2026-06-22 15:24:28  DEBUG     [client.py:31]  GET https://192.168.1.249:5004/scl/get-all-calender
2026-06-22 15:24:28  INFO      [calendar_service.py:44]  Fetched 2 valid session(s).
2026-06-22 15:24:28  INFO      [main.py:84]  Calendar 2106 already started — skipping.
2026-06-22 15:24:28  INFO      [main.py:84]  Calendar 2106 already started — skipping.
2026-06-22 15:24:28  INFO      [main.py:179]  Calendar 2106 still running (2m 31s remaining).
2026-06-22 15:24:28  INFO      [main.py:191]  Active calendars: [2106]
2026-06-22 15:24:38  INFO      [main.py:52]  Checking calendars at 15:24:38
2026-06-22 15:24:38  DEBUG     [client.py:31]  GET https://192.168.1.249:5004/scl/get-all-calender
2026-06-22 15:24:38  INFO      [calendar_service.py:44]  Fetched 2 valid session(s).
2026-06-22 15:24:38  INFO      [main.py:84]  Calendar 2106 already started — skipping.
2026-06-22 15:24:38  INFO      [main.py:84]  Calendar 2106 already started — skipping.
2026-06-22 15:24:38  INFO      [main.py:179]  Calendar 2106 still running (2m 21s remaining).
2026-06-22 15:24:38  INFO      [main.py:191]  Active calendars: [2106]
2026-06-22 15:24:48  INFO      [main.py:52]  Checking calendars at 15:24:48
2026-06-22 15:24:48  DEBUG     [client.py:31]  GET https://192.168.1.249:5004/scl/get-all-calender
2026-06-22 15:24:48  INFO      [calendar_service.py:44]  Fetched 2 valid session(s).
2026-06-22 15:24:48  INFO      [main.py:84]  Calendar 2106 already started — skipping.
2026-06-22 15:24:48  INFO      [main.py:84]  Calendar 2106 already started — skipping.
2026-06-22 15:24:48  INFO      [main.py:179]  Calendar 2106 still running (2m 11s remaining).
2026-06-22 15:24:48  INFO      [main.py:191]  Active calendars: [2106]
2026-06-22 15:24:58  INFO      [main.py:52]  Checking calendars at 15:24:58
2026-06-22 15:24:58  DEBUG     [client.py:31]  GET https://192.168.1.249:5004/scl/get-all-calender
2026-06-22 15:24:58  INFO      [calendar_service.py:44]  Fetched 2 valid session(s).
2026-06-22 15:24:58  INFO      [main.py:84]  Calendar 2106 already started — skipping.
2026-06-22 15:24:58  INFO      [main.py:84]  Calendar 2106 already started — skipping.
2026-06-22 15:24:58  INFO      [main.py:179]  Calendar 2106 still running (2m 1s remaining).
2026-06-22 15:24:58  INFO      [main.py:191]  Active calendars: [2106]
2026-06-22 15:25:08  INFO      [main.py:52]  Checking calendars at 15:25:08
2026-06-22 15:25:08  DEBUG     [client.py:31]  GET https://192.168.1.249:5004/scl/get-all-calender
2026-06-22 15:25:08  INFO      [calendar_service.py:44]  Fetched 2 valid session(s).
2026-06-22 15:25:08  INFO      [main.py:84]  Calendar 2106 already started — skipping.
2026-06-22 15:25:08  INFO      [main.py:84]  Calendar 2106 already started — skipping.
2026-06-22 15:25:08  INFO      [main.py:179]  Calendar 2106 still running (1m 51s remaining).
2026-06-22 15:25:08  INFO      [main.py:191]  Active calendars: [2106]
2026-06-22 15:25:18  INFO      [main.py:52]  Checking calendars at 15:25:18
2026-06-22 15:25:18  DEBUG     [client.py:31]  GET https://192.168.1.249:5004/scl/get-all-calender
2026-06-22 15:25:18  INFO      [calendar_service.py:44]  Fetched 2 valid session(s).
2026-06-22 15:25:18  INFO      [main.py:84]  Calendar 2106 already started — skipping.
2026-06-22 15:25:18  INFO      [main.py:84]  Calendar 2106 already started — skipping.
2026-06-22 15:25:18  INFO      [main.py:179]  Calendar 2106 still running (1m 41s remaining).
2026-06-22 15:25:18  INFO      [main.py:191]  Active calendars: [2106]
2026-06-22 15:25:28  INFO      [main.py:52]  Checking calendars at 15:25:28
2026-06-22 15:25:28  DEBUG     [client.py:31]  GET https://192.168.1.249:5004/scl/get-all-calender
2026-06-22 15:25:28  INFO      [calendar_service.py:44]  Fetched 2 valid session(s).
2026-06-22 15:25:28  INFO      [main.py:84]  Calendar 2106 already started — skipping.
2026-06-22 15:25:28  INFO      [main.py:84]  Calendar 2106 already started — skipping.
2026-06-22 15:25:28  INFO      [main.py:179]  Calendar 2106 still running (1m 31s remaining).
2026-06-22 15:25:28  INFO      [main.py:191]  Active calendars: [2106]
2026-06-22 15:25:38  INFO      [main.py:52]  Checking calendars at 15:25:38
2026-06-22 15:25:38  DEBUG     [client.py:31]  GET https://192.168.1.249:5004/scl/get-all-calender
2026-06-22 15:25:38  INFO      [calendar_service.py:44]  Fetched 2 valid session(s).
2026-06-22 15:25:38  INFO      [main.py:84]  Calendar 2106 already started — skipping.
2026-06-22 15:25:38  INFO      [main.py:84]  Calendar 2106 already started — skipping.
2026-06-22 15:25:38  INFO      [main.py:179]  Calendar 2106 still running (1m 21s remaining).
2026-06-22 15:25:38  INFO      [main.py:191]  Active calendars: [2106]
2026-06-22 15:25:48  INFO      [main.py:52]  Checking calendars at 15:25:48
2026-06-22 15:25:48  DEBUG     [client.py:31]  GET https://192.168.1.249:5004/scl/get-all-calender
2026-06-22 15:25:48  INFO      [calendar_service.py:44]  Fetched 2 valid session(s).
2026-06-22 15:25:48  INFO      [main.py:84]  Calendar 2106 already started — skipping.
2026-06-22 15:25:48  INFO      [main.py:84]  Calendar 2106 already started — skipping.
2026-06-22 15:25:48  INFO      [main.py:179]  Calendar 2106 still running (1m 11s remaining).
2026-06-22 15:25:48  INFO      [main.py:191]  Active calendars: [2106]
2026-06-22 15:25:58  INFO      [main.py:52]  Checking calendars at 15:25:58
2026-06-22 15:25:58  DEBUG     [client.py:31]  GET https://192.168.1.249:5004/scl/get-all-calender
2026-06-22 15:25:58  INFO      [calendar_service.py:44]  Fetched 2 valid session(s).
2026-06-22 15:25:58  INFO      [main.py:84]  Calendar 2106 already started — skipping.
2026-06-22 15:25:58  INFO      [main.py:84]  Calendar 2106 already started — skipping.
2026-06-22 15:25:58  INFO      [main.py:179]  Calendar 2106 still running (1m 1s remaining).
2026-06-22 15:25:58  INFO      [main.py:191]  Active calendars: [2106]
2026-06-22 15:26:09  INFO      [main.py:52]  Checking calendars at 15:26:09
2026-06-22 15:26:09  DEBUG     [client.py:31]  GET https://192.168.1.249:5004/scl/get-all-calender
2026-06-22 15:26:09  INFO      [calendar_service.py:44]  Fetched 2 valid session(s).
2026-06-22 15:26:09  INFO      [main.py:84]  Calendar 2106 already started — skipping.
2026-06-22 15:26:09  INFO      [main.py:84]  Calendar 2106 already started — skipping.
2026-06-22 15:26:09  INFO      [main.py:179]  Calendar 2106 still running (0m 50s remaining).
2026-06-22 15:26:09  INFO      [main.py:191]  Active calendars: [2106]
2026-06-22 15:26:19  INFO      [main.py:52]  Checking calendars at 15:26:19
2026-06-22 15:26:19  DEBUG     [client.py:31]  GET https://192.168.1.249:5004/scl/get-all-calender
2026-06-22 15:26:19  INFO      [calendar_service.py:44]  Fetched 2 valid session(s).
2026-06-22 15:26:19  INFO      [main.py:84]  Calendar 2106 already started — skipping.
2026-06-22 15:26:19  INFO      [main.py:84]  Calendar 2106 already started — skipping.
2026-06-22 15:26:19  INFO      [main.py:179]  Calendar 2106 still running (0m 40s remaining).
2026-06-22 15:26:19  INFO      [main.py:191]  Active calendars: [2106]
2026-06-22 15:26:29  INFO      [main.py:52]  Checking calendars at 15:26:29
2026-06-22 15:26:29  DEBUG     [client.py:31]  GET https://192.168.1.249:5004/scl/get-all-calender
2026-06-22 15:26:29  INFO      [calendar_service.py:44]  Fetched 2 valid session(s).
2026-06-22 15:26:29  INFO      [main.py:84]  Calendar 2106 already started — skipping.
2026-06-22 15:26:29  INFO      [main.py:84]  Calendar 2106 already started — skipping.
2026-06-22 15:26:29  INFO      [main.py:179]  Calendar 2106 still running (0m 30s remaining).
2026-06-22 15:26:29  INFO      [main.py:191]  Active calendars: [2106]
2026-06-22 15:26:39  INFO      [main.py:52]  Checking calendars at 15:26:39
2026-06-22 15:26:39  DEBUG     [client.py:31]  GET https://192.168.1.249:5004/scl/get-all-calender
2026-06-22 15:26:39  INFO      [calendar_service.py:44]  Fetched 2 valid session(s).
2026-06-22 15:26:39  INFO      [main.py:84]  Calendar 2106 already started — skipping.
2026-06-22 15:26:39  INFO      [main.py:84]  Calendar 2106 already started — skipping.
2026-06-22 15:26:39  INFO      [main.py:179]  Calendar 2106 still running (0m 20s remaining).
2026-06-22 15:26:39  INFO      [main.py:191]  Active calendars: [2106]
2026-06-22 15:26:49  INFO      [main.py:52]  Checking calendars at 15:26:49
2026-06-22 15:26:49  DEBUG     [client.py:31]  GET https://192.168.1.249:5004/scl/get-all-calender
2026-06-22 15:26:49  INFO      [calendar_service.py:44]  Fetched 2 valid session(s).
2026-06-22 15:26:49  INFO      [main.py:84]  Calendar 2106 already started — skipping.
2026-06-22 15:26:49  INFO      [main.py:84]  Calendar 2106 already started — skipping.
2026-06-22 15:26:49  INFO      [main.py:179]  Calendar 2106 still running (0m 10s remaining).
2026-06-22 15:26:49  INFO      [main.py:191]  Active calendars: [2106]
2026-06-22 15:26:59  INFO      [main.py:52]  Checking calendars at 15:26:59
2026-06-22 15:26:59  DEBUG     [client.py:31]  GET https://192.168.1.249:5004/scl/get-all-calender
2026-06-22 15:26:59  INFO      [calendar_service.py:44]  Fetched 2 valid session(s).
2026-06-22 15:26:59  INFO      [main.py:84]  Calendar 2106 already started — skipping.
2026-06-22 15:26:59  INFO      [main.py:84]  Calendar 2106 already started — skipping.
2026-06-22 15:26:59  INFO      [main.py:179]  Calendar 2106 still running (0m 0s remaining).
2026-06-22 15:26:59  INFO      [main.py:191]  Active calendars: [2106]
2026-06-22 15:27:09  INFO      [main.py:52]  Checking calendars at 15:27:09
2026-06-22 15:27:09  DEBUG     [client.py:31]  GET https://192.168.1.249:5004/scl/get-all-calender
2026-06-22 15:27:09  INFO      [calendar_service.py:44]  Fetched 2 valid session(s).
2026-06-22 15:27:09  INFO      [main.py:84]  Calendar 2106 already started — skipping.
2026-06-22 15:27:09  INFO      [main.py:84]  Calendar 2106 already started — skipping.
2026-06-22 15:27:09  INFO      [main.py:130]  Calendar 2106 ended — stopping cameras...
2026-06-22 15:27:09  INFO      [detector.py:95]  Stopping detection for calendar 2106...
2026-06-22 15:27:12  INFO      [detector.py:102]  All detection processes stopped for calendar 2106.
2026-06-22 15:27:12  INFO      [classification.py:78]  Starting classification for calendar 2106 — 10 image(s) found.
2026-06-22 15:27:12  INFO      [classification.py:91]  Created person_1 — reference: face_20260622_152356_584.jpg
2026-06-22 15:27:12  DEBUG     [classification.py:45]  face_20260622_152356_584.jpg ↔ face_20260622_152355_584.jpg → similarity: 0.9782
2026-06-22 15:27:12  INFO      [classification.py:110]    ✔ Copied face_20260622_152355_584.jpg → person_1 (2/7)
2026-06-22 15:27:13  DEBUG     [classification.py:45]  face_20260622_152356_584.jpg ↔ face_20260622_152355_677.jpg → similarity: 0.9558
2026-06-22 15:27:13  INFO      [classification.py:110]    ✔ Copied face_20260622_152355_677.jpg → person_1 (3/7)
2026-06-22 15:27:13  DEBUG     [classification.py:45]  face_20260622_152356_584.jpg ↔ face_20260622_152356_379.jpg → similarity: 0.8043
2026-06-22 15:27:13  DEBUG     [classification.py:45]  face_20260622_152355_584.jpg ↔ face_20260622_152356_379.jpg → similarity: 0.9720
2026-06-22 15:27:13  INFO      [classification.py:110]    ✔ Copied face_20260622_152356_379.jpg → person_1 (4/7)
2026-06-22 15:27:13  DEBUG     [classification.py:45]  face_20260622_152356_584.jpg ↔ face_20260622_152351_794.jpg → similarity: 0.9493
2026-06-22 15:27:13  DEBUG     [classification.py:45]  face_20260622_152355_584.jpg ↔ face_20260622_152351_794.jpg → similarity: 0.9158
2026-06-22 15:27:13  DEBUG     [classification.py:45]  face_20260622_152355_677.jpg ↔ face_20260622_152351_794.jpg → similarity: 0.9623
2026-06-22 15:27:13  INFO      [classification.py:110]    ✔ Copied face_20260622_152351_794.jpg → person_1 (5/7)
2026-06-22 15:27:14  DEBUG     [classification.py:45]  face_20260622_152356_584.jpg ↔ face_20260622_152355_280.jpg → similarity: 0.9263
2026-06-22 15:27:14  DEBUG     [classification.py:45]  face_20260622_152355_584.jpg ↔ face_20260622_152355_280.jpg → similarity: 0.9988
2026-06-22 15:27:14  INFO      [classification.py:110]    ✔ Copied face_20260622_152355_280.jpg → person_1 (6/7)
2026-06-22 15:27:14  DEBUG     [classification.py:45]  face_20260622_152356_584.jpg ↔ face_20260622_152356_284.jpg → similarity: 0.9903
2026-06-22 15:27:14  INFO      [classification.py:110]    ✔ Copied face_20260622_152356_284.jpg → person_1 (7/7)
2026-06-22 15:27:15  DEBUG     [classification.py:45]  face_20260622_152356_584.jpg ↔ face_20260622_152355_388.jpg → similarity: 0.9938
2026-06-22 15:27:15  INFO      [classification.py:112]    ⏭ Matched face_20260622_152355_388.jpg → person_1 (limit reached, skipped copy)
2026-06-22 15:27:15  DEBUG     [classification.py:45]  face_20260622_152356_584.jpg ↔ face_20260622_152340_485.jpg → similarity: 0.7854
2026-06-22 15:27:15  DEBUG     [classification.py:45]  face_20260622_152355_584.jpg ↔ face_20260622_152340_485.jpg → similarity: 0.9951
2026-06-22 15:27:15  INFO      [classification.py:112]    ⏭ Matched face_20260622_152340_485.jpg → person_1 (limit reached, skipped copy)
2026-06-22 15:27:15  DEBUG     [classification.py:45]  face_20260622_152356_584.jpg ↔ face_20260622_152340_558.jpg → similarity: 0.7881
2026-06-22 15:27:15  DEBUG     [classification.py:45]  face_20260622_152355_584.jpg ↔ face_20260622_152340_558.jpg → similarity: 0.9933
2026-06-22 15:27:15  INFO      [classification.py:112]    ⏭ Matched face_20260622_152340_558.jpg → person_1 (limit reached, skipped copy)
2026-06-22 15:27:15  INFO      [classification.py:119]  Classification complete — 1 person(s) found for calendar 2106.
2026-06-22 15:27:15  INFO      [main.py:143]  Recognizing persons for calendar 2106...
2026-06-22 15:27:15  INFO      [recognition.py:139]  Recognizing 2 person(s) for calendar 2106...
2026-06-22 15:27:15  DEBUG     [recognition.py:192]  person_1/face_20260622_152356_584.jpg → userId=683 (similarity=0.9594)
2026-06-22 15:27:15  DEBUG     [recognition.py:192]  person_1/face_20260622_152355_584.jpg → userId=683 (similarity=0.9963)
2026-06-22 15:27:15  DEBUG     [recognition.py:192]  person_1/face_20260622_152355_677.jpg → userId=683 (similarity=0.9997)
2026-06-22 15:27:15  DEBUG     [recognition.py:192]  person_1/face_20260622_152356_379.jpg → userId=683 (similarity=0.9745)
2026-06-22 15:27:16  DEBUG     [recognition.py:192]  person_1/face_20260622_152351_794.jpg → userId=683 (similarity=0.9592)
2026-06-22 15:27:16  DEBUG     [recognition.py:192]  person_1/face_20260622_152355_280.jpg → userId=683 (similarity=0.9993)
2026-06-22 15:27:16  DEBUG     [recognition.py:192]  person_1/face_20260622_152356_284.jpg → userId=683 (similarity=0.9995)
2026-06-22 15:27:16  INFO      [recognition.py:216]  person_1 → userId=683 (7 votes, avg similarity=0.9840)
2026-06-22 15:27:16  DEBUG     [recognition.py:192]  person_2/face_20260618_141708_743.jpg → userId=683 (similarity=0.7266)
2026-06-22 15:27:16  WARNING   [recognition.py:207]  person_2 → rejected (avg similarity=0.7266 < threshold=0.85)
2026-06-22 15:27:16  INFO      [recognition.py:223]  Deleted recognized folder: person_1
2026-06-22 15:27:16  INFO      [recognition.py:228]  Cleanup complete — 1 folder(s) deleted, 1 unknown folder(s) kept.
2026-06-22 15:27:16  INFO      [recognition.py:229]  Recognition complete — 1 student(s) identified.
2026-06-22 15:27:16  INFO      [main.py:145]  Recognized students: {'683': 0.9839814285714287}
2026-06-22 15:27:16  DEBUG     [client.py:48]  POST https://192.168.1.249:5004/scl/scl/store-classified-folders/2106
2026-06-22 15:27:16  ERROR     [client.py:59]  HTTP error on POST https://192.168.1.249:5004/scl/scl/store-classified-folders/2106: 404
2026-06-22 15:27:16  ERROR     [student_service.py:29]  Failed to store classified folders for calendar 2106: 404 Client Error: NOT FOUND for url: https://192.168.1.249:5004/scl/scl/store-classified-folders/2106
2026-06-22 15:27:16  DEBUG     [client.py:48]  POST https://192.168.1.249:5004/scl/update-attendance-student/9558
2026-06-22 15:27:16  INFO      [attendance_service.py:13]  Attendance 9558 updated - present: False.
2026-06-22 15:27:16  DEBUG     [client.py:48]  POST https://192.168.1.249:5004/scl/update-attendance-student/9559
2026-06-22 15:27:16  INFO      [attendance_service.py:13]  Attendance 9559 updated - present: True.
2026-06-22 15:27:16  INFO      [main.py:169]  Unenrolling students for calendar 2106...
2026-06-22 15:27:16  INFO      [recognition.py:112]  Unenrolled student 3 from CompreFace.
2026-06-22 15:27:16  INFO      [recognition.py:112]  Unenrolled student 683 from CompreFace.
2026-06-22 15:27:16  INFO      [dataset_cleaner.py:19]  Deleted face_crops for session 2106.
2026-06-22 15:27:16  INFO      [main.py:176]  Calendar 2106 completed.
2026-06-22 15:27:26  INFO      [main.py:52]  Checking calendars at 15:27:26
2026-06-22 15:27:26  DEBUG     [client.py:31]  GET https://192.168.1.249:5004/scl/get-all-calender
2026-06-22 15:27:26  INFO      [calendar_service.py:44]  Fetched 2 valid session(s).
2026-06-22 15:27:36  INFO      [main.py:52]  Checking calendars at 15:27:36
2026-06-22 15:27:36  DEBUG     [client.py:31]  GET https://192.168.1.249:5004/scl/get-all-calender
2026-06-22 15:27:36  INFO      [calendar_service.py:44]  Fetched 2 valid session(s).
2026-06-22 15:27:46  INFO      [main.py:52]  Checking calendars at 15:27:46
2026-06-22 15:27:46  DEBUG     [client.py:31]  GET https://192.168.1.249:5004/scl/get-all-calender
2026-06-22 15:27:46  INFO      [calendar_service.py:44]  Fetched 2 valid session(s).
2026-06-22 15:28:03  INFO      [main.py:32]  Server is starting...
2026-06-22 15:28:03  INFO      [auth_service.py:23]  Login successful.
2026-06-22 15:28:03  INFO      [main.py:52]  Checking calendars at 15:28:03
2026-06-22 15:28:03  DEBUG     [client.py:31]  GET https://192.168.1.249:5004/scl/get-all-calender
2026-06-22 15:28:03  INFO      [calendar_service.py:44]  Fetched 2 valid session(s).
2026-06-22 15:28:03  INFO      [main.py:87]  Processing calendar 2106 in room 7...
2026-06-22 15:28:03  DEBUG     [client.py:31]  GET https://192.168.1.249:5004/scl/get-all-camera-room/7
2026-06-22 15:28:03  INFO      [camera_service.py:11]  Fond 1 camera(s) in room7.
2026-06-22 15:28:03  DEBUG     [client.py:31]  GET https://192.168.1.249:5004/scl/get-attendance/2106
2026-06-22 15:28:03  INFO      [student_service.py:11]  Found 2 student(s) for calendar 2106
2026-06-22 15:28:03  INFO      [main.py:100]  Enrolling students for calendar 2106...
2026-06-22 15:28:03  INFO      [recognition.py:42]  Found 0 subject(s) already enrolled in CompreFace.
2026-06-22 15:28:03  INFO      [recognition.py:87]  Enrolled image face_20260107_095726_913.jpg for student 3.
2026-06-22 15:28:03  INFO      [recognition.py:87]  Enrolled image face_20260107_095605_990.jpg for student 3.
2026-06-22 15:28:03  INFO      [recognition.py:87]  Enrolled image face_20260107_095724_366.jpg for student 3.
2026-06-22 15:28:03  INFO      [recognition.py:87]  Enrolled image face_20260107_100121_984.jpg for student 3.
2026-06-22 15:28:03  INFO      [recognition.py:87]  Enrolled image face_20250722_113315.jpg for student 3.
2026-06-22 15:28:03  INFO      [recognition.py:87]  Enrolled image face_20250715_133750.jpg for student 3.
2026-06-22 15:28:03  INFO      [recognition.py:87]  Enrolled image face_20260107_095703_836.jpg for student 3.
2026-06-22 15:28:04  INFO      [recognition.py:87]  Enrolled image face_20260618_141525_609.jpg for student 683.
2026-06-22 15:28:04  INFO      [recognition.py:87]  Enrolled image face_20260618_141525_122.jpg for student 683.
2026-06-22 15:28:04  INFO      [recognition.py:87]  Enrolled image face_20260618_141527_511.jpg for student 683.
2026-06-22 15:28:04  INFO      [recognition.py:87]  Enrolled image face_20260618_141658_344.jpg for student 683.
2026-06-22 15:28:04  INFO      [recognition.py:87]  Enrolled image face_20260618_141653_362.jpg for student 683.
2026-06-22 15:28:04  INFO      [recognition.py:87]  Enrolled image face_20260618_141656_937.jpg for student 683.
2026-06-22 15:28:04  INFO      [recognition.py:87]  Enrolled image face_20260618_141525_506.jpg for student 683.
2026-06-22 15:28:04  INFO      [recognition.py:95]  Enrollment complete — 2/2 student(s) enrolled.
2026-06-22 15:28:04  INFO      [detector.py:15]  Starting detection for calendar 2106 in room 7...
2026-06-22 15:28:04  INFO      [detector.py:72]  Starting webcam process — device: /dev/video0
2026-06-22 15:28:04  INFO      [detector.py:89]  Started 1 detection process(es) for calendar 2106.
2026-06-22 15:28:04  INFO      [main.py:124]  Calendar 2106 started — 1 camera(s) running.
2026-06-22 15:28:04  INFO      [main.py:84]  Calendar 2106 already started — skipping.
2026-06-22 15:28:04  INFO      [main.py:130]  Calendar 2106 ended — stopping cameras...
2026-06-22 15:28:04  INFO      [detector.py:95]  Stopping detection for calendar 2106...
2026-06-22 15:28:06  INFO      [camera.py:124]  CUDA is available — using GPU.
2026-06-22 15:28:07  INFO      [camera.py:133]  YOLO model loaded successfully.
2026-06-22 15:28:07  INFO      [session.py:29]  Created dataset folders for calendar 2106.
2026-06-22 15:28:07  INFO      [camera.py:180]  Connecting to webcam: /dev/video0
2026-06-22 15:28:07  INFO      [detector.py:102]  All detection processes stopped for calendar 2106.
2026-06-22 15:28:07  WARNING   [classification.py:75]  No images found in dataset/session_2106/face_crops
2026-06-22 15:28:07  INFO      [main.py:143]  Recognizing persons for calendar 2106...
2026-06-22 15:28:07  INFO      [recognition.py:139]  Recognizing 1 person(s) for calendar 2106...
2026-06-22 15:28:07  DEBUG     [recognition.py:192]  person_2/face_20260618_141708_743.jpg → userId=683 (similarity=0.7266)
2026-06-22 15:28:07  WARNING   [recognition.py:207]  person_2 → rejected (avg similarity=0.7266 < threshold=0.85)
2026-06-22 15:28:07  INFO      [recognition.py:228]  Cleanup complete — 0 folder(s) deleted, 1 unknown folder(s) kept.
2026-06-22 15:28:07  INFO      [recognition.py:229]  Recognition complete — 0 student(s) identified.
2026-06-22 15:28:07  INFO      [main.py:145]  Recognized students: {}
2026-06-22 15:28:07  DEBUG     [client.py:48]  POST https://192.168.1.249:5004/scl/store-classified-folders/2106
2026-06-22 15:28:07  INFO      [student_service.py:23]  Classified folders stored for calendar 2106: [{'folder': 'person_2', 'images_count': 1}]
2026-06-22 15:28:07  DEBUG     [client.py:48]  POST https://192.168.1.249:5004/scl/update-attendance-student/9558
2026-06-22 15:28:07  INFO      [attendance_service.py:13]  Attendance 9558 updated - present: False.
2026-06-22 15:28:07  DEBUG     [client.py:48]  POST https://192.168.1.249:5004/scl/update-attendance-student/9559
2026-06-22 15:28:07  INFO      [attendance_service.py:13]  Attendance 9559 updated - present: False.
2026-06-22 15:28:07  INFO      [main.py:169]  Unenrolling students for calendar 2106...
2026-06-22 15:28:07  INFO      [recognition.py:112]  Unenrolled student 3 from CompreFace.
2026-06-22 15:28:07  INFO      [recognition.py:112]  Unenrolled student 683 from CompreFace.
2026-06-22 15:28:07  INFO      [dataset_cleaner.py:19]  Deleted face_crops for session 2106.
2026-06-22 15:28:07  INFO      [main.py:176]  Calendar 2106 completed.
2026-06-22 15:28:17  INFO      [main.py:52]  Checking calendars at 15:28:17
2026-06-22 15:28:17  DEBUG     [client.py:31]  GET https://192.168.1.249:5004/scl/get-all-calender
2026-06-22 15:28:17  INFO      [calendar_service.py:44]  Fetched 2 valid session(s).
2026-06-22 15:28:27  INFO      [main.py:52]  Checking calendars at 15:28:27
2026-06-22 15:28:27  DEBUG     [client.py:31]  GET https://192.168.1.249:5004/scl/get-all-calender
2026-06-22 15:28:27  INFO      [calendar_service.py:44]  Fetched 2 valid session(s).
2026-06-22 15:28:38  INFO      [main.py:52]  Checking calendars at 15:28:38
2026-06-22 15:28:38  DEBUG     [client.py:31]  GET https://192.168.1.249:5004/scl/get-all-calender
2026-06-22 15:28:38  INFO      [calendar_service.py:44]  Fetched 2 valid session(s).
2026-06-22 15:28:48  INFO      [main.py:52]  Checking calendars at 15:28:48
2026-06-22 15:28:48  DEBUG     [client.py:31]  GET https://192.168.1.249:5004/scl/get-all-calender
2026-06-22 15:28:48  INFO      [calendar_service.py:44]  Fetched 2 valid session(s).
2026-06-22 15:28:58  INFO      [main.py:52]  Checking calendars at 15:28:58
2026-06-22 15:28:58  DEBUG     [client.py:31]  GET https://192.168.1.249:5004/scl/get-all-calender
2026-06-22 15:28:58  INFO      [calendar_service.py:44]  Fetched 2 valid session(s).
2026-06-22 15:29:08  INFO      [main.py:52]  Checking calendars at 15:29:08
2026-06-22 15:29:08  DEBUG     [client.py:31]  GET https://192.168.1.249:5004/scl/get-all-calender
2026-06-22 15:29:08  INFO      [calendar_service.py:44]  Fetched 2 valid session(s).
2026-06-22 15:29:18  INFO      [main.py:52]  Checking calendars at 15:29:18
2026-06-22 15:29:18  DEBUG     [client.py:31]  GET https://192.168.1.249:5004/scl/get-all-calender
2026-06-22 15:29:18  INFO      [calendar_service.py:44]  Fetched 2 valid session(s).
2026-06-22 15:29:28  INFO      [main.py:52]  Checking calendars at 15:29:28
2026-06-22 15:29:28  DEBUG     [client.py:31]  GET https://192.168.1.249:5004/scl/get-all-calender
2026-06-22 15:29:28  INFO      [calendar_service.py:44]  Fetched 2 valid session(s).
2026-06-22 15:29:38  INFO      [main.py:52]  Checking calendars at 15:29:38
2026-06-22 15:29:38  DEBUG     [client.py:31]  GET https://192.168.1.249:5004/scl/get-all-calender
2026-06-22 15:29:38  INFO      [calendar_service.py:44]  Fetched 2 valid session(s).
2026-06-22 15:29:48  INFO      [main.py:52]  Checking calendars at 15:29:48
2026-06-22 15:29:48  DEBUG     [client.py:31]  GET https://192.168.1.249:5004/scl/get-all-calender
2026-06-22 15:29:48  INFO      [calendar_service.py:44]  Fetched 2 valid session(s).
2026-06-22 15:29:58  INFO      [main.py:52]  Checking calendars at 15:29:58
2026-06-22 15:29:58  DEBUG     [client.py:31]  GET https://192.168.1.249:5004/scl/get-all-calender
2026-06-22 15:29:58  INFO      [calendar_service.py:44]  Fetched 2 valid session(s).
2026-06-22 15:30:08  INFO      [main.py:52]  Checking calendars at 15:30:08
2026-06-22 15:30:08  DEBUG     [client.py:31]  GET https://192.168.1.249:5004/scl/get-all-calender
2026-06-22 15:30:08  INFO      [calendar_service.py:44]  Fetched 2 valid session(s).
2026-06-22 15:30:18  INFO      [main.py:52]  Checking calendars at 15:30:18
2026-06-22 15:30:18  DEBUG     [client.py:31]  GET https://192.168.1.249:5004/scl/get-all-calender
2026-06-22 15:30:18  INFO      [calendar_service.py:44]  Fetched 2 valid session(s).
2026-06-22 15:30:28  INFO      [main.py:52]  Checking calendars at 15:30:28
2026-06-22 15:30:28  DEBUG     [client.py:31]  GET https://192.168.1.249:5004/scl/get-all-calender
2026-06-22 15:30:28  INFO      [calendar_service.py:44]  Fetched 2 valid session(s).
2026-06-22 15:31:55  INFO      [main.py:32]  Server is starting...
2026-06-22 15:31:55  INFO      [auth_service.py:23]  Login successful.
2026-06-22 15:31:55  INFO      [main.py:52]  Checking calendars at 15:31:55
2026-06-22 15:31:55  DEBUG     [client.py:31]  GET https://192.168.1.249:5004/scl/get-all-calender
2026-06-22 15:31:55  INFO      [calendar_service.py:44]  Fetched 2 valid session(s).
2026-06-22 15:31:55  INFO      [main.py:66]  Calendar 2106 already ended — skipping.
2026-06-22 15:31:55  INFO      [main.py:66]  Calendar 2106 already ended — skipping.
2026-06-22 15:32:05  INFO      [main.py:52]  Checking calendars at 15:32:05
2026-06-22 15:32:05  DEBUG     [client.py:31]  GET https://192.168.1.249:5004/scl/get-all-calender
2026-06-22 15:32:05  INFO      [calendar_service.py:44]  Fetched 2 valid session(s).
2026-06-22 15:32:05  INFO      [main.py:66]  Calendar 2106 already ended — skipping.
2026-06-22 15:32:05  INFO      [main.py:66]  Calendar 2106 already ended — skipping.
2026-06-22 15:32:15  INFO      [main.py:52]  Checking calendars at 15:32:15
2026-06-22 15:32:15  DEBUG     [client.py:31]  GET https://192.168.1.249:5004/scl/get-all-calender
2026-06-22 15:32:15  INFO      [calendar_service.py:44]  Fetched 2 valid session(s).
2026-06-22 15:32:15  INFO      [main.py:66]  Calendar 2106 already ended — skipping.
2026-06-22 15:32:15  INFO      [main.py:66]  Calendar 2106 already ended — skipping.
2026-06-22 15:32:25  INFO      [main.py:52]  Checking calendars at 15:32:25
2026-06-22 15:32:25  DEBUG     [client.py:31]  GET https://192.168.1.249:5004/scl/get-all-calender
2026-06-22 15:32:25  INFO      [calendar_service.py:44]  Fetched 2 valid session(s).
2026-06-22 15:32:25  INFO      [main.py:66]  Calendar 2106 already ended — skipping.
2026-06-22 15:32:25  INFO      [main.py:66]  Calendar 2106 already ended — skipping.
2026-06-22 15:32:35  INFO      [main.py:52]  Checking calendars at 15:32:35
2026-06-22 15:32:35  DEBUG     [client.py:31]  GET https://192.168.1.249:5004/scl/get-all-calender
2026-06-22 15:32:35  INFO      [calendar_service.py:44]  Fetched 2 valid session(s).
2026-06-22 15:32:35  INFO      [main.py:66]  Calendar 2106 already ended — skipping.
2026-06-22 15:32:35  INFO      [main.py:66]  Calendar 2106 already ended — skipping.
2026-06-22 15:32:45  INFO      [main.py:52]  Checking calendars at 15:32:45
2026-06-22 15:32:45  DEBUG     [client.py:31]  GET https://192.168.1.249:5004/scl/get-all-calender
2026-06-22 15:32:45  INFO      [calendar_service.py:44]  Fetched 2 valid session(s).
2026-06-22 15:32:45  INFO      [main.py:66]  Calendar 2106 already ended — skipping.
2026-06-22 15:32:45  INFO      [main.py:66]  Calendar 2106 already ended — skipping.
2026-06-22 15:32:55  INFO      [main.py:52]  Checking calendars at 15:32:55
2026-06-22 15:32:55  DEBUG     [client.py:31]  GET https://192.168.1.249:5004/scl/get-all-calender
2026-06-22 15:32:55  INFO      [calendar_service.py:44]  Fetched 2 valid session(s).
2026-06-22 15:32:55  INFO      [main.py:66]  Calendar 2106 already ended — skipping.
2026-06-22 15:32:55  INFO      [main.py:66]  Calendar 2106 already ended — skipping.
2026-06-22 15:33:05  INFO      [main.py:52]  Checking calendars at 15:33:05
2026-06-22 15:33:05  DEBUG     [client.py:31]  GET https://192.168.1.249:5004/scl/get-all-calender
2026-06-22 15:33:06  INFO      [calendar_service.py:44]  Fetched 2 valid session(s).
2026-06-22 15:33:06  INFO      [main.py:66]  Calendar 2106 already ended — skipping.
2026-06-22 15:33:06  INFO      [main.py:66]  Calendar 2106 already ended — skipping.
2026-06-22 15:33:16  INFO      [main.py:52]  Checking calendars at 15:33:16
2026-06-22 15:33:16  DEBUG     [client.py:31]  GET https://192.168.1.249:5004/scl/get-all-calender
2026-06-22 15:33:16  INFO      [calendar_service.py:44]  Fetched 2 valid session(s).
2026-06-22 15:33:16  INFO      [main.py:66]  Calendar 2106 already ended — skipping.
2026-06-22 15:33:16  INFO      [main.py:66]  Calendar 2106 already ended — skipping.
2026-06-22 15:33:26  INFO      [main.py:52]  Checking calendars at 15:33:26
2026-06-22 15:33:26  DEBUG     [client.py:31]  GET https://192.168.1.249:5004/scl/get-all-calender
2026-06-22 15:33:26  INFO      [calendar_service.py:44]  Fetched 2 valid session(s).
2026-06-22 15:33:26  INFO      [main.py:66]  Calendar 2106 already ended — skipping.
2026-06-22 15:33:26  INFO      [main.py:66]  Calendar 2106 already ended — skipping.
2026-06-22 15:33:36  INFO      [main.py:52]  Checking calendars at 15:33:36
2026-06-22 15:33:36  DEBUG     [client.py:31]  GET https://192.168.1.249:5004/scl/get-all-calender
2026-06-22 15:33:36  INFO      [calendar_service.py:44]  Fetched 2 valid session(s).
2026-06-22 15:33:36  INFO      [main.py:66]  Calendar 2106 already ended — skipping.
2026-06-22 15:33:36  INFO      [main.py:66]  Calendar 2106 already ended — skipping.
2026-06-22 15:33:46  INFO      [main.py:52]  Checking calendars at 15:33:46
2026-06-22 15:33:46  DEBUG     [client.py:31]  GET https://192.168.1.249:5004/scl/get-all-calender
2026-06-22 15:33:46  INFO      [calendar_service.py:44]  Fetched 2 valid session(s).
2026-06-22 15:33:46  INFO      [main.py:66]  Calendar 2106 already ended — skipping.
2026-06-22 15:33:46  INFO      [main.py:66]  Calendar 2106 already ended — skipping.
2026-06-22 15:33:56  INFO      [main.py:52]  Checking calendars at 15:33:56
2026-06-22 15:33:56  DEBUG     [client.py:31]  GET https://192.168.1.249:5004/scl/get-all-calender
2026-06-22 15:33:56  INFO      [calendar_service.py:44]  Fetched 2 valid session(s).
2026-06-22 15:33:56  INFO      [main.py:66]  Calendar 2106 already ended — skipping.
2026-06-22 15:33:56  INFO      [main.py:66]  Calendar 2106 already ended — skipping.
2026-06-22 15:34:06  INFO      [main.py:52]  Checking calendars at 15:34:06
2026-06-22 15:34:06  DEBUG     [client.py:31]  GET https://192.168.1.249:5004/scl/get-all-calender
2026-06-22 15:34:06  INFO      [calendar_service.py:44]  Fetched 2 valid session(s).
2026-06-22 15:34:06  INFO      [main.py:66]  Calendar 2106 already ended — skipping.
2026-06-22 15:34:06  INFO      [main.py:66]  Calendar 2106 already ended — skipping.
2026-06-22 15:34:16  INFO      [main.py:52]  Checking calendars at 15:34:16
2026-06-22 15:34:16  DEBUG     [client.py:31]  GET https://192.168.1.249:5004/scl/get-all-calender
2026-06-22 15:34:16  INFO      [calendar_service.py:44]  Fetched 4 valid session(s).
2026-06-22 15:34:16  INFO      [main.py:66]  Calendar 2106 already ended — skipping.
2026-06-22 15:34:16  INFO      [main.py:66]  Calendar 2106 already ended — skipping.
2026-06-22 15:34:16  INFO      [main.py:87]  Processing calendar 2107 in room 7...
2026-06-22 15:34:16  DEBUG     [client.py:31]  GET https://192.168.1.249:5004/scl/get-all-camera-room/7
2026-06-22 15:34:16  INFO      [camera_service.py:11]  Fond 1 camera(s) in room7.
2026-06-22 15:34:16  DEBUG     [client.py:31]  GET https://192.168.1.249:5004/scl/get-attendance/2107
2026-06-22 15:34:16  INFO      [student_service.py:11]  Found 2 student(s) for calendar 2107
2026-06-22 15:34:16  INFO      [main.py:100]  Enrolling students for calendar 2107...
2026-06-22 15:34:16  INFO      [recognition.py:42]  Found 0 subject(s) already enrolled in CompreFace.
2026-06-22 15:34:16  INFO      [recognition.py:87]  Enrolled image face_20260107_095726_913.jpg for student 3.
2026-06-22 15:34:16  INFO      [recognition.py:87]  Enrolled image face_20260107_095605_990.jpg for student 3.
2026-06-22 15:34:16  INFO      [recognition.py:87]  Enrolled image face_20260107_095724_366.jpg for student 3.
2026-06-22 15:34:16  INFO      [recognition.py:87]  Enrolled image face_20260107_100121_984.jpg for student 3.
2026-06-22 15:34:16  INFO      [recognition.py:87]  Enrolled image face_20250722_113315.jpg for student 3.
2026-06-22 15:34:16  INFO      [recognition.py:87]  Enrolled image face_20250715_133750.jpg for student 3.
2026-06-22 15:34:16  INFO      [recognition.py:87]  Enrolled image face_20260107_095703_836.jpg for student 3.
2026-06-22 15:34:16  INFO      [recognition.py:87]  Enrolled image face_20260618_141525_609.jpg for student 683.
2026-06-22 15:34:17  INFO      [recognition.py:87]  Enrolled image face_20260618_141525_122.jpg for student 683.
2026-06-22 15:34:17  INFO      [recognition.py:87]  Enrolled image face_20260618_141527_511.jpg for student 683.
2026-06-22 15:34:17  INFO      [recognition.py:87]  Enrolled image face_20260618_141658_344.jpg for student 683.
2026-06-22 15:34:17  INFO      [recognition.py:87]  Enrolled image face_20260618_141653_362.jpg for student 683.
2026-06-22 15:34:17  INFO      [recognition.py:87]  Enrolled image face_20260618_141656_937.jpg for student 683.
2026-06-22 15:34:17  INFO      [recognition.py:87]  Enrolled image face_20260618_141525_506.jpg for student 683.
2026-06-22 15:34:17  INFO      [recognition.py:95]  Enrollment complete — 2/2 student(s) enrolled.
2026-06-22 15:34:17  INFO      [detector.py:15]  Starting detection for calendar 2107 in room 7...
2026-06-22 15:34:17  INFO      [detector.py:72]  Starting webcam process — device: /dev/video0
2026-06-22 15:34:17  INFO      [detector.py:89]  Started 1 detection process(es) for calendar 2107.
2026-06-22 15:34:17  INFO      [main.py:124]  Calendar 2107 started — 1 camera(s) running.
2026-06-22 15:34:17  INFO      [main.py:84]  Calendar 2107 already started — skipping.
2026-06-22 15:34:17  INFO      [main.py:179]  Calendar 2107 still running (2m 43s remaining).
2026-06-22 15:34:17  INFO      [main.py:191]  Active calendars: [2107]
2026-06-22 15:34:19  INFO      [camera.py:124]  CUDA is available — using GPU.
2026-06-22 15:34:19  INFO      [camera.py:133]  YOLO model loaded successfully.
2026-06-22 15:34:19  INFO      [session.py:29]  Created dataset folders for calendar 2107.
2026-06-22 15:34:19  INFO      [camera.py:180]  Connecting to webcam: /dev/video0
2026-06-22 15:34:20  INFO      [camera.py:205]  Connected to webcam — running face detection...
2026-06-22 15:34:27  INFO      [main.py:52]  Checking calendars at 15:34:27
2026-06-22 15:34:27  DEBUG     [client.py:31]  GET https://192.168.1.249:5004/scl/get-all-calender
2026-06-22 15:34:27  INFO      [calendar_service.py:44]  Fetched 4 valid session(s).
2026-06-22 15:34:27  INFO      [main.py:66]  Calendar 2106 already ended — skipping.
2026-06-22 15:34:27  INFO      [main.py:66]  Calendar 2106 already ended — skipping.
2026-06-22 15:34:27  INFO      [main.py:84]  Calendar 2107 already started — skipping.
2026-06-22 15:34:27  INFO      [main.py:84]  Calendar 2107 already started — skipping.
2026-06-22 15:34:27  INFO      [main.py:179]  Calendar 2107 still running (2m 32s remaining).
2026-06-22 15:34:27  INFO      [main.py:191]  Active calendars: [2107]
2026-06-22 15:34:37  INFO      [main.py:52]  Checking calendars at 15:34:37
2026-06-22 15:34:37  DEBUG     [client.py:31]  GET https://192.168.1.249:5004/scl/get-all-calender
2026-06-22 15:34:37  INFO      [calendar_service.py:44]  Fetched 4 valid session(s).
2026-06-22 15:34:37  INFO      [main.py:66]  Calendar 2106 already ended — skipping.
2026-06-22 15:34:37  INFO      [main.py:66]  Calendar 2106 already ended — skipping.
2026-06-22 15:34:37  INFO      [main.py:84]  Calendar 2107 already started — skipping.
2026-06-22 15:34:37  INFO      [main.py:84]  Calendar 2107 already started — skipping.
2026-06-22 15:34:37  INFO      [main.py:179]  Calendar 2107 still running (2m 22s remaining).
2026-06-22 15:34:37  INFO      [main.py:191]  Active calendars: [2107]
2026-06-22 15:34:42  INFO      [camera.py:45]  Initializing InsightFace quality checker...
2026-06-22 15:34:47  INFO      [main.py:52]  Checking calendars at 15:34:47
2026-06-22 15:34:47  DEBUG     [client.py:31]  GET https://192.168.1.249:5004/scl/get-all-calender
2026-06-22 15:34:47  INFO      [calendar_service.py:44]  Fetched 4 valid session(s).
2026-06-22 15:34:47  INFO      [main.py:66]  Calendar 2106 already ended — skipping.
2026-06-22 15:34:47  INFO      [main.py:66]  Calendar 2106 already ended — skipping.
2026-06-22 15:34:47  INFO      [main.py:84]  Calendar 2107 already started — skipping.
2026-06-22 15:34:47  INFO      [main.py:84]  Calendar 2107 already started — skipping.
2026-06-22 15:34:47  INFO      [main.py:179]  Calendar 2107 still running (2m 12s remaining).
2026-06-22 15:34:47  INFO      [main.py:191]  Active calendars: [2107]
2026-06-22 15:34:48  INFO      [camera.py:49]  InsightFace ready on GPU.
2026-06-22 15:34:51  DEBUG     [camera.py:94]  Rejected — InsightFace found no face.
2026-06-22 15:34:51  INFO      [camera.py:250]  Face detected — YOLO conf: 0.786 — quality score: 0.0 — good: False
2026-06-22 15:34:51  DEBUG     [camera.py:264]  Skipped low quality face (score: 0.0)
2026-06-22 15:34:51  DEBUG     [camera.py:94]  Rejected — InsightFace found no face.
2026-06-22 15:34:51  INFO      [camera.py:250]  Face detected — YOLO conf: 0.799 — quality score: 0.0 — good: False
2026-06-22 15:34:51  DEBUG     [camera.py:264]  Skipped low quality face (score: 0.0)
2026-06-22 15:34:51  DEBUG     [camera.py:94]  Rejected — InsightFace found no face.
2026-06-22 15:34:51  INFO      [camera.py:250]  Face detected — YOLO conf: 0.814 — quality score: 0.0 — good: False
2026-06-22 15:34:51  DEBUG     [camera.py:264]  Skipped low quality face (score: 0.0)
2026-06-22 15:34:51  DEBUG     [camera.py:94]  Rejected — InsightFace found no face.
2026-06-22 15:34:51  INFO      [camera.py:250]  Face detected — YOLO conf: 0.823 — quality score: 0.0 — good: False
2026-06-22 15:34:51  DEBUG     [camera.py:264]  Skipped low quality face (score: 0.0)
2026-06-22 15:34:51  DEBUG     [camera.py:94]  Rejected — InsightFace found no face.
2026-06-22 15:34:51  INFO      [camera.py:250]  Face detected — YOLO conf: 0.822 — quality score: 0.0 — good: False
2026-06-22 15:34:51  DEBUG     [camera.py:264]  Skipped low quality face (score: 0.0)
2026-06-22 15:34:51  DEBUG     [camera.py:94]  Rejected — InsightFace found no face.
2026-06-22 15:34:51  INFO      [camera.py:250]  Face detected — YOLO conf: 0.845 — quality score: 0.0 — good: False
2026-06-22 15:34:51  DEBUG     [camera.py:264]  Skipped low quality face (score: 0.0)
2026-06-22 15:34:51  DEBUG     [camera.py:94]  Rejected — InsightFace found no face.
2026-06-22 15:34:51  INFO      [camera.py:250]  Face detected — YOLO conf: 0.840 — quality score: 0.0 — good: False
2026-06-22 15:34:51  DEBUG     [camera.py:264]  Skipped low quality face (score: 0.0)
2026-06-22 15:34:51  DEBUG     [camera.py:94]  Rejected — InsightFace found no face.
2026-06-22 15:34:51  INFO      [camera.py:250]  Face detected — YOLO conf: 0.839 — quality score: 0.0 — good: False
2026-06-22 15:34:51  DEBUG     [camera.py:264]  Skipped low quality face (score: 0.0)
2026-06-22 15:34:51  DEBUG     [camera.py:94]  Rejected — InsightFace found no face.
2026-06-22 15:34:51  INFO      [camera.py:250]  Face detected — YOLO conf: 0.841 — quality score: 0.0 — good: False
2026-06-22 15:34:51  DEBUG     [camera.py:264]  Skipped low quality face (score: 0.0)
2026-06-22 15:34:52  DEBUG     [camera.py:94]  Rejected — InsightFace found no face.
2026-06-22 15:34:52  INFO      [camera.py:250]  Face detected — YOLO conf: 0.843 — quality score: 0.0 — good: False
2026-06-22 15:34:52  DEBUG     [camera.py:264]  Skipped low quality face (score: 0.0)
2026-06-22 15:34:52  DEBUG     [camera.py:94]  Rejected — InsightFace found no face.
2026-06-22 15:34:52  INFO      [camera.py:250]  Face detected — YOLO conf: 0.840 — quality score: 0.0 — good: False
2026-06-22 15:34:52  DEBUG     [camera.py:264]  Skipped low quality face (score: 0.0)
2026-06-22 15:34:52  DEBUG     [camera.py:94]  Rejected — InsightFace found no face.
2026-06-22 15:34:52  INFO      [camera.py:250]  Face detected — YOLO conf: 0.836 — quality score: 0.0 — good: False
2026-06-22 15:34:52  DEBUG     [camera.py:264]  Skipped low quality face (score: 0.0)
2026-06-22 15:34:52  DEBUG     [camera.py:94]  Rejected — InsightFace found no face.
2026-06-22 15:34:52  INFO      [camera.py:250]  Face detected — YOLO conf: 0.842 — quality score: 0.0 — good: False
2026-06-22 15:34:52  DEBUG     [camera.py:264]  Skipped low quality face (score: 0.0)
2026-06-22 15:34:52  DEBUG     [camera.py:94]  Rejected — InsightFace found no face.
2026-06-22 15:34:52  INFO      [camera.py:250]  Face detected — YOLO conf: 0.842 — quality score: 0.0 — good: False
2026-06-22 15:34:52  DEBUG     [camera.py:264]  Skipped low quality face (score: 0.0)
2026-06-22 15:34:52  DEBUG     [camera.py:94]  Rejected — InsightFace found no face.
2026-06-22 15:34:52  INFO      [camera.py:250]  Face detected — YOLO conf: 0.844 — quality score: 0.0 — good: False
2026-06-22 15:34:52  DEBUG     [camera.py:264]  Skipped low quality face (score: 0.0)
2026-06-22 15:34:52  DEBUG     [camera.py:94]  Rejected — InsightFace found no face.
2026-06-22 15:34:52  INFO      [camera.py:250]  Face detected — YOLO conf: 0.833 — quality score: 0.0 — good: False
2026-06-22 15:34:52  DEBUG     [camera.py:264]  Skipped low quality face (score: 0.0)
2026-06-22 15:34:52  DEBUG     [camera.py:94]  Rejected — InsightFace found no face.
2026-06-22 15:34:52  INFO      [camera.py:250]  Face detected — YOLO conf: 0.830 — quality score: 0.0 — good: False
2026-06-22 15:34:52  DEBUG     [camera.py:264]  Skipped low quality face (score: 0.0)
2026-06-22 15:34:52  DEBUG     [camera.py:94]  Rejected — InsightFace found no face.
2026-06-22 15:34:52  INFO      [camera.py:250]  Face detected — YOLO conf: 0.858 — quality score: 0.0 — good: False
2026-06-22 15:34:52  DEBUG     [camera.py:264]  Skipped low quality face (score: 0.0)
2026-06-22 15:34:52  DEBUG     [camera.py:94]  Rejected — InsightFace found no face.
2026-06-22 15:34:52  INFO      [camera.py:250]  Face detected — YOLO conf: 0.867 — quality score: 0.0 — good: False
2026-06-22 15:34:52  DEBUG     [camera.py:264]  Skipped low quality face (score: 0.0)
2026-06-22 15:34:53  DEBUG     [camera.py:94]  Rejected — InsightFace found no face.
2026-06-22 15:34:53  INFO      [camera.py:250]  Face detected — YOLO conf: 0.863 — quality score: 0.0 — good: False
2026-06-22 15:34:53  DEBUG     [camera.py:264]  Skipped low quality face (score: 0.0)
2026-06-22 15:34:53  DEBUG     [camera.py:94]  Rejected — InsightFace found no face.
2026-06-22 15:34:53  INFO      [camera.py:250]  Face detected — YOLO conf: 0.863 — quality score: 0.0 — good: False
2026-06-22 15:34:53  DEBUG     [camera.py:264]  Skipped low quality face (score: 0.0)
2026-06-22 15:34:53  DEBUG     [camera.py:94]  Rejected — InsightFace found no face.
2026-06-22 15:34:53  INFO      [camera.py:250]  Face detected — YOLO conf: 0.864 — quality score: 0.0 — good: False
2026-06-22 15:34:53  DEBUG     [camera.py:264]  Skipped low quality face (score: 0.0)
2026-06-22 15:34:53  DEBUG     [camera.py:94]  Rejected — InsightFace found no face.
2026-06-22 15:34:53  INFO      [camera.py:250]  Face detected — YOLO conf: 0.858 — quality score: 0.0 — good: False
2026-06-22 15:34:53  DEBUG     [camera.py:264]  Skipped low quality face (score: 0.0)
2026-06-22 15:34:53  DEBUG     [camera.py:94]  Rejected — InsightFace found no face.
2026-06-22 15:34:53  INFO      [camera.py:250]  Face detected — YOLO conf: 0.864 — quality score: 0.0 — good: False
2026-06-22 15:34:53  DEBUG     [camera.py:264]  Skipped low quality face (score: 0.0)
2026-06-22 15:34:53  DEBUG     [camera.py:94]  Rejected — InsightFace found no face.
2026-06-22 15:34:53  INFO      [camera.py:250]  Face detected — YOLO conf: 0.865 — quality score: 0.0 — good: False
2026-06-22 15:34:53  DEBUG     [camera.py:264]  Skipped low quality face (score: 0.0)
2026-06-22 15:34:53  DEBUG     [camera.py:94]  Rejected — InsightFace found no face.
2026-06-22 15:34:53  INFO      [camera.py:250]  Face detected — YOLO conf: 0.884 — quality score: 0.0 — good: False
2026-06-22 15:34:53  DEBUG     [camera.py:264]  Skipped low quality face (score: 0.0)
2026-06-22 15:34:53  DEBUG     [camera.py:94]  Rejected — InsightFace found no face.
2026-06-22 15:34:53  INFO      [camera.py:250]  Face detected — YOLO conf: 0.881 — quality score: 0.0 — good: False
2026-06-22 15:34:53  DEBUG     [camera.py:264]  Skipped low quality face (score: 0.0)
2026-06-22 15:34:53  DEBUG     [camera.py:94]  Rejected — InsightFace found no face.
2026-06-22 15:34:53  INFO      [camera.py:250]  Face detected — YOLO conf: 0.860 — quality score: 0.0 — good: False
2026-06-22 15:34:53  DEBUG     [camera.py:264]  Skipped low quality face (score: 0.0)
2026-06-22 15:34:53  DEBUG     [camera.py:94]  Rejected — InsightFace found no face.
2026-06-22 15:34:53  INFO      [camera.py:250]  Face detected — YOLO conf: 0.882 — quality score: 0.0 — good: False
2026-06-22 15:34:53  DEBUG     [camera.py:264]  Skipped low quality face (score: 0.0)
2026-06-22 15:34:54  DEBUG     [camera.py:94]  Rejected — InsightFace found no face.
2026-06-22 15:34:54  INFO      [camera.py:250]  Face detected — YOLO conf: 0.887 — quality score: 0.0 — good: False
2026-06-22 15:34:54  DEBUG     [camera.py:264]  Skipped low quality face (score: 0.0)
2026-06-22 15:34:54  DEBUG     [camera.py:94]  Rejected — InsightFace found no face.
2026-06-22 15:34:54  INFO      [camera.py:250]  Face detected — YOLO conf: 0.873 — quality score: 0.0 — good: False
2026-06-22 15:34:54  DEBUG     [camera.py:264]  Skipped low quality face (score: 0.0)
2026-06-22 15:34:54  DEBUG     [camera.py:94]  Rejected — InsightFace found no face.
2026-06-22 15:34:54  INFO      [camera.py:250]  Face detected — YOLO conf: 0.867 — quality score: 0.0 — good: False
2026-06-22 15:34:54  DEBUG     [camera.py:264]  Skipped low quality face (score: 0.0)
2026-06-22 15:34:54  DEBUG     [camera.py:94]  Rejected — InsightFace found no face.
2026-06-22 15:34:54  INFO      [camera.py:250]  Face detected — YOLO conf: 0.868 — quality score: 0.0 — good: False
2026-06-22 15:34:54  DEBUG     [camera.py:264]  Skipped low quality face (score: 0.0)
2026-06-22 15:34:54  DEBUG     [camera.py:94]  Rejected — InsightFace found no face.
2026-06-22 15:34:54  INFO      [camera.py:250]  Face detected — YOLO conf: 0.841 — quality score: 0.0 — good: False
2026-06-22 15:34:54  DEBUG     [camera.py:264]  Skipped low quality face (score: 0.0)
2026-06-22 15:34:54  DEBUG     [camera.py:94]  Rejected — InsightFace found no face.
2026-06-22 15:34:54  INFO      [camera.py:250]  Face detected — YOLO conf: 0.827 — quality score: 0.0 — good: False
2026-06-22 15:34:54  DEBUG     [camera.py:264]  Skipped low quality face (score: 0.0)
2026-06-22 15:34:54  DEBUG     [camera.py:94]  Rejected — InsightFace found no face.
2026-06-22 15:34:54  INFO      [camera.py:250]  Face detected — YOLO conf: 0.829 — quality score: 0.0 — good: False
2026-06-22 15:34:54  DEBUG     [camera.py:264]  Skipped low quality face (score: 0.0)
2026-06-22 15:34:54  DEBUG     [camera.py:94]  Rejected — InsightFace found no face.
2026-06-22 15:34:54  INFO      [camera.py:250]  Face detected — YOLO conf: 0.839 — quality score: 0.0 — good: False
2026-06-22 15:34:54  DEBUG     [camera.py:264]  Skipped low quality face (score: 0.0)
2026-06-22 15:34:54  DEBUG     [camera.py:94]  Rejected — InsightFace found no face.
2026-06-22 15:34:54  INFO      [camera.py:250]  Face detected — YOLO conf: 0.850 — quality score: 0.0 — good: False
2026-06-22 15:34:54  DEBUG     [camera.py:264]  Skipped low quality face (score: 0.0)
2026-06-22 15:34:54  DEBUG     [camera.py:94]  Rejected — InsightFace found no face.
2026-06-22 15:34:54  INFO      [camera.py:250]  Face detected — YOLO conf: 0.856 — quality score: 0.0 — good: False
2026-06-22 15:34:54  DEBUG     [camera.py:264]  Skipped low quality face (score: 0.0)
2026-06-22 15:34:55  DEBUG     [camera.py:94]  Rejected — InsightFace found no face.
2026-06-22 15:34:55  INFO      [camera.py:250]  Face detected — YOLO conf: 0.862 — quality score: 0.0 — good: False
2026-06-22 15:34:55  DEBUG     [camera.py:264]  Skipped low quality face (score: 0.0)
2026-06-22 15:34:55  DEBUG     [camera.py:94]  Rejected — InsightFace found no face.
2026-06-22 15:34:55  INFO      [camera.py:250]  Face detected — YOLO conf: 0.855 — quality score: 0.0 — good: False
2026-06-22 15:34:55  DEBUG     [camera.py:264]  Skipped low quality face (score: 0.0)
2026-06-22 15:34:55  DEBUG     [camera.py:94]  Rejected — InsightFace found no face.
2026-06-22 15:34:55  INFO      [camera.py:250]  Face detected — YOLO conf: 0.869 — quality score: 0.0 — good: False
2026-06-22 15:34:55  DEBUG     [camera.py:264]  Skipped low quality face (score: 0.0)
2026-06-22 15:34:55  DEBUG     [camera.py:80]  Rejected — too blurry (blur score: 30.0)
2026-06-22 15:34:55  INFO      [camera.py:250]  Face detected — YOLO conf: 0.845 — quality score: 0.0 — good: False
2026-06-22 15:34:55  DEBUG     [camera.py:264]  Skipped low quality face (score: 0.0)
2026-06-22 15:34:55  DEBUG     [camera.py:80]  Rejected — too blurry (blur score: 22.7)
2026-06-22 15:34:55  INFO      [camera.py:250]  Face detected — YOLO conf: 0.859 — quality score: 0.0 — good: False
2026-06-22 15:34:55  DEBUG     [camera.py:264]  Skipped low quality face (score: 0.0)
2026-06-22 15:34:55  DEBUG     [camera.py:80]  Rejected — too blurry (blur score: 14.9)
2026-06-22 15:34:55  INFO      [camera.py:250]  Face detected — YOLO conf: 0.823 — quality score: 0.0 — good: False
2026-06-22 15:34:55  DEBUG     [camera.py:264]  Skipped low quality face (score: 0.0)
2026-06-22 15:34:55  DEBUG     [camera.py:80]  Rejected — too blurry (blur score: 25.0)
2026-06-22 15:34:55  INFO      [camera.py:250]  Face detected — YOLO conf: 0.867 — quality score: 0.0 — good: False
2026-06-22 15:34:55  DEBUG     [camera.py:264]  Skipped low quality face (score: 0.0)
2026-06-22 15:34:55  DEBUG     [camera.py:80]  Rejected — too blurry (blur score: 21.3)
2026-06-22 15:34:55  INFO      [camera.py:250]  Face detected — YOLO conf: 0.869 — quality score: 0.0 — good: False
2026-06-22 15:34:55  DEBUG     [camera.py:264]  Skipped low quality face (score: 0.0)
2026-06-22 15:34:55  DEBUG     [camera.py:80]  Rejected — too blurry (blur score: 21.7)
2026-06-22 15:34:55  INFO      [camera.py:250]  Face detected — YOLO conf: 0.855 — quality score: 0.0 — good: False
2026-06-22 15:34:55  DEBUG     [camera.py:264]  Skipped low quality face (score: 0.0)
2026-06-22 15:34:55  DEBUG     [camera.py:80]  Rejected — too blurry (blur score: 28.4)
2026-06-22 15:34:55  INFO      [camera.py:250]  Face detected — YOLO conf: 0.788 — quality score: 0.0 — good: False
2026-06-22 15:34:55  DEBUG     [camera.py:264]  Skipped low quality face (score: 0.0)
2026-06-22 15:34:56  DEBUG     [camera.py:94]  Rejected — InsightFace found no face.
2026-06-22 15:34:56  INFO      [camera.py:250]  Face detected — YOLO conf: 0.705 — quality score: 0.0 — good: False
2026-06-22 15:34:56  DEBUG     [camera.py:264]  Skipped low quality face (score: 0.0)
2026-06-22 15:34:56  DEBUG     [camera.py:94]  Rejected — InsightFace found no face.
2026-06-22 15:34:56  INFO      [camera.py:250]  Face detected — YOLO conf: 0.843 — quality score: 0.0 — good: False
2026-06-22 15:34:56  DEBUG     [camera.py:264]  Skipped low quality face (score: 0.0)
2026-06-22 15:34:56  DEBUG     [camera.py:94]  Rejected — InsightFace found no face.
2026-06-22 15:34:56  INFO      [camera.py:250]  Face detected — YOLO conf: 0.767 — quality score: 0.0 — good: False
2026-06-22 15:34:56  DEBUG     [camera.py:264]  Skipped low quality face (score: 0.0)
2026-06-22 15:34:56  DEBUG     [camera.py:94]  Rejected — InsightFace found no face.
2026-06-22 15:34:56  INFO      [camera.py:250]  Face detected — YOLO conf: 0.798 — quality score: 0.0 — good: False
2026-06-22 15:34:56  DEBUG     [camera.py:264]  Skipped low quality face (score: 0.0)
2026-06-22 15:34:56  DEBUG     [camera.py:94]  Rejected — InsightFace found no face.
2026-06-22 15:34:56  INFO      [camera.py:250]  Face detected — YOLO conf: 0.873 — quality score: 0.0 — good: False
2026-06-22 15:34:56  DEBUG     [camera.py:264]  Skipped low quality face (score: 0.0)
2026-06-22 15:34:56  DEBUG     [camera.py:94]  Rejected — InsightFace found no face.
2026-06-22 15:34:56  INFO      [camera.py:250]  Face detected — YOLO conf: 0.867 — quality score: 0.0 — good: False
2026-06-22 15:34:56  DEBUG     [camera.py:264]  Skipped low quality face (score: 0.0)
2026-06-22 15:34:56  DEBUG     [camera.py:94]  Rejected — InsightFace found no face.
2026-06-22 15:34:56  INFO      [camera.py:250]  Face detected — YOLO conf: 0.844 — quality score: 0.0 — good: False
2026-06-22 15:34:56  DEBUG     [camera.py:264]  Skipped low quality face (score: 0.0)
2026-06-22 15:34:56  DEBUG     [camera.py:94]  Rejected — InsightFace found no face.
2026-06-22 15:34:56  INFO      [camera.py:250]  Face detected — YOLO conf: 0.871 — quality score: 0.0 — good: False
2026-06-22 15:34:56  DEBUG     [camera.py:264]  Skipped low quality face (score: 0.0)
2026-06-22 15:34:57  DEBUG     [camera.py:94]  Rejected — InsightFace found no face.
2026-06-22 15:34:57  INFO      [camera.py:250]  Face detected — YOLO conf: 0.879 — quality score: 0.0 — good: False
2026-06-22 15:34:57  DEBUG     [camera.py:264]  Skipped low quality face (score: 0.0)
2026-06-22 15:34:57  INFO      [main.py:52]  Checking calendars at 15:34:57
2026-06-22 15:34:57  DEBUG     [client.py:31]  GET https://192.168.1.249:5004/scl/get-all-calender
2026-06-22 15:34:57  INFO      [calendar_service.py:44]  Fetched 4 valid session(s).
2026-06-22 15:34:57  INFO      [main.py:66]  Calendar 2106 already ended — skipping.
2026-06-22 15:34:57  INFO      [main.py:66]  Calendar 2106 already ended — skipping.
2026-06-22 15:34:57  INFO      [main.py:84]  Calendar 2107 already started — skipping.
2026-06-22 15:34:57  INFO      [main.py:84]  Calendar 2107 already started — skipping.
2026-06-22 15:34:57  INFO      [main.py:179]  Calendar 2107 still running (2m 2s remaining).
2026-06-22 15:34:57  INFO      [main.py:191]  Active calendars: [2107]
2026-06-22 15:35:00  DEBUG     [camera.py:109]  Quality — score: 0.685 blur: 48.8 brightness: 96.5
2026-06-22 15:35:00  INFO      [camera.py:250]  Face detected — YOLO conf: 0.863 — quality score: 0.685 — good: True
2026-06-22 15:35:00  INFO      [camera.py:262]  Saved face (quality: 0.685): face_20260622_153500_026.jpg
2026-06-22 15:35:00  DEBUG     [camera.py:109]  Quality — score: 0.634 blur: 30.8 brightness: 85.5
2026-06-22 15:35:00  INFO      [camera.py:250]  Face detected — YOLO conf: 0.854 — quality score: 0.634 — good: True
2026-06-22 15:35:00  INFO      [camera.py:262]  Saved face (quality: 0.634): face_20260622_153500_124.jpg
2026-06-22 15:35:00  DEBUG     [camera.py:109]  Quality — score: 0.776 blur: 31.0 brightness: 77.7
2026-06-22 15:35:00  INFO      [camera.py:250]  Face detected — YOLO conf: 0.884 — quality score: 0.776 — good: True
2026-06-22 15:35:00  INFO      [camera.py:262]  Saved face (quality: 0.776): face_20260622_153500_181.jpg
2026-06-22 15:35:00  DEBUG     [camera.py:109]  Quality — score: 0.507 blur: 49.6 brightness: 77.5
2026-06-22 15:35:00  INFO      [camera.py:250]  Face detected — YOLO conf: 0.888 — quality score: 0.507 — good: True
2026-06-22 15:35:00  INFO      [camera.py:262]  Saved face (quality: 0.507): face_20260622_153500_233.jpg
2026-06-22 15:35:00  DEBUG     [camera.py:109]  Quality — score: 0.584 blur: 36.9 brightness: 81.0
2026-06-22 15:35:00  INFO      [camera.py:250]  Face detected — YOLO conf: 0.895 — quality score: 0.584 — good: True
2026-06-22 15:35:00  INFO      [camera.py:262]  Saved face (quality: 0.584): face_20260622_153500_287.jpg
2026-06-22 15:35:07  INFO      [main.py:52]  Checking calendars at 15:35:07
2026-06-22 15:35:07  DEBUG     [client.py:31]  GET https://192.168.1.249:5004/scl/get-all-calender
2026-06-22 15:35:08  INFO      [calendar_service.py:44]  Fetched 4 valid session(s).
2026-06-22 15:35:08  INFO      [main.py:66]  Calendar 2106 already ended — skipping.
2026-06-22 15:35:08  INFO      [main.py:66]  Calendar 2106 already ended — skipping.
2026-06-22 15:35:08  INFO      [main.py:84]  Calendar 2107 already started — skipping.
2026-06-22 15:35:08  INFO      [main.py:84]  Calendar 2107 already started — skipping.
2026-06-22 15:35:08  INFO      [main.py:179]  Calendar 2107 still running (1m 52s remaining).
2026-06-22 15:35:08  INFO      [main.py:191]  Active calendars: [2107]
2026-06-22 15:35:18  INFO      [main.py:52]  Checking calendars at 15:35:18
2026-06-22 15:35:18  DEBUG     [client.py:31]  GET https://192.168.1.249:5004/scl/get-all-calender
2026-06-22 15:35:18  INFO      [calendar_service.py:44]  Fetched 4 valid session(s).
2026-06-22 15:35:18  INFO      [main.py:66]  Calendar 2106 already ended — skipping.
2026-06-22 15:35:18  INFO      [main.py:66]  Calendar 2106 already ended — skipping.
2026-06-22 15:35:18  INFO      [main.py:84]  Calendar 2107 already started — skipping.
2026-06-22 15:35:18  INFO      [main.py:84]  Calendar 2107 already started — skipping.
2026-06-22 15:35:18  INFO      [main.py:179]  Calendar 2107 still running (1m 41s remaining).
2026-06-22 15:35:18  INFO      [main.py:191]  Active calendars: [2107]
2026-06-22 15:35:28  INFO      [main.py:52]  Checking calendars at 15:35:28
2026-06-22 15:35:28  DEBUG     [client.py:31]  GET https://192.168.1.249:5004/scl/get-all-calender
2026-06-22 15:35:28  INFO      [calendar_service.py:44]  Fetched 4 valid session(s).
2026-06-22 15:35:28  INFO      [main.py:66]  Calendar 2106 already ended — skipping.
2026-06-22 15:35:28  INFO      [main.py:66]  Calendar 2106 already ended — skipping.
2026-06-22 15:35:28  INFO      [main.py:84]  Calendar 2107 already started — skipping.
2026-06-22 15:35:28  INFO      [main.py:84]  Calendar 2107 already started — skipping.
2026-06-22 15:35:28  INFO      [main.py:179]  Calendar 2107 still running (1m 31s remaining).
2026-06-22 15:35:28  INFO      [main.py:191]  Active calendars: [2107]
2026-06-22 15:35:38  INFO      [main.py:52]  Checking calendars at 15:35:38
2026-06-22 15:35:38  DEBUG     [client.py:31]  GET https://192.168.1.249:5004/scl/get-all-calender
2026-06-22 15:35:38  INFO      [calendar_service.py:44]  Fetched 4 valid session(s).
2026-06-22 15:35:38  INFO      [main.py:66]  Calendar 2106 already ended — skipping.
2026-06-22 15:35:38  INFO      [main.py:66]  Calendar 2106 already ended — skipping.
2026-06-22 15:35:38  INFO      [main.py:84]  Calendar 2107 already started — skipping.
2026-06-22 15:35:38  INFO      [main.py:84]  Calendar 2107 already started — skipping.
2026-06-22 15:35:38  INFO      [main.py:179]  Calendar 2107 still running (1m 21s remaining).
2026-06-22 15:35:38  INFO      [main.py:191]  Active calendars: [2107]
2026-06-22 15:35:48  INFO      [main.py:52]  Checking calendars at 15:35:48
2026-06-22 15:35:48  DEBUG     [client.py:31]  GET https://192.168.1.249:5004/scl/get-all-calender
2026-06-22 15:35:48  INFO      [calendar_service.py:44]  Fetched 4 valid session(s).
2026-06-22 15:35:48  INFO      [main.py:66]  Calendar 2106 already ended — skipping.
2026-06-22 15:35:48  INFO      [main.py:66]  Calendar 2106 already ended — skipping.
2026-06-22 15:35:48  INFO      [main.py:84]  Calendar 2107 already started — skipping.
2026-06-22 15:35:48  INFO      [main.py:84]  Calendar 2107 already started — skipping.
2026-06-22 15:35:48  INFO      [main.py:179]  Calendar 2107 still running (1m 11s remaining).
2026-06-22 15:35:48  INFO      [main.py:191]  Active calendars: [2107]
2026-06-22 15:35:58  INFO      [main.py:52]  Checking calendars at 15:35:58
2026-06-22 15:35:58  DEBUG     [client.py:31]  GET https://192.168.1.249:5004/scl/get-all-calender
2026-06-22 15:35:58  INFO      [calendar_service.py:44]  Fetched 4 valid session(s).
2026-06-22 15:35:58  INFO      [main.py:66]  Calendar 2106 already ended — skipping.
2026-06-22 15:35:58  INFO      [main.py:66]  Calendar 2106 already ended — skipping.
2026-06-22 15:35:58  INFO      [main.py:84]  Calendar 2107 already started — skipping.
2026-06-22 15:35:58  INFO      [main.py:84]  Calendar 2107 already started — skipping.
2026-06-22 15:35:58  INFO      [main.py:179]  Calendar 2107 still running (1m 1s remaining).
2026-06-22 15:35:58  INFO      [main.py:191]  Active calendars: [2107]
2026-06-22 15:36:08  INFO      [main.py:52]  Checking calendars at 15:36:08
2026-06-22 15:36:08  DEBUG     [client.py:31]  GET https://192.168.1.249:5004/scl/get-all-calender
2026-06-22 15:36:08  INFO      [calendar_service.py:44]  Fetched 4 valid session(s).
2026-06-22 15:36:08  INFO      [main.py:66]  Calendar 2106 already ended — skipping.
2026-06-22 15:36:08  INFO      [main.py:66]  Calendar 2106 already ended — skipping.
2026-06-22 15:36:08  INFO      [main.py:84]  Calendar 2107 already started — skipping.
2026-06-22 15:36:08  INFO      [main.py:84]  Calendar 2107 already started — skipping.
2026-06-22 15:36:08  INFO      [main.py:179]  Calendar 2107 still running (0m 51s remaining).
2026-06-22 15:36:08  INFO      [main.py:191]  Active calendars: [2107]
2026-06-22 15:36:18  INFO      [main.py:52]  Checking calendars at 15:36:18
2026-06-22 15:36:18  DEBUG     [client.py:31]  GET https://192.168.1.249:5004/scl/get-all-calender
2026-06-22 15:36:18  INFO      [calendar_service.py:44]  Fetched 4 valid session(s).
2026-06-22 15:36:18  INFO      [main.py:66]  Calendar 2106 already ended — skipping.
2026-06-22 15:36:18  INFO      [main.py:66]  Calendar 2106 already ended — skipping.
2026-06-22 15:36:18  INFO      [main.py:84]  Calendar 2107 already started — skipping.
2026-06-22 15:36:18  INFO      [main.py:84]  Calendar 2107 already started — skipping.
2026-06-22 15:36:18  INFO      [main.py:179]  Calendar 2107 still running (0m 41s remaining).
2026-06-22 15:36:18  INFO      [main.py:191]  Active calendars: [2107]
2026-06-22 15:36:28  INFO      [main.py:52]  Checking calendars at 15:36:28
2026-06-22 15:36:28  DEBUG     [client.py:31]  GET https://192.168.1.249:5004/scl/get-all-calender
2026-06-22 15:36:28  INFO      [calendar_service.py:44]  Fetched 4 valid session(s).
2026-06-22 15:36:28  INFO      [main.py:66]  Calendar 2106 already ended — skipping.
2026-06-22 15:36:28  INFO      [main.py:66]  Calendar 2106 already ended — skipping.
2026-06-22 15:36:28  INFO      [main.py:84]  Calendar 2107 already started — skipping.
2026-06-22 15:36:28  INFO      [main.py:84]  Calendar 2107 already started — skipping.
2026-06-22 15:36:28  INFO      [main.py:179]  Calendar 2107 still running (0m 31s remaining).
2026-06-22 15:36:28  INFO      [main.py:191]  Active calendars: [2107]
2026-06-22 15:36:38  INFO      [main.py:52]  Checking calendars at 15:36:38
2026-06-22 15:36:38  DEBUG     [client.py:31]  GET https://192.168.1.249:5004/scl/get-all-calender
2026-06-22 15:36:38  INFO      [calendar_service.py:44]  Fetched 4 valid session(s).
2026-06-22 15:36:38  INFO      [main.py:66]  Calendar 2106 already ended — skipping.
2026-06-22 15:36:38  INFO      [main.py:66]  Calendar 2106 already ended — skipping.
2026-06-22 15:36:38  INFO      [main.py:84]  Calendar 2107 already started — skipping.
2026-06-22 15:36:38  INFO      [main.py:84]  Calendar 2107 already started — skipping.
2026-06-22 15:36:38  INFO      [main.py:179]  Calendar 2107 still running (0m 21s remaining).
2026-06-22 15:36:38  INFO      [main.py:191]  Active calendars: [2107]
2026-06-22 15:36:48  INFO      [main.py:52]  Checking calendars at 15:36:48
2026-06-22 15:36:48  DEBUG     [client.py:31]  GET https://192.168.1.249:5004/scl/get-all-calender
2026-06-22 15:36:48  INFO      [calendar_service.py:44]  Fetched 4 valid session(s).
2026-06-22 15:36:48  INFO      [main.py:66]  Calendar 2106 already ended — skipping.
2026-06-22 15:36:48  INFO      [main.py:66]  Calendar 2106 already ended — skipping.
2026-06-22 15:36:48  INFO      [main.py:84]  Calendar 2107 already started — skipping.
2026-06-22 15:36:48  INFO      [main.py:84]  Calendar 2107 already started — skipping.
2026-06-22 15:36:48  INFO      [main.py:179]  Calendar 2107 still running (0m 11s remaining).
2026-06-22 15:36:48  INFO      [main.py:191]  Active calendars: [2107]
2026-06-22 15:36:58  INFO      [main.py:52]  Checking calendars at 15:36:58
2026-06-22 15:36:58  DEBUG     [client.py:31]  GET https://192.168.1.249:5004/scl/get-all-calender
2026-06-22 15:36:58  INFO      [calendar_service.py:44]  Fetched 4 valid session(s).
2026-06-22 15:36:58  INFO      [main.py:66]  Calendar 2106 already ended — skipping.
2026-06-22 15:36:58  INFO      [main.py:66]  Calendar 2106 already ended — skipping.
2026-06-22 15:36:58  INFO      [main.py:84]  Calendar 2107 already started — skipping.
2026-06-22 15:36:58  INFO      [main.py:84]  Calendar 2107 already started — skipping.
2026-06-22 15:36:58  INFO      [main.py:179]  Calendar 2107 still running (0m 1s remaining).
2026-06-22 15:36:58  INFO      [main.py:191]  Active calendars: [2107]
2026-06-22 15:37:08  INFO      [main.py:52]  Checking calendars at 15:37:08
2026-06-22 15:37:08  DEBUG     [client.py:31]  GET https://192.168.1.249:5004/scl/get-all-calender
2026-06-22 15:37:08  INFO      [calendar_service.py:44]  Fetched 4 valid session(s).
2026-06-22 15:37:08  INFO      [main.py:66]  Calendar 2106 already ended — skipping.
2026-06-22 15:37:08  INFO      [main.py:66]  Calendar 2106 already ended — skipping.
2026-06-22 15:37:08  INFO      [main.py:84]  Calendar 2107 already started — skipping.
2026-06-22 15:37:08  INFO      [main.py:84]  Calendar 2107 already started — skipping.
2026-06-22 15:37:08  INFO      [main.py:130]  Calendar 2107 ended — stopping cameras...
2026-06-22 15:37:08  INFO      [detector.py:95]  Stopping detection for calendar 2107...
2026-06-22 15:37:11  INFO      [detector.py:102]  All detection processes stopped for calendar 2107.
2026-06-22 15:37:11  INFO      [classification.py:78]  Starting classification for calendar 2107 — 221 image(s) found.
2026-06-22 15:37:11  INFO      [classification.py:91]  Created person_1 — reference: face_20260618_141525_609.jpg
2026-06-22 15:37:12  DEBUG     [classification.py:45]  face_20260618_141525_609.jpg ↔ face_20260618_141525_122.jpg → similarity: 0.9999
2026-06-22 15:37:12  INFO      [classification.py:110]    ✔ Copied face_20260618_141525_122.jpg → person_1 (2/7)
2026-06-22 15:37:12  DEBUG     [classification.py:45]  face_20260618_141525_609.jpg ↔ face_20260618_141527_511.jpg → similarity: 0.9993
2026-06-22 15:37:12  INFO      [classification.py:110]    ✔ Copied face_20260618_141527_511.jpg → person_1 (3/7)
2026-06-22 15:37:12  DEBUG     [classification.py:45]  face_20260618_141525_609.jpg ↔ face_20260622_153500_287.jpg → similarity: 0.9960
2026-06-22 15:37:12  INFO      [classification.py:110]    ✔ Copied face_20260622_153500_287.jpg → person_1 (4/7)
2026-06-22 15:37:13  DEBUG     [classification.py:45]  face_20260618_141525_609.jpg ↔ face_20260618_141658_344.jpg → similarity: 0.9998
2026-06-22 15:37:13  INFO      [classification.py:110]    ✔ Copied face_20260618_141658_344.jpg → person_1 (5/7)
2026-06-22 15:37:13  DEBUG     [classification.py:45]  face_20260618_141525_609.jpg ↔ face_20260618_141653_362.jpg → similarity: 0.9993
2026-06-22 15:37:13  INFO      [classification.py:110]    ✔ Copied face_20260618_141653_362.jpg → person_1 (6/7)
2026-06-22 15:37:13  DEBUG     [classification.py:45]  face_20260618_141525_609.jpg ↔ face_20260618_141656_937.jpg → similarity: 0.9998
2026-06-22 15:37:13  INFO      [classification.py:110]    ✔ Copied face_20260618_141656_937.jpg → person_1 (7/7)
2026-06-22 15:37:13  DEBUG     [classification.py:45]  face_20260618_141525_609.jpg ↔ face_20260618_141525_506.jpg → similarity: 1.0000
2026-06-22 15:37:13  INFO      [classification.py:112]    ⏭ Matched face_20260618_141525_506.jpg → person_1 (limit reached, skipped copy)
2026-06-22 15:37:13  DEBUG     [classification.py:45]  face_20260618_141525_609.jpg ↔ face_20260618_141658_743.jpg → similarity: 0.9999
2026-06-22 15:37:13  INFO      [classification.py:112]    ⏭ Matched face_20260618_141658_743.jpg → person_1 (limit reached, skipped copy)
2026-06-22 15:37:13  DEBUG     [classification.py:45]  face_20260618_141525_609.jpg ↔ face_20260618_141602_286.jpg → similarity: 0.9999
2026-06-22 15:37:13  INFO      [classification.py:112]    ⏭ Matched face_20260618_141602_286.jpg → person_1 (limit reached, skipped copy)
2026-06-22 15:37:14  DEBUG     [classification.py:45]  face_20260618_141525_609.jpg ↔ face_20260618_141528_408.jpg → similarity: 0.9977
2026-06-22 15:37:14  INFO      [classification.py:112]    ⏭ Matched face_20260618_141528_408.jpg → person_1 (limit reached, skipped copy)
2026-06-22 15:37:14  DEBUG     [classification.py:45]  face_20260618_141525_609.jpg ↔ face_20260618_141657_942.jpg → similarity: 0.9999
2026-06-22 15:37:14  INFO      [classification.py:112]    ⏭ Matched face_20260618_141657_942.jpg → person_1 (limit reached, skipped copy)
2026-06-22 15:37:14  DEBUG     [classification.py:45]  face_20260618_141525_609.jpg ↔ face_20260618_141520_820.jpg → similarity: 0.9996
2026-06-22 15:37:14  INFO      [classification.py:112]    ⏭ Matched face_20260618_141520_820.jpg → person_1 (limit reached, skipped copy)
2026-06-22 15:37:14  DEBUG     [classification.py:45]  face_20260618_141525_609.jpg ↔ face_20260618_141521_719.jpg → similarity: 0.9998
2026-06-22 15:37:14  INFO      [classification.py:112]    ⏭ Matched face_20260618_141521_719.jpg → person_1 (limit reached, skipped copy)
2026-06-22 15:37:14  DEBUG     [classification.py:45]  face_20260618_141525_609.jpg ↔ face_20260618_141654_940.jpg → similarity: 0.9986
2026-06-22 15:37:14  INFO      [classification.py:112]    ⏭ Matched face_20260618_141654_940.jpg → person_1 (limit reached, skipped copy)
2026-06-22 15:37:15  DEBUG     [classification.py:45]  face_20260618_141525_609.jpg ↔ face_20260618_141658_245.jpg → similarity: 0.9998
2026-06-22 15:37:15  INFO      [classification.py:112]    ⏭ Matched face_20260618_141658_245.jpg → person_1 (limit reached, skipped copy)
2026-06-22 15:37:15  DEBUG     [classification.py:45]  face_20260618_141525_609.jpg ↔ face_20260618_141704_156.jpg → similarity: 0.9974
2026-06-22 15:37:15  INFO      [classification.py:112]    ⏭ Matched face_20260618_141704_156.jpg → person_1 (limit reached, skipped copy)
2026-06-22 15:37:15  DEBUG     [classification.py:45]  face_20260618_141525_609.jpg ↔ face_20260618_141545_096.jpg → similarity: 0.9997
2026-06-22 15:37:15  INFO      [classification.py:112]    ⏭ Matched face_20260618_141545_096.jpg → person_1 (limit reached, skipped copy)
2026-06-22 15:37:15  DEBUG     [classification.py:45]  face_20260618_141525_609.jpg ↔ face_20260618_141658_143.jpg → similarity: 0.9999
2026-06-22 15:37:15  INFO      [classification.py:112]    ⏭ Matched face_20260618_141658_143.jpg → person_1 (limit reached, skipped copy)
2026-06-22 15:37:15  DEBUG     [classification.py:45]  face_20260618_141525_609.jpg ↔ face_20260618_141705_131.jpg → similarity: 0.9997
2026-06-22 15:37:15  INFO      [classification.py:112]    ⏭ Matched face_20260618_141705_131.jpg → person_1 (limit reached, skipped copy)
2026-06-22 15:37:15  DEBUG     [classification.py:45]  face_20260618_141525_609.jpg ↔ face_20260618_141602_085.jpg → similarity: 0.9999
2026-06-22 15:37:15  INFO      [classification.py:112]    ⏭ Matched face_20260618_141602_085.jpg → person_1 (limit reached, skipped copy)
2026-06-22 15:37:16  DEBUG     [classification.py:45]  face_20260618_141525_609.jpg ↔ face_20260618_141704_342.jpg → similarity: 0.9991
2026-06-22 15:37:16  INFO      [classification.py:112]    ⏭ Matched face_20260618_141704_342.jpg → person_1 (limit reached, skipped copy)
2026-06-22 15:37:16  DEBUG     [classification.py:45]  face_20260618_141525_609.jpg ↔ face_20260618_141520_412.jpg → similarity: 0.9999
2026-06-22 15:37:16  INFO      [classification.py:112]    ⏭ Matched face_20260618_141520_412.jpg → person_1 (limit reached, skipped copy)
2026-06-22 15:37:16  DEBUG     [classification.py:45]  face_20260618_141525_609.jpg ↔ face_20260618_141518_612.jpg → similarity: 0.9999
2026-06-22 15:37:16  INFO      [classification.py:112]    ⏭ Matched face_20260618_141518_612.jpg → person_1 (limit reached, skipped copy)
2026-06-22 15:37:16  DEBUG     [classification.py:45]  face_20260618_141525_609.jpg ↔ face_20260618_141711_527.jpg → similarity: 0.9997
2026-06-22 15:37:16  INFO      [classification.py:112]    ⏭ Matched face_20260618_141711_527.jpg → person_1 (limit reached, skipped copy)
2026-06-22 15:37:16  DEBUG     [classification.py:45]  face_20260618_141525_609.jpg ↔ face_20260618_141530_615.jpg → similarity: 0.9999
2026-06-22 15:37:16  INFO      [classification.py:112]    ⏭ Matched face_20260618_141530_615.jpg → person_1 (limit reached, skipped copy)
2026-06-22 15:37:17  DEBUG     [classification.py:45]  face_20260618_141525_609.jpg ↔ face_20260618_141601_497.jpg → similarity: 0.9998
2026-06-22 15:37:17  INFO      [classification.py:112]    ⏭ Matched face_20260618_141601_497.jpg → person_1 (limit reached, skipped copy)
2026-06-22 15:37:17  DEBUG     [classification.py:45]  face_20260618_141525_609.jpg ↔ face_20260618_141522_316.jpg → similarity: 0.9998
2026-06-22 15:37:17  INFO      [classification.py:112]    ⏭ Matched face_20260618_141522_316.jpg → person_1 (limit reached, skipped copy)
2026-06-22 15:37:17  DEBUG     [classification.py:45]  face_20260618_141525_609.jpg ↔ face_20260618_141530_805.jpg → similarity: 0.9989
2026-06-22 15:37:17  INFO      [classification.py:112]    ⏭ Matched face_20260618_141530_805.jpg → person_1 (limit reached, skipped copy)
2026-06-22 15:37:17  DEBUG     [classification.py:45]  face_20260618_141525_609.jpg ↔ face_20260622_153500_026.jpg → similarity: 0.9973
2026-06-22 15:37:17  INFO      [classification.py:112]    ⏭ Matched face_20260622_153500_026.jpg → person_1 (limit reached, skipped copy)
2026-06-22 15:37:17  DEBUG     [classification.py:45]  face_20260618_141525_609.jpg ↔ face_20260618_141712_239.jpg → similarity: 0.9998
2026-06-22 15:37:17  INFO      [classification.py:112]    ⏭ Matched face_20260618_141712_239.jpg → person_1 (limit reached, skipped copy)
2026-06-22 15:37:17  DEBUG     [classification.py:45]  face_20260618_141525_609.jpg ↔ face_20260618_141545_389.jpg → similarity: 0.9998
2026-06-22 15:37:17  INFO      [classification.py:112]    ⏭ Matched face_20260618_141545_389.jpg → person_1 (limit reached, skipped copy)
2026-06-22 15:37:18  DEBUG     [classification.py:45]  face_20260618_141525_609.jpg ↔ face_20260618_141545_292.jpg → similarity: 0.9998
2026-06-22 15:37:18  INFO      [classification.py:112]    ⏭ Matched face_20260618_141545_292.jpg → person_1 (limit reached, skipped copy)
2026-06-22 15:37:18  DEBUG     [classification.py:45]  face_20260618_141525_609.jpg ↔ face_20260618_141518_818.jpg → similarity: 1.0000
2026-06-22 15:37:18  INFO      [classification.py:112]    ⏭ Matched face_20260618_141518_818.jpg → person_1 (limit reached, skipped copy)
2026-06-22 15:37:18  DEBUG     [classification.py:45]  face_20260618_141525_609.jpg ↔ face_20260618_141522_713.jpg → similarity: 0.9998
2026-06-22 15:37:18  INFO      [classification.py:112]    ⏭ Matched face_20260618_141522_713.jpg → person_1 (limit reached, skipped copy)
2026-06-22 15:37:18  DEBUG     [classification.py:45]  face_20260618_141525_609.jpg ↔ face_20260618_141545_995.jpg → similarity: 0.9998
2026-06-22 15:37:18  INFO      [classification.py:112]    ⏭ Matched face_20260618_141545_995.jpg → person_1 (limit reached, skipped copy)
2026-06-22 15:37:18  DEBUG     [classification.py:45]  face_20260618_141525_609.jpg ↔ face_20260618_141545_190.jpg → similarity: 0.9997
2026-06-22 15:37:18  INFO      [classification.py:112]    ⏭ Matched face_20260618_141545_190.jpg → person_1 (limit reached, skipped copy)
2026-06-22 15:37:18  DEBUG     [classification.py:45]  face_20260618_141525_609.jpg ↔ face_20260618_141517_814.jpg → similarity: 0.9999
2026-06-22 15:37:18  INFO      [classification.py:112]    ⏭ Matched face_20260618_141517_814.jpg → person_1 (limit reached, skipped copy)
2026-06-22 15:37:19  DEBUG     [classification.py:45]  face_20260618_141525_609.jpg ↔ face_20260618_141526_808.jpg → similarity: 1.0000
2026-06-22 15:37:19  INFO      [classification.py:112]    ⏭ Matched face_20260618_141526_808.jpg → person_1 (limit reached, skipped copy)
2026-06-22 15:37:19  DEBUG     [classification.py:45]  face_20260618_141525_609.jpg ↔ face_20260618_141522_412.jpg → similarity: 0.9999
2026-06-22 15:37:19  INFO      [classification.py:112]    ⏭ Matched face_20260618_141522_412.jpg → person_1 (limit reached, skipped copy)
2026-06-22 15:37:19  DEBUG     [classification.py:45]  face_20260618_141525_609.jpg ↔ face_20260618_141520_312.jpg → similarity: 0.9999
2026-06-22 15:37:19  INFO      [classification.py:112]    ⏭ Matched face_20260618_141520_312.jpg → person_1 (limit reached, skipped copy)
2026-06-22 15:37:19  DEBUG     [classification.py:45]  face_20260618_141525_609.jpg ↔ face_20260618_141712_129.jpg → similarity: 0.9998
2026-06-22 15:37:19  INFO      [classification.py:112]    ⏭ Matched face_20260618_141712_129.jpg → person_1 (limit reached, skipped copy)
2026-06-22 15:37:19  DEBUG     [classification.py:45]  face_20260618_141525_609.jpg ↔ face_20260618_141545_792.jpg → similarity: 0.9998
2026-06-22 15:37:19  INFO      [classification.py:112]    ⏭ Matched face_20260618_141545_792.jpg → person_1 (limit reached, skipped copy)
2026-06-22 15:37:19  DEBUG     [classification.py:45]  face_20260618_141525_609.jpg ↔ face_20260618_141527_115.jpg → similarity: 0.9999
2026-06-22 15:37:19  INFO      [classification.py:112]    ⏭ Matched face_20260618_141527_115.jpg → person_1 (limit reached, skipped copy)
2026-06-22 15:37:20  DEBUG     [classification.py:45]  face_20260618_141525_609.jpg ↔ face_20260618_141658_647.jpg → similarity: 0.9998
2026-06-22 15:37:20  INFO      [classification.py:112]    ⏭ Matched face_20260618_141658_647.jpg → person_1 (limit reached, skipped copy)
2026-06-22 15:37:20  DEBUG     [classification.py:45]  face_20260618_141525_609.jpg ↔ face_20260618_141657_138.jpg → similarity: 0.9998
2026-06-22 15:37:20  INFO      [classification.py:112]    ⏭ Matched face_20260618_141657_138.jpg → person_1 (limit reached, skipped copy)
2026-06-22 15:37:20  DEBUG     [classification.py:45]  face_20260618_141525_609.jpg ↔ face_20260618_141527_214.jpg → similarity: 0.9999
2026-06-22 15:37:20  INFO      [classification.py:112]    ⏭ Matched face_20260618_141527_214.jpg → person_1 (limit reached, skipped copy)
2026-06-22 15:37:20  DEBUG     [classification.py:45]  face_20260618_141525_609.jpg ↔ face_20260618_141601_586.jpg → similarity: 0.9998
2026-06-22 15:37:20  INFO      [classification.py:112]    ⏭ Matched face_20260618_141601_586.jpg → person_1 (limit reached, skipped copy)
2026-06-22 15:37:20  DEBUG     [classification.py:45]  face_20260618_141525_609.jpg ↔ face_20260618_141530_510.jpg → similarity: 1.0000
2026-06-22 15:37:20  INFO      [classification.py:112]    ⏭ Matched face_20260618_141530_510.jpg → person_1 (limit reached, skipped copy)
2026-06-22 15:37:21  DEBUG     [classification.py:45]  face_20260618_141525_609.jpg ↔ face_20260618_141518_719.jpg → similarity: 0.9999
2026-06-22 15:37:21  INFO      [classification.py:112]    ⏭ Matched face_20260618_141518_719.jpg → person_1 (limit reached, skipped copy)
2026-06-22 15:37:21  DEBUG     [classification.py:45]  face_20260618_141525_609.jpg ↔ face_20260618_141546_299.jpg → similarity: 0.9993
2026-06-22 15:37:21  INFO      [classification.py:112]    ⏭ Matched face_20260618_141546_299.jpg → person_1 (limit reached, skipped copy)
2026-06-22 15:37:21  DEBUG     [classification.py:45]  face_20260618_141525_609.jpg ↔ face_20260618_141657_346.jpg → similarity: 0.9998
2026-06-22 15:37:21  INFO      [classification.py:112]    ⏭ Matched face_20260618_141657_346.jpg → person_1 (limit reached, skipped copy)
2026-06-22 15:37:21  DEBUG     [classification.py:45]  face_20260618_141525_609.jpg ↔ face_20260618_141520_612.jpg → similarity: 0.9999
2026-06-22 15:37:21  INFO      [classification.py:112]    ⏭ Matched face_20260618_141520_612.jpg → person_1 (limit reached, skipped copy)
2026-06-22 15:37:21  DEBUG     [classification.py:45]  face_20260618_141525_609.jpg ↔ face_20260618_141527_909.jpg → similarity: 0.9986
2026-06-22 15:37:21  INFO      [classification.py:112]    ⏭ Matched face_20260618_141527_909.jpg → person_1 (limit reached, skipped copy)
2026-06-22 15:37:21  DEBUG     [classification.py:45]  face_20260618_141525_609.jpg ↔ face_20260618_141545_892.jpg → similarity: 0.9998
2026-06-22 15:37:21  INFO      [classification.py:112]    ⏭ Matched face_20260618_141545_892.jpg → person_1 (limit reached, skipped copy)
2026-06-22 15:37:22  DEBUG     [classification.py:45]  face_20260618_141525_609.jpg ↔ face_20260618_141525_027.jpg → similarity: 0.9997
2026-06-22 15:37:22  INFO      [classification.py:112]    ⏭ Matched face_20260618_141525_027.jpg → person_1 (limit reached, skipped copy)
2026-06-22 15:37:22  DEBUG     [classification.py:45]  face_20260618_141525_609.jpg ↔ face_20260618_141528_312.jpg → similarity: 0.9990
2026-06-22 15:37:22  INFO      [classification.py:112]    ⏭ Matched face_20260618_141528_312.jpg → person_1 (limit reached, skipped copy)
2026-06-22 15:37:22  DEBUG     [classification.py:45]  face_20260618_141525_609.jpg ↔ face_20260618_141528_214.jpg → similarity: 0.9980
2026-06-22 15:37:22  INFO      [classification.py:112]    ⏭ Matched face_20260618_141528_214.jpg → person_1 (limit reached, skipped copy)
2026-06-22 15:37:22  DEBUG     [classification.py:45]  face_20260618_141525_609.jpg ↔ face_20260618_141602_387.jpg → similarity: 0.9999
2026-06-22 15:37:22  INFO      [classification.py:112]    ⏭ Matched face_20260618_141602_387.jpg → person_1 (limit reached, skipped copy)
2026-06-22 15:37:22  DEBUG     [classification.py:45]  face_20260618_141525_609.jpg ↔ face_20260618_141528_613.jpg → similarity: 0.9997
2026-06-22 15:37:22  INFO      [classification.py:112]    ⏭ Matched face_20260618_141528_613.jpg → person_1 (limit reached, skipped copy)
2026-06-22 15:37:22  DEBUG     [classification.py:45]  face_20260618_141525_609.jpg ↔ face_20260618_141520_920.jpg → similarity: 0.9998
2026-06-22 15:37:22  INFO      [classification.py:112]    ⏭ Matched face_20260618_141520_920.jpg → person_1 (limit reached, skipped copy)
2026-06-22 15:37:23  DEBUG     [classification.py:45]  face_20260618_141525_609.jpg ↔ face_20260618_141701_341.jpg → similarity: 0.9998
2026-06-22 15:37:23  INFO      [classification.py:112]    ⏭ Matched face_20260618_141701_341.jpg → person_1 (limit reached, skipped copy)
2026-06-22 15:37:23  DEBUG     [classification.py:45]  face_20260618_141525_609.jpg ↔ face_20260618_141701_241.jpg → similarity: 0.9999
2026-06-22 15:37:23  INFO      [classification.py:112]    ⏭ Matched face_20260618_141701_241.jpg → person_1 (limit reached, skipped copy)
2026-06-22 15:37:23  DEBUG     [classification.py:45]  face_20260618_141525_609.jpg ↔ face_20260618_141528_109.jpg → similarity: 0.9986
2026-06-22 15:37:23  INFO      [classification.py:112]    ⏭ Matched face_20260618_141528_109.jpg → person_1 (limit reached, skipped copy)
2026-06-22 15:37:23  DEBUG     [classification.py:45]  face_20260618_141525_609.jpg ↔ face_20260618_141708_743.jpg → similarity: 0.4441
2026-06-22 15:37:23  DEBUG     [classification.py:45]  face_20260618_141525_122.jpg ↔ face_20260618_141708_743.jpg → similarity: 0.4569
2026-06-22 15:37:24  DEBUG     [classification.py:45]  face_20260618_141527_511.jpg ↔ face_20260618_141708_743.jpg → similarity: 0.7233
2026-06-22 15:37:24  DEBUG     [classification.py:45]  face_20260622_153500_287.jpg ↔ face_20260618_141708_743.jpg → similarity: 0.7098
2026-06-22 15:37:24  DEBUG     [classification.py:45]  face_20260618_141658_344.jpg ↔ face_20260618_141708_743.jpg → similarity: 0.4055
2026-06-22 15:37:24  DEBUG     [classification.py:45]  face_20260618_141653_362.jpg ↔ face_20260618_141708_743.jpg → similarity: 0.7266
2026-06-22 15:37:24  DEBUG     [classification.py:45]  face_20260618_141656_937.jpg ↔ face_20260618_141708_743.jpg → similarity: 0.4147
2026-06-22 15:37:25  DEBUG     [classification.py:45]  face_20260618_141525_506.jpg ↔ face_20260618_141708_743.jpg → similarity: 0.3917
2026-06-22 15:37:25  DEBUG     [classification.py:45]  face_20260618_141658_743.jpg ↔ face_20260618_141708_743.jpg → similarity: 0.4804
2026-06-22 15:37:25  DEBUG     [classification.py:45]  face_20260618_141602_286.jpg ↔ face_20260618_141708_743.jpg → similarity: 0.5522
2026-06-22 15:37:25  DEBUG     [classification.py:45]  face_20260618_141528_408.jpg ↔ face_20260618_141708_743.jpg → similarity: 0.7171
2026-06-22 15:37:25  DEBUG     [classification.py:45]  face_20260618_141657_942.jpg ↔ face_20260618_141708_743.jpg → similarity: 0.5057
2026-06-22 15:37:25  DEBUG     [classification.py:45]  face_20260618_141520_820.jpg ↔ face_20260618_141708_743.jpg → similarity: 0.4413
2026-06-22 15:37:26  DEBUG     [classification.py:45]  face_20260618_141521_719.jpg ↔ face_20260618_141708_743.jpg → similarity: 0.2970
2026-06-22 15:37:26  DEBUG     [classification.py:45]  face_20260618_141654_940.jpg ↔ face_20260618_141708_743.jpg → similarity: 0.6480
2026-06-22 15:37:26  DEBUG     [classification.py:45]  face_20260618_141658_245.jpg ↔ face_20260618_141708_743.jpg → similarity: 0.4512
2026-06-22 15:37:26  DEBUG     [classification.py:45]  face_20260618_141704_156.jpg ↔ face_20260618_141708_743.jpg → similarity: 0.7926
2026-06-22 15:37:26  DEBUG     [classification.py:45]  face_20260618_141545_096.jpg ↔ face_20260618_141708_743.jpg → similarity: 0.4228
2026-06-22 15:37:27  DEBUG     [classification.py:45]  face_20260618_141658_143.jpg ↔ face_20260618_141708_743.jpg → similarity: 0.4006
2026-06-22 15:37:27  DEBUG     [classification.py:45]  face_20260618_141705_131.jpg ↔ face_20260618_141708_743.jpg → similarity: 0.5027
2026-06-22 15:37:27  DEBUG     [classification.py:45]  face_20260618_141602_085.jpg ↔ face_20260618_141708_743.jpg → similarity: 0.5422
2026-06-22 15:37:27  DEBUG     [classification.py:45]  face_20260618_141704_342.jpg ↔ face_20260618_141708_743.jpg → similarity: 0.5285
2026-06-22 15:37:27  DEBUG     [classification.py:45]  face_20260618_141520_412.jpg ↔ face_20260618_141708_743.jpg → similarity: 0.5069
2026-06-22 15:37:27  DEBUG     [classification.py:45]  face_20260618_141518_612.jpg ↔ face_20260618_141708_743.jpg → similarity: 0.6146
2026-06-22 15:37:28  DEBUG     [classification.py:45]  face_20260618_141711_527.jpg ↔ face_20260618_141708_743.jpg → similarity: 0.5696
2026-06-22 15:37:28  DEBUG     [classification.py:45]  face_20260618_141530_615.jpg ↔ face_20260618_141708_743.jpg → similarity: 0.6858
2026-06-22 15:37:28  DEBUG     [classification.py:45]  face_20260618_141601_497.jpg ↔ face_20260618_141708_743.jpg → similarity: 0.6950
2026-06-22 15:37:28  DEBUG     [classification.py:45]  face_20260618_141522_316.jpg ↔ face_20260618_141708_743.jpg → similarity: 0.3481
2026-06-22 15:37:28  DEBUG     [classification.py:45]  face_20260618_141530_805.jpg ↔ face_20260618_141708_743.jpg → similarity: 0.8347
2026-06-22 15:37:29  DEBUG     [classification.py:45]  face_20260622_153500_026.jpg ↔ face_20260618_141708_743.jpg → similarity: 0.8795
2026-06-22 15:37:29  DEBUG     [classification.py:45]  face_20260618_141712_239.jpg ↔ face_20260618_141708_743.jpg → similarity: 0.7508
2026-06-22 15:37:29  DEBUG     [classification.py:45]  face_20260618_141545_389.jpg ↔ face_20260618_141708_743.jpg → similarity: 0.4304
2026-06-22 15:37:29  DEBUG     [classification.py:45]  face_20260618_141545_292.jpg ↔ face_20260618_141708_743.jpg → similarity: 0.4233
2026-06-22 15:37:29  DEBUG     [classification.py:45]  face_20260618_141518_818.jpg ↔ face_20260618_141708_743.jpg → similarity: 0.5735
2026-06-22 15:37:29  DEBUG     [classification.py:45]  face_20260618_141522_713.jpg ↔ face_20260618_141708_743.jpg → similarity: 0.7286
2026-06-22 15:37:30  DEBUG     [classification.py:45]  face_20260618_141545_995.jpg ↔ face_20260618_141708_743.jpg → similarity: 0.3847
2026-06-22 15:37:30  DEBUG     [classification.py:45]  face_20260618_141545_190.jpg ↔ face_20260618_141708_743.jpg → similarity: 0.4137
2026-06-22 15:37:30  DEBUG     [classification.py:45]  face_20260618_141517_814.jpg ↔ face_20260618_141708_743.jpg → similarity: 0.6164
2026-06-22 15:37:30  DEBUG     [classification.py:45]  face_20260618_141526_808.jpg ↔ face_20260618_141708_743.jpg → similarity: 0.4253
2026-06-22 15:37:30  DEBUG     [classification.py:45]  face_20260618_141522_412.jpg ↔ face_20260618_141708_743.jpg → similarity: 0.3773
2026-06-22 15:37:31  DEBUG     [classification.py:45]  face_20260618_141520_312.jpg ↔ face_20260618_141708_743.jpg → similarity: 0.5648
2026-06-22 15:37:31  DEBUG     [classification.py:45]  face_20260618_141712_129.jpg ↔ face_20260618_141708_743.jpg → similarity: 0.7600
2026-06-22 15:37:31  DEBUG     [classification.py:45]  face_20260618_141545_792.jpg ↔ face_20260618_141708_743.jpg → similarity: 0.4437
2026-06-22 15:37:31  DEBUG     [classification.py:45]  face_20260618_141527_115.jpg ↔ face_20260618_141708_743.jpg → similarity: 0.4668
2026-06-22 15:37:31  DEBUG     [classification.py:45]  face_20260618_141658_647.jpg ↔ face_20260618_141708_743.jpg → similarity: 0.4503
2026-06-22 15:37:31  DEBUG     [classification.py:45]  face_20260618_141657_138.jpg ↔ face_20260618_141708_743.jpg → similarity: 0.3721
2026-06-22 15:37:32  DEBUG     [classification.py:45]  face_20260618_141527_214.jpg ↔ face_20260618_141708_743.jpg → similarity: 0.5696
2026-06-22 15:37:32  DEBUG     [classification.py:45]  face_20260618_141601_586.jpg ↔ face_20260618_141708_743.jpg → similarity: 0.6925
2026-06-22 15:37:32  DEBUG     [classification.py:45]  face_20260618_141530_510.jpg ↔ face_20260618_141708_743.jpg → similarity: 0.4826
2026-06-22 15:37:32  DEBUG     [classification.py:45]  face_20260618_141518_719.jpg ↔ face_20260618_141708_743.jpg → similarity: 0.6466
2026-06-22 15:37:32  DEBUG     [classification.py:45]  face_20260618_141546_299.jpg ↔ face_20260618_141708_743.jpg → similarity: 0.5899
2026-06-22 15:37:33  DEBUG     [classification.py:45]  face_20260618_141657_346.jpg ↔ face_20260618_141708_743.jpg → similarity: 0.4079
2026-06-22 15:37:33  DEBUG     [classification.py:45]  face_20260618_141520_612.jpg ↔ face_20260618_141708_743.jpg → similarity: 0.3991
2026-06-22 15:37:33  DEBUG     [classification.py:45]  face_20260618_141527_909.jpg ↔ face_20260618_141708_743.jpg → similarity: 0.7024
2026-06-22 15:37:33  DEBUG     [classification.py:45]  face_20260618_141545_892.jpg ↔ face_20260618_141708_743.jpg → similarity: 0.4536
2026-06-22 15:37:33  DEBUG     [classification.py:45]  face_20260618_141525_027.jpg ↔ face_20260618_141708_743.jpg → similarity: 0.5212
2026-06-22 15:37:33  DEBUG     [classification.py:45]  face_20260618_141528_312.jpg ↔ face_20260618_141708_743.jpg → similarity: 0.6464
2026-06-22 15:37:34  DEBUG     [classification.py:45]  face_20260618_141528_214.jpg ↔ face_20260618_141708_743.jpg → similarity: 0.7461
2026-06-22 15:37:34  DEBUG     [classification.py:45]  face_20260618_141602_387.jpg ↔ face_20260618_141708_743.jpg → similarity: 0.5593
2026-06-22 15:37:34  DEBUG     [classification.py:45]  face_20260618_141528_613.jpg ↔ face_20260618_141708_743.jpg → similarity: 0.7137
2026-06-22 15:37:34  DEBUG     [classification.py:45]  face_20260618_141520_920.jpg ↔ face_20260618_141708_743.jpg → similarity: 0.3831
2026-06-22 15:37:34  DEBUG     [classification.py:45]  face_20260618_141701_341.jpg ↔ face_20260618_141708_743.jpg → similarity: 0.4634
2026-06-22 15:37:35  DEBUG     [classification.py:45]  face_20260618_141701_241.jpg ↔ face_20260618_141708_743.jpg → similarity: 0.5047
2026-06-22 15:37:35  DEBUG     [classification.py:45]  face_20260618_141528_109.jpg ↔ face_20260618_141708_743.jpg → similarity: 0.6741
2026-06-22 15:37:35  DEBUG     [classification.py:45]  face_20260618_141525_609.jpg ↔ face_20260618_141710_838.jpg → similarity: 0.9917
2026-06-22 15:37:35  INFO      [classification.py:112]    ⏭ Matched face_20260618_141710_838.jpg → person_1 (limit reached, skipped copy)
2026-06-22 15:37:35  DEBUG     [classification.py:45]  face_20260618_141525_609.jpg ↔ face_20260618_141530_104.jpg → similarity: 0.9999
2026-06-22 15:37:35  INFO      [classification.py:112]    ⏭ Matched face_20260618_141530_104.jpg → person_1 (limit reached, skipped copy)
2026-06-22 15:37:35  DEBUG     [classification.py:45]  face_20260618_141525_609.jpg ↔ face_20260618_141529_502.jpg → similarity: 0.9995
2026-06-22 15:37:35  INFO      [classification.py:112]    ⏭ Matched face_20260618_141529_502.jpg → person_1 (limit reached, skipped copy)
2026-06-22 15:37:35  DEBUG     [classification.py:45]  face_20260618_141525_609.jpg ↔ face_20260618_141519_520.jpg → similarity: 1.0000
2026-06-22 15:37:35  INFO      [classification.py:112]    ⏭ Matched face_20260618_141519_520.jpg → person_1 (limit reached, skipped copy)
2026-06-22 15:37:36  DEBUG     [classification.py:45]  face_20260618_141525_609.jpg ↔ face_20260618_141701_139.jpg → similarity: 0.9998
2026-06-22 15:37:36  INFO      [classification.py:112]    ⏭ Matched face_20260618_141701_139.jpg → person_1 (limit reached, skipped copy)
2026-06-22 15:37:36  DEBUG     [classification.py:45]  face_20260618_141525_609.jpg ↔ face_20260618_141704_747.jpg → similarity: 0.9993
2026-06-22 15:37:36  INFO      [classification.py:112]    ⏭ Matched face_20260618_141704_747.jpg → person_1 (limit reached, skipped copy)
2026-06-22 15:37:36  DEBUG     [classification.py:45]  face_20260618_141525_609.jpg ↔ face_20260618_141530_704.jpg → similarity: 0.9998
2026-06-22 15:37:36  INFO      [classification.py:112]    ⏭ Matched face_20260618_141530_704.jpg → person_1 (limit reached, skipped copy)
2026-06-22 15:37:36  DEBUG     [classification.py:45]  face_20260618_141525_609.jpg ↔ face_20260618_141704_835.jpg → similarity: 0.9997
2026-06-22 15:37:36  INFO      [classification.py:112]    ⏭ Matched face_20260618_141704_835.jpg → person_1 (limit reached, skipped copy)
2026-06-22 15:37:36  DEBUG     [classification.py:45]  face_20260618_141525_609.jpg ↔ face_20260618_141602_587.jpg → similarity: 0.9999
2026-06-22 15:37:36  INFO      [classification.py:112]    ⏭ Matched face_20260618_141602_587.jpg → person_1 (limit reached, skipped copy)
2026-06-22 15:37:36  DEBUG     [classification.py:45]  face_20260618_141525_609.jpg ↔ face_20260618_141656_739.jpg → similarity: 0.9998
2026-06-22 15:37:36  INFO      [classification.py:112]    ⏭ Matched face_20260618_141656_739.jpg → person_1 (limit reached, skipped copy)
2026-06-22 15:37:37  DEBUG     [classification.py:45]  face_20260618_141525_609.jpg ↔ face_20260618_141653_944.jpg → similarity: 0.9990
2026-06-22 15:37:37  INFO      [classification.py:112]    ⏭ Matched face_20260618_141653_944.jpg → person_1 (limit reached, skipped copy)
2026-06-22 15:37:37  DEBUG     [classification.py:45]  face_20260618_141525_609.jpg ↔ face_20260618_141521_918.jpg → similarity: 0.9997
2026-06-22 15:37:37  INFO      [classification.py:112]    ⏭ Matched face_20260618_141521_918.jpg → person_1 (limit reached, skipped copy)
2026-06-22 15:37:37  DEBUG     [classification.py:45]  face_20260618_141525_609.jpg ↔ face_20260618_141529_310.jpg → similarity: 0.9989
2026-06-22 15:37:37  INFO      [classification.py:112]    ⏭ Matched face_20260618_141529_310.jpg → person_1 (limit reached, skipped copy)
2026-06-22 15:37:37  DEBUG     [classification.py:45]  face_20260618_141525_609.jpg ↔ face_20260618_141519_419.jpg → similarity: 1.0000
2026-06-22 15:37:37  INFO      [classification.py:112]    ⏭ Matched face_20260618_141519_419.jpg → person_1 (limit reached, skipped copy)
2026-06-22 15:37:37  DEBUG     [classification.py:45]  face_20260618_141525_609.jpg ↔ face_20260618_141655_143.jpg → similarity: 0.9987
2026-06-22 15:37:37  INFO      [classification.py:112]    ⏭ Matched face_20260618_141655_143.jpg → person_1 (limit reached, skipped copy)
2026-06-22 15:37:38  DEBUG     [classification.py:45]  face_20260618_141525_609.jpg ↔ face_20260622_153500_181.jpg → similarity: 0.9893
2026-06-22 15:37:38  INFO      [classification.py:112]    ⏭ Matched face_20260622_153500_181.jpg → person_1 (limit reached, skipped copy)
2026-06-22 15:37:38  DEBUG     [classification.py:45]  face_20260618_141525_609.jpg ↔ face_20260618_141712_333.jpg → similarity: 0.9998
2026-06-22 15:37:38  INFO      [classification.py:112]    ⏭ Matched face_20260618_141712_333.jpg → person_1 (limit reached, skipped copy)
2026-06-22 15:37:38  DEBUG     [classification.py:45]  face_20260618_141525_609.jpg ↔ face_20260618_141522_619.jpg → similarity: 0.9998
2026-06-22 15:37:38  INFO      [classification.py:112]    ⏭ Matched face_20260618_141522_619.jpg → person_1 (limit reached, skipped copy)
2026-06-22 15:37:38  DEBUG     [classification.py:45]  face_20260618_141525_609.jpg ↔ face_20260618_141522_017.jpg → similarity: 0.9997
2026-06-22 15:37:38  INFO      [classification.py:112]    ⏭ Matched face_20260618_141522_017.jpg → person_1 (limit reached, skipped copy)
2026-06-22 15:37:38  DEBUG     [classification.py:45]  face_20260618_141525_609.jpg ↔ face_20260618_141528_714.jpg → similarity: 0.9995
2026-06-22 15:37:38  INFO      [classification.py:112]    ⏭ Matched face_20260618_141528_714.jpg → person_1 (limit reached, skipped copy)
2026-06-22 15:37:38  DEBUG     [classification.py:45]  face_20260618_141525_609.jpg ↔ face_20260618_141546_198.jpg → similarity: 0.9996
2026-06-22 15:37:38  INFO      [classification.py:112]    ⏭ Matched face_20260618_141546_198.jpg → person_1 (limit reached, skipped copy)
2026-06-22 15:37:39  DEBUG     [classification.py:45]  face_20260618_141525_609.jpg ↔ face_20260618_141659_438.jpg → similarity: 0.9999
2026-06-22 15:37:39  INFO      [classification.py:112]    ⏭ Matched face_20260618_141659_438.jpg → person_1 (limit reached, skipped copy)
2026-06-22 15:37:39  DEBUG     [classification.py:45]  face_20260618_141525_609.jpg ↔ face_20260618_141529_904.jpg → similarity: 0.9999
2026-06-22 15:37:39  INFO      [classification.py:112]    ⏭ Matched face_20260618_141529_904.jpg → person_1 (limit reached, skipped copy)
2026-06-22 15:37:39  DEBUG     [classification.py:45]  face_20260618_141525_609.jpg ↔ face_20260618_141601_985.jpg → similarity: 0.9999
2026-06-22 15:37:39  INFO      [classification.py:112]    ⏭ Matched face_20260618_141601_985.jpg → person_1 (limit reached, skipped copy)
2026-06-22 15:37:39  DEBUG     [classification.py:45]  face_20260618_141525_609.jpg ↔ face_20260618_141525_220.jpg → similarity: 1.0000
2026-06-22 15:37:39  INFO      [classification.py:112]    ⏭ Matched face_20260618_141525_220.jpg → person_1 (limit reached, skipped copy)
2026-06-22 15:37:39  DEBUG     [classification.py:45]  face_20260618_141525_609.jpg ↔ face_20260618_141529_105.jpg → similarity: 0.9984
2026-06-22 15:37:39  INFO      [classification.py:112]    ⏭ Matched face_20260618_141529_105.jpg → person_1 (limit reached, skipped copy)
2026-06-22 15:37:39  DEBUG     [classification.py:45]  face_20260618_141525_609.jpg ↔ face_20260618_141521_310.jpg → similarity: 0.9998
2026-06-22 15:37:39  INFO      [classification.py:112]    ⏭ Matched face_20260618_141521_310.jpg → person_1 (limit reached, skipped copy)
2026-06-22 15:37:40  DEBUG     [classification.py:45]  face_20260618_141525_609.jpg ↔ face_20260618_141704_938.jpg → similarity: 0.9997
2026-06-22 15:37:40  INFO      [classification.py:112]    ⏭ Matched face_20260618_141704_938.jpg → person_1 (limit reached, skipped copy)
2026-06-22 15:37:40  DEBUG     [classification.py:45]  face_20260618_141525_609.jpg ↔ face_20260618_141520_715.jpg → similarity: 0.9996
2026-06-22 15:37:40  INFO      [classification.py:112]    ⏭ Matched face_20260618_141520_715.jpg → person_1 (limit reached, skipped copy)
2026-06-22 15:37:40  DEBUG     [classification.py:45]  face_20260618_141525_609.jpg ↔ face_20260618_141658_844.jpg → similarity: 0.9999
2026-06-22 15:37:40  INFO      [classification.py:112]    ⏭ Matched face_20260618_141658_844.jpg → person_1 (limit reached, skipped copy)
2026-06-22 15:37:40  DEBUG     [classification.py:45]  face_20260618_141525_609.jpg ↔ face_20260618_141525_409.jpg → similarity: 1.0000
2026-06-22 15:37:40  INFO      [classification.py:112]    ⏭ Matched face_20260618_141525_409.jpg → person_1 (limit reached, skipped copy)
2026-06-22 15:37:40  DEBUG     [classification.py:45]  face_20260618_141525_609.jpg ↔ face_20260618_141530_905.jpg → similarity: 0.9829
2026-06-22 15:37:40  INFO      [classification.py:112]    ⏭ Matched face_20260618_141530_905.jpg → person_1 (limit reached, skipped copy)
2026-06-22 15:37:41  DEBUG     [classification.py:45]  face_20260618_141525_609.jpg ↔ face_20260618_141529_416.jpg → similarity: 0.9992
2026-06-22 15:37:41  INFO      [classification.py:112]    ⏭ Matched face_20260618_141529_416.jpg → person_1 (limit reached, skipped copy)
2026-06-22 15:37:41  DEBUG     [classification.py:45]  face_20260618_141525_609.jpg ↔ face_20260618_141529_203.jpg → similarity: 0.9983
2026-06-22 15:37:41  INFO      [classification.py:112]    ⏭ Matched face_20260618_141529_203.jpg → person_1 (limit reached, skipped copy)
2026-06-22 15:37:41  DEBUG     [classification.py:45]  face_20260618_141525_609.jpg ↔ face_20260618_141525_714.jpg → similarity: 1.0000
2026-06-22 15:37:41  INFO      [classification.py:112]    ⏭ Matched face_20260618_141525_714.jpg → person_1 (limit reached, skipped copy)
2026-06-22 15:37:41  DEBUG     [classification.py:45]  face_20260618_141525_609.jpg ↔ face_20260618_141526_107.jpg → similarity: 1.0000
2026-06-22 15:37:41  INFO      [classification.py:112]    ⏭ Matched face_20260618_141526_107.jpg → person_1 (limit reached, skipped copy)
2026-06-22 15:37:41  DEBUG     [classification.py:45]  face_20260618_141525_609.jpg ↔ face_20260618_141527_710.jpg → similarity: 0.9977
2026-06-22 15:37:41  INFO      [classification.py:112]    ⏭ Matched face_20260618_141527_710.jpg → person_1 (limit reached, skipped copy)
2026-06-22 15:37:41  DEBUG     [classification.py:45]  face_20260618_141525_609.jpg ↔ face_20260618_141712_029.jpg → similarity: 0.9997
2026-06-22 15:37:41  INFO      [classification.py:112]    ⏭ Matched face_20260618_141712_029.jpg → person_1 (limit reached, skipped copy)
2026-06-22 15:37:42  DEBUG     [classification.py:45]  face_20260618_141525_609.jpg ↔ face_20260618_141546_100.jpg → similarity: 0.9998
2026-06-22 15:37:42  INFO      [classification.py:112]    ⏭ Matched face_20260618_141546_100.jpg → person_1 (limit reached, skipped copy)
2026-06-22 15:37:42  DEBUG     [classification.py:45]  face_20260618_141525_609.jpg ↔ face_20260618_141656_838.jpg → similarity: 0.9998
2026-06-22 15:37:42  INFO      [classification.py:112]    ⏭ Matched face_20260618_141656_838.jpg → person_1 (limit reached, skipped copy)
2026-06-22 15:37:42  DEBUG     [classification.py:45]  face_20260618_141525_609.jpg ↔ face_20260618_141525_914.jpg → similarity: 1.0000
2026-06-22 15:37:42  INFO      [classification.py:112]    ⏭ Matched face_20260618_141525_914.jpg → person_1 (limit reached, skipped copy)
2026-06-22 15:37:42  DEBUG     [classification.py:45]  face_20260618_141525_609.jpg ↔ face_20260618_141659_245.jpg → similarity: 0.9999
2026-06-22 15:37:42  INFO      [classification.py:112]    ⏭ Matched face_20260618_141659_245.jpg → person_1 (limit reached, skipped copy)
2026-06-22 15:37:42  DEBUG     [classification.py:45]  face_20260618_141525_609.jpg ↔ face_20260618_141529_804.jpg → similarity: 0.9999
2026-06-22 15:37:42  INFO      [classification.py:112]    ⏭ Matched face_20260618_141529_804.jpg → person_1 (limit reached, skipped copy)
2026-06-22 15:37:42  DEBUG     [classification.py:45]  face_20260618_141525_609.jpg ↔ face_20260618_141659_147.jpg → similarity: 0.9999
2026-06-22 15:37:42  INFO      [classification.py:112]    ⏭ Matched face_20260618_141659_147.jpg → person_1 (limit reached, skipped copy)
2026-06-22 15:37:43  DEBUG     [classification.py:45]  face_20260618_141525_609.jpg ↔ face_20260618_141545_501.jpg → similarity: 0.9998
2026-06-22 15:37:43  INFO      [classification.py:112]    ⏭ Matched face_20260618_141545_501.jpg → person_1 (limit reached, skipped copy)
2026-06-22 15:37:43  DEBUG     [classification.py:45]  face_20260618_141525_609.jpg ↔ face_20260618_141656_539.jpg → similarity: 0.9997
2026-06-22 15:37:43  INFO      [classification.py:112]    ⏭ Matched face_20260618_141656_539.jpg → person_1 (limit reached, skipped copy)
2026-06-22 15:37:43  DEBUG     [classification.py:45]  face_20260618_141525_609.jpg ↔ face_20260618_141530_409.jpg → similarity: 1.0000
2026-06-22 15:37:43  INFO      [classification.py:112]    ⏭ Matched face_20260618_141530_409.jpg → person_1 (limit reached, skipped copy)
2026-06-22 15:37:43  DEBUG     [classification.py:45]  face_20260618_141525_609.jpg ↔ face_20260618_141602_479.jpg → similarity: 0.9999
2026-06-22 15:37:43  INFO      [classification.py:112]    ⏭ Matched face_20260618_141602_479.jpg → person_1 (limit reached, skipped copy)
2026-06-22 15:37:43  DEBUG     [classification.py:45]  face_20260618_141525_609.jpg ↔ face_20260618_141521_817.jpg → similarity: 0.9998
2026-06-22 15:37:43  INFO      [classification.py:112]    ⏭ Matched face_20260618_141521_817.jpg → person_1 (limit reached, skipped copy)
2026-06-22 15:37:44  DEBUG     [classification.py:45]  face_20260618_141525_609.jpg ↔ face_20260618_141601_692.jpg → similarity: 0.9998
2026-06-22 15:37:44  INFO      [classification.py:112]    ⏭ Matched face_20260618_141601_692.jpg → person_1 (limit reached, skipped copy)
2026-06-22 15:37:44  DEBUG     [classification.py:45]  face_20260618_141525_609.jpg ↔ face_20260618_141545_692.jpg → similarity: 0.9998
2026-06-22 15:37:44  INFO      [classification.py:112]    ⏭ Matched face_20260618_141545_692.jpg → person_1 (limit reached, skipped copy)
2026-06-22 15:37:44  DEBUG     [classification.py:45]  face_20260618_141525_609.jpg ↔ face_20260618_141520_512.jpg → similarity: 1.0000
2026-06-22 15:37:44  INFO      [classification.py:112]    ⏭ Matched face_20260618_141520_512.jpg → person_1 (limit reached, skipped copy)
2026-06-22 15:37:44  DEBUG     [classification.py:45]  face_20260618_141525_609.jpg ↔ face_20260618_141530_203.jpg → similarity: 0.9999
2026-06-22 15:37:44  INFO      [classification.py:112]    ⏭ Matched face_20260618_141530_203.jpg → person_1 (limit reached, skipped copy)
2026-06-22 15:37:44  DEBUG     [classification.py:45]  face_20260618_141525_609.jpg ↔ face_20260618_141711_629.jpg → similarity: 0.9998
2026-06-22 15:37:44  INFO      [classification.py:112]    ⏭ Matched face_20260618_141711_629.jpg → person_1 (limit reached, skipped copy)
2026-06-22 15:37:44  DEBUG     [classification.py:45]  face_20260618_141525_609.jpg ↔ face_20260618_141526_708.jpg → similarity: 1.0000
2026-06-22 15:37:44  INFO      [classification.py:112]    ⏭ Matched face_20260618_141526_708.jpg → person_1 (limit reached, skipped copy)
2026-06-22 15:37:45  DEBUG     [classification.py:45]  face_20260618_141525_609.jpg ↔ face_20260618_141654_637.jpg → similarity: 0.9958
2026-06-22 15:37:45  INFO      [classification.py:112]    ⏭ Matched face_20260618_141654_637.jpg → person_1 (limit reached, skipped copy)
2026-06-22 15:37:45  DEBUG     [classification.py:45]  face_20260618_141525_609.jpg ↔ face_20260618_141657_639.jpg → similarity: 0.9997
2026-06-22 15:37:45  INFO      [classification.py:112]    ⏭ Matched face_20260618_141657_639.jpg → person_1 (limit reached, skipped copy)
2026-06-22 15:37:45  DEBUG     [classification.py:45]  face_20260618_141525_609.jpg ↔ face_20260618_141711_332.jpg → similarity: 0.9995
2026-06-22 15:37:45  INFO      [classification.py:112]    ⏭ Matched face_20260618_141711_332.jpg → person_1 (limit reached, skipped copy)
2026-06-22 15:37:45  DEBUG     [classification.py:45]  face_20260618_141525_609.jpg ↔ face_20260618_141704_543.jpg → similarity: 0.9996
2026-06-22 15:37:45  INFO      [classification.py:112]    ⏭ Matched face_20260618_141704_543.jpg → person_1 (limit reached, skipped copy)
2026-06-22 15:37:45  DEBUG     [classification.py:45]  face_20260618_141525_609.jpg ↔ face_20260618_141657_242.jpg → similarity: 0.9997
2026-06-22 15:37:45  INFO      [classification.py:112]    ⏭ Matched face_20260618_141657_242.jpg → person_1 (limit reached, skipped copy)
2026-06-22 15:37:45  DEBUG     [classification.py:45]  face_20260618_141525_609.jpg ↔ face_20260618_141658_946.jpg → similarity: 0.9998
2026-06-22 15:37:45  INFO      [classification.py:112]    ⏭ Matched face_20260618_141658_946.jpg → person_1 (limit reached, skipped copy)
2026-06-22 15:37:46  DEBUG     [classification.py:45]  face_20260618_141525_609.jpg ↔ face_20260618_141705_037.jpg → similarity: 0.9997
2026-06-22 15:37:46  INFO      [classification.py:112]    ⏭ Matched face_20260618_141705_037.jpg → person_1 (limit reached, skipped copy)
2026-06-22 15:37:46  DEBUG     [classification.py:45]  face_20260618_141525_609.jpg ↔ face_20260618_141704_642.jpg → similarity: 0.9993
2026-06-22 15:37:46  INFO      [classification.py:112]    ⏭ Matched face_20260618_141704_642.jpg → person_1 (limit reached, skipped copy)
2026-06-22 15:37:46  DEBUG     [classification.py:45]  face_20260618_141525_609.jpg ↔ face_20260618_141526_609.jpg → similarity: 1.0000
2026-06-22 15:37:46  INFO      [classification.py:112]    ⏭ Matched face_20260618_141526_609.jpg → person_1 (limit reached, skipped copy)
2026-06-22 15:37:46  DEBUG     [classification.py:45]  face_20260618_141525_609.jpg ↔ face_20260618_141656_641.jpg → similarity: 0.9997
2026-06-22 15:37:46  INFO      [classification.py:112]    ⏭ Matched face_20260618_141656_641.jpg → person_1 (limit reached, skipped copy)
2026-06-22 15:37:46  DEBUG     [classification.py:45]  face_20260618_141525_609.jpg ↔ face_20260618_141711_028.jpg → similarity: 0.9954
2026-06-22 15:37:46  INFO      [classification.py:112]    ⏭ Matched face_20260618_141711_028.jpg → person_1 (limit reached, skipped copy)
2026-06-22 15:37:47  DEBUG     [classification.py:45]  face_20260618_141525_609.jpg ↔ face_20260618_141520_211.jpg → similarity: 0.9999
2026-06-22 15:37:47  INFO      [classification.py:112]    ⏭ Matched face_20260618_141520_211.jpg → person_1 (limit reached, skipped copy)
2026-06-22 15:37:47  DEBUG     [classification.py:45]  face_20260618_141525_609.jpg ↔ face_20260618_141658_537.jpg → similarity: 0.9998
2026-06-22 15:37:47  INFO      [classification.py:112]    ⏭ Matched face_20260618_141658_537.jpg → person_1 (limit reached, skipped copy)
2026-06-22 15:37:47  DEBUG     [classification.py:45]  face_20260618_141525_609.jpg ↔ face_20260618_141519_019.jpg → similarity: 1.0000
2026-06-22 15:37:47  INFO      [classification.py:112]    ⏭ Matched face_20260618_141519_019.jpg → person_1 (limit reached, skipped copy)
2026-06-22 15:37:47  DEBUG     [classification.py:45]  face_20260618_141525_609.jpg ↔ face_20260618_141545_005.jpg → similarity: 0.9997
2026-06-22 15:37:47  INFO      [classification.py:112]    ⏭ Matched face_20260618_141545_005.jpg → person_1 (limit reached, skipped copy)
2026-06-22 15:37:47  DEBUG     [classification.py:45]  face_20260618_141525_609.jpg ↔ face_20260618_141521_210.jpg → similarity: 0.9998
2026-06-22 15:37:47  INFO      [classification.py:112]    ⏭ Matched face_20260618_141521_210.jpg → person_1 (limit reached, skipped copy)
2026-06-22 15:37:47  DEBUG     [classification.py:45]  face_20260618_141525_609.jpg ↔ face_20260618_141518_211.jpg → similarity: 0.9999
2026-06-22 15:37:47  INFO      [classification.py:112]    ⏭ Matched face_20260618_141518_211.jpg → person_1 (limit reached, skipped copy)
2026-06-22 15:37:48  DEBUG     [classification.py:45]  face_20260618_141525_609.jpg ↔ face_20260618_141659_534.jpg → similarity: 0.9998
2026-06-22 15:37:48  INFO      [classification.py:112]    ⏭ Matched face_20260618_141659_534.jpg → person_1 (limit reached, skipped copy)
2026-06-22 15:37:48  DEBUG     [classification.py:45]  face_20260618_141525_609.jpg ↔ face_20260618_141521_011.jpg → similarity: 0.9998
2026-06-22 15:37:48  INFO      [classification.py:112]    ⏭ Matched face_20260618_141521_011.jpg → person_1 (limit reached, skipped copy)
2026-06-22 15:37:48  DEBUG     [classification.py:45]  face_20260618_141525_609.jpg ↔ face_20260618_141519_613.jpg → similarity: 0.9999
2026-06-22 15:37:48  INFO      [classification.py:112]    ⏭ Matched face_20260618_141519_613.jpg → person_1 (limit reached, skipped copy)
2026-06-22 15:37:48  DEBUG     [classification.py:45]  face_20260618_141525_609.jpg ↔ face_20260618_141659_038.jpg → similarity: 0.9998
2026-06-22 15:37:48  INFO      [classification.py:112]    ⏭ Matched face_20260618_141659_038.jpg → person_1 (limit reached, skipped copy)
2026-06-22 15:37:48  DEBUG     [classification.py:45]  face_20260618_141525_609.jpg ↔ face_20260618_141519_818.jpg → similarity: 1.0000
2026-06-22 15:37:48  INFO      [classification.py:112]    ⏭ Matched face_20260618_141519_818.jpg → person_1 (limit reached, skipped copy)
2026-06-22 15:37:49  DEBUG     [classification.py:45]  face_20260618_141525_609.jpg ↔ face_20260618_141521_412.jpg → similarity: 0.9997
2026-06-22 15:37:49  INFO      [classification.py:112]    ⏭ Matched face_20260618_141521_412.jpg → person_1 (limit reached, skipped copy)
2026-06-22 15:37:49  DEBUG     [classification.py:45]  face_20260618_141525_609.jpg ↔ face_20260618_141710_155.jpg → similarity: 0.9607
2026-06-22 15:37:49  INFO      [classification.py:112]    ⏭ Matched face_20260618_141710_155.jpg → person_1 (limit reached, skipped copy)
2026-06-22 15:37:49  DEBUG     [classification.py:45]  face_20260618_141525_609.jpg ↔ face_20260618_141527_810.jpg → similarity: 0.9972
2026-06-22 15:37:49  INFO      [classification.py:112]    ⏭ Matched face_20260618_141527_810.jpg → person_1 (limit reached, skipped copy)
2026-06-22 15:37:49  DEBUG     [classification.py:45]  face_20260618_141525_609.jpg ↔ face_20260618_141528_905.jpg → similarity: 0.9982
2026-06-22 15:37:49  INFO      [classification.py:112]    ⏭ Matched face_20260618_141528_905.jpg → person_1 (limit reached, skipped copy)
2026-06-22 15:37:49  DEBUG     [classification.py:45]  face_20260618_141525_609.jpg ↔ face_20260618_141522_819.jpg → similarity: 0.9992
2026-06-22 15:37:49  INFO      [classification.py:112]    ⏭ Matched face_20260618_141522_819.jpg → person_1 (limit reached, skipped copy)
2026-06-22 15:37:49  DEBUG     [classification.py:45]  face_20260618_141525_609.jpg ↔ face_20260618_141711_230.jpg → similarity: 0.9991
2026-06-22 15:37:49  INFO      [classification.py:112]    ⏭ Matched face_20260618_141711_230.jpg → person_1 (limit reached, skipped copy)
2026-06-22 15:37:50  DEBUG     [classification.py:45]  face_20260618_141525_609.jpg ↔ face_20260622_153500_124.jpg → similarity: 0.9314
2026-06-22 15:37:50  DEBUG     [classification.py:45]  face_20260618_141525_122.jpg ↔ face_20260622_153500_124.jpg → similarity: 0.9697
2026-06-22 15:37:50  INFO      [classification.py:112]    ⏭ Matched face_20260622_153500_124.jpg → person_1 (limit reached, skipped copy)
2026-06-22 15:37:50  DEBUG     [classification.py:45]  face_20260618_141525_609.jpg ↔ face_20260618_141517_914.jpg → similarity: 0.9999
2026-06-22 15:37:50  INFO      [classification.py:112]    ⏭ Matched face_20260618_141517_914.jpg → person_1 (limit reached, skipped copy)
2026-06-22 15:37:50  DEBUG     [classification.py:45]  face_20260618_141525_609.jpg ↔ face_20260618_141602_683.jpg → similarity: 0.9998
2026-06-22 15:37:50  INFO      [classification.py:112]    ⏭ Matched face_20260618_141602_683.jpg → person_1 (limit reached, skipped copy)
2026-06-22 15:37:50  DEBUG     [classification.py:45]  face_20260618_141525_609.jpg ↔ face_20260618_141711_826.jpg → similarity: 0.9998
2026-06-22 15:37:50  INFO      [classification.py:112]    ⏭ Matched face_20260618_141711_826.jpg → person_1 (limit reached, skipped copy)
2026-06-22 15:37:50  DEBUG     [classification.py:45]  face_20260618_141525_609.jpg ↔ face_20260618_141526_014.jpg → similarity: 1.0000
2026-06-22 15:37:50  INFO      [classification.py:112]    ⏭ Matched face_20260618_141526_014.jpg → person_1 (limit reached, skipped copy)
2026-06-22 15:37:51  DEBUG     [classification.py:45]  face_20260618_141525_609.jpg ↔ face_20260618_141704_441.jpg → similarity: 0.9995
2026-06-22 15:37:51  INFO      [classification.py:112]    ⏭ Matched face_20260618_141704_441.jpg → person_1 (limit reached, skipped copy)
2026-06-22 15:37:51  DEBUG     [classification.py:45]  face_20260618_141525_609.jpg ↔ face_20260618_141602_186.jpg → similarity: 0.9999
2026-06-22 15:37:51  INFO      [classification.py:112]    ⏭ Matched face_20260618_141602_186.jpg → person_1 (limit reached, skipped copy)
2026-06-22 15:37:51  DEBUG     [classification.py:45]  face_20260618_141525_609.jpg ↔ face_20260618_141655_042.jpg → similarity: 0.9990
2026-06-22 15:37:51  INFO      [classification.py:112]    ⏭ Matched face_20260618_141655_042.jpg → person_1 (limit reached, skipped copy)
2026-06-22 15:37:51  DEBUG     [classification.py:45]  face_20260618_141525_609.jpg ↔ face_20260618_141519_918.jpg → similarity: 0.9999
2026-06-22 15:37:51  INFO      [classification.py:112]    ⏭ Matched face_20260618_141519_918.jpg → person_1 (limit reached, skipped copy)
2026-06-22 15:37:51  DEBUG     [classification.py:45]  face_20260618_141525_609.jpg ↔ face_20260618_141657_038.jpg → similarity: 0.9998
2026-06-22 15:37:51  INFO      [classification.py:112]    ⏭ Matched face_20260618_141657_038.jpg → person_1 (limit reached, skipped copy)
2026-06-22 15:37:52  DEBUG     [classification.py:45]  face_20260618_141525_609.jpg ↔ face_20260618_141522_119.jpg → similarity: 0.9997
2026-06-22 15:37:52  INFO      [classification.py:112]    ⏭ Matched face_20260618_141522_119.jpg → person_1 (limit reached, skipped copy)
2026-06-22 15:37:52  DEBUG     [classification.py:45]  face_20260618_141525_609.jpg ↔ face_20260618_141529_603.jpg → similarity: 0.9999
2026-06-22 15:37:52  INFO      [classification.py:112]    ⏭ Matched face_20260618_141529_603.jpg → person_1 (limit reached, skipped copy)
2026-06-22 15:37:52  DEBUG     [classification.py:45]  face_20260618_141525_609.jpg ↔ face_20260618_141705_337.jpg → similarity: 0.9995
2026-06-22 15:37:52  INFO      [classification.py:112]    ⏭ Matched face_20260618_141705_337.jpg → person_1 (limit reached, skipped copy)
2026-06-22 15:37:52  DEBUG     [classification.py:45]  face_20260618_141525_609.jpg ↔ face_20260618_141544_905.jpg → similarity: 0.9996
2026-06-22 15:37:52  INFO      [classification.py:112]    ⏭ Matched face_20260618_141544_905.jpg → person_1 (limit reached, skipped copy)
2026-06-22 15:37:52  DEBUG     [classification.py:45]  face_20260618_141525_609.jpg ↔ face_20260618_141656_438.jpg → similarity: 0.9997
2026-06-22 15:37:52  INFO      [classification.py:112]    ⏭ Matched face_20260618_141656_438.jpg → person_1 (limit reached, skipped copy)
2026-06-22 15:37:52  DEBUG     [classification.py:45]  face_20260618_141525_609.jpg ↔ face_20260618_141659_635.jpg → similarity: 0.9997
2026-06-22 15:37:52  INFO      [classification.py:112]    ⏭ Matched face_20260618_141659_635.jpg → person_1 (limit reached, skipped copy)
2026-06-22 15:37:53  DEBUG     [classification.py:45]  face_20260618_141525_609.jpg ↔ face_20260618_141528_516.jpg → similarity: 0.9983
2026-06-22 15:37:53  INFO      [classification.py:112]    ⏭ Matched face_20260618_141528_516.jpg → person_1 (limit reached, skipped copy)
2026-06-22 15:37:53  DEBUG     [classification.py:45]  face_20260618_141525_609.jpg ↔ face_20260618_141704_248.jpg → similarity: 0.9991
2026-06-22 15:37:53  INFO      [classification.py:112]    ⏭ Matched face_20260618_141704_248.jpg → person_1 (limit reached, skipped copy)
2026-06-22 15:37:53  DEBUG     [classification.py:45]  face_20260618_141525_609.jpg ↔ face_20260618_141601_782.jpg → similarity: 0.9998
2026-06-22 15:37:53  INFO      [classification.py:112]    ⏭ Matched face_20260618_141601_782.jpg → person_1 (limit reached, skipped copy)
2026-06-22 15:37:53  DEBUG     [classification.py:45]  face_20260618_141525_609.jpg ↔ face_20260618_141526_409.jpg → similarity: 1.0000
2026-06-22 15:37:53  INFO      [classification.py:112]    ⏭ Matched face_20260618_141526_409.jpg → person_1 (limit reached, skipped copy)
2026-06-22 15:37:53  DEBUG     [classification.py:45]  face_20260618_141525_609.jpg ↔ face_20260618_141525_814.jpg → similarity: 1.0000
2026-06-22 15:37:53  INFO      [classification.py:112]    ⏭ Matched face_20260618_141525_814.jpg → person_1 (limit reached, skipped copy)
2026-06-22 15:37:54  DEBUG     [classification.py:45]  face_20260618_141525_609.jpg ↔ face_20260618_141657_738.jpg → similarity: 0.9998
2026-06-22 15:37:54  INFO      [classification.py:112]    ⏭ Matched face_20260618_141657_738.jpg → person_1 (limit reached, skipped copy)
2026-06-22 15:37:54  DEBUG     [classification.py:45]  face_20260618_141525_609.jpg ↔ face_20260618_141529_010.jpg → similarity: 0.9982
2026-06-22 15:37:54  INFO      [classification.py:112]    ⏭ Matched face_20260618_141529_010.jpg → person_1 (limit reached, skipped copy)
2026-06-22 15:37:54  DEBUG     [classification.py:45]  face_20260618_141525_609.jpg ↔ face_20260618_141659_346.jpg → similarity: 0.9999
2026-06-22 15:37:54  INFO      [classification.py:112]    ⏭ Matched face_20260618_141659_346.jpg → person_1 (limit reached, skipped copy)
2026-06-22 15:37:54  DEBUG     [classification.py:45]  face_20260618_141525_609.jpg ↔ face_20260618_141518_918.jpg → similarity: 1.0000
2026-06-22 15:37:54  INFO      [classification.py:112]    ⏭ Matched face_20260618_141518_918.jpg → person_1 (limit reached, skipped copy)
2026-06-22 15:37:54  DEBUG     [classification.py:45]  face_20260618_141525_609.jpg ↔ face_20260618_141705_234.jpg → similarity: 0.9996
2026-06-22 15:37:54  INFO      [classification.py:112]    ⏭ Matched face_20260618_141705_234.jpg → person_1 (limit reached, skipped copy)
2026-06-22 15:37:54  DEBUG     [classification.py:45]  face_20260618_141525_609.jpg ↔ face_20260618_141518_510.jpg → similarity: 0.9998
2026-06-22 15:37:54  INFO      [classification.py:112]    ⏭ Matched face_20260618_141518_510.jpg → person_1 (limit reached, skipped copy)
2026-06-22 15:37:55  DEBUG     [classification.py:45]  face_20260618_141525_609.jpg ↔ face_20260618_141521_618.jpg → similarity: 0.9998
2026-06-22 15:37:55  INFO      [classification.py:112]    ⏭ Matched face_20260618_141521_618.jpg → person_1 (limit reached, skipped copy)
2026-06-22 15:37:55  DEBUG     [classification.py:45]  face_20260618_141525_609.jpg ↔ face_20260618_141517_636.jpg → similarity: 0.9894
2026-06-22 15:37:55  INFO      [classification.py:112]    ⏭ Matched face_20260618_141517_636.jpg → person_1 (limit reached, skipped copy)
2026-06-22 15:37:55  DEBUG     [classification.py:45]  face_20260618_141525_609.jpg ↔ face_20260622_153500_233.jpg → similarity: 0.9936
2026-06-22 15:37:55  INFO      [classification.py:112]    ⏭ Matched face_20260622_153500_233.jpg → person_1 (limit reached, skipped copy)
2026-06-22 15:37:55  DEBUG     [classification.py:45]  face_20260618_141525_609.jpg ↔ face_20260618_141526_209.jpg → similarity: 1.0000
2026-06-22 15:37:55  INFO      [classification.py:112]    ⏭ Matched face_20260618_141526_209.jpg → person_1 (limit reached, skipped copy)
2026-06-22 15:37:55  DEBUG     [classification.py:45]  face_20260618_141525_609.jpg ↔ face_20260618_141601_885.jpg → similarity: 0.9998
2026-06-22 15:37:55  INFO      [classification.py:112]    ⏭ Matched face_20260618_141601_885.jpg → person_1 (limit reached, skipped copy)
2026-06-22 15:37:55  DEBUG     [classification.py:45]  face_20260618_141525_609.jpg ↔ face_20260618_141526_307.jpg → similarity: 1.0000
2026-06-22 15:37:55  INFO      [classification.py:112]    ⏭ Matched face_20260618_141526_307.jpg → person_1 (limit reached, skipped copy)
2026-06-22 15:37:56  DEBUG     [classification.py:45]  face_20260618_141525_609.jpg ↔ face_20260618_141521_518.jpg → similarity: 0.9995
2026-06-22 15:37:56  INFO      [classification.py:112]    ⏭ Matched face_20260618_141521_518.jpg → person_1 (limit reached, skipped copy)
2026-06-22 15:37:56  DEBUG     [classification.py:45]  face_20260618_141525_609.jpg ↔ face_20260618_141519_116.jpg → similarity: 1.0000
2026-06-22 15:37:56  INFO      [classification.py:112]    ⏭ Matched face_20260618_141519_116.jpg → person_1 (limit reached, skipped copy)
2026-06-22 15:37:56  DEBUG     [classification.py:45]  face_20260618_141525_609.jpg ↔ face_20260618_141518_119.jpg → similarity: 0.9999
2026-06-22 15:37:56  INFO      [classification.py:112]    ⏭ Matched face_20260618_141518_119.jpg → person_1 (limit reached, skipped copy)
2026-06-22 15:37:56  DEBUG     [classification.py:45]  face_20260618_141525_609.jpg ↔ face_20260618_141657_537.jpg → similarity: 0.9998
2026-06-22 15:37:56  INFO      [classification.py:112]    ⏭ Matched face_20260618_141657_537.jpg → person_1 (limit reached, skipped copy)
2026-06-22 15:37:56  DEBUG     [classification.py:45]  face_20260618_141525_609.jpg ↔ face_20260618_141527_406.jpg → similarity: 0.9999
2026-06-22 15:37:56  INFO      [classification.py:112]    ⏭ Matched face_20260618_141527_406.jpg → person_1 (limit reached, skipped copy)
2026-06-22 15:37:57  DEBUG     [classification.py:45]  face_20260618_141525_609.jpg ↔ face_20260618_141528_015.jpg → similarity: 0.9989
2026-06-22 15:37:57  INFO      [classification.py:112]    ⏭ Matched face_20260618_141528_015.jpg → person_1 (limit reached, skipped copy)
2026-06-22 15:37:57  DEBUG     [classification.py:45]  face_20260618_141525_609.jpg ↔ face_20260618_141711_926.jpg → similarity: 0.9998
2026-06-22 15:37:57  INFO      [classification.py:112]    ⏭ Matched face_20260618_141711_926.jpg → person_1 (limit reached, skipped copy)
2026-06-22 15:37:57  DEBUG     [classification.py:45]  face_20260618_141525_609.jpg ↔ face_20260618_141528_813.jpg → similarity: 0.9994
2026-06-22 15:37:57  INFO      [classification.py:112]    ⏭ Matched face_20260618_141528_813.jpg → person_1 (limit reached, skipped copy)
2026-06-22 15:37:57  DEBUG     [classification.py:45]  face_20260618_141525_609.jpg ↔ face_20260618_141657_849.jpg → similarity: 0.9998
2026-06-22 15:37:57  INFO      [classification.py:112]    ⏭ Matched face_20260618_141657_849.jpg → person_1 (limit reached, skipped copy)
2026-06-22 15:37:57  DEBUG     [classification.py:45]  face_20260618_141525_609.jpg ↔ face_20260618_141519_216.jpg → similarity: 1.0000
2026-06-22 15:37:57  INFO      [classification.py:112]    ⏭ Matched face_20260618_141519_216.jpg → person_1 (limit reached, skipped copy)
2026-06-22 15:37:57  DEBUG     [classification.py:45]  face_20260618_141525_609.jpg ↔ face_20260618_141518_310.jpg → similarity: 0.9999
2026-06-22 15:37:57  INFO      [classification.py:112]    ⏭ Matched face_20260618_141518_310.jpg → person_1 (limit reached, skipped copy)
2026-06-22 15:37:58  DEBUG     [classification.py:45]  face_20260618_141525_609.jpg ↔ face_20260618_141657_440.jpg → similarity: 0.9998
2026-06-22 15:37:58  INFO      [classification.py:112]    ⏭ Matched face_20260618_141657_440.jpg → person_1 (limit reached, skipped copy)
2026-06-22 15:37:58  DEBUG     [classification.py:45]  face_20260618_141525_609.jpg ↔ face_20260618_141519_314.jpg → similarity: 1.0000
2026-06-22 15:37:58  INFO      [classification.py:112]    ⏭ Matched face_20260618_141519_314.jpg → person_1 (limit reached, skipped copy)
2026-06-22 15:37:58  DEBUG     [classification.py:45]  face_20260618_141525_609.jpg ↔ face_20260618_141522_218.jpg → similarity: 0.9997
2026-06-22 15:37:58  INFO      [classification.py:112]    ⏭ Matched face_20260618_141522_218.jpg → person_1 (limit reached, skipped copy)
2026-06-22 15:37:58  DEBUG     [classification.py:45]  face_20260618_141525_609.jpg ↔ face_20260618_141701_044.jpg → similarity: 0.9997
2026-06-22 15:37:58  INFO      [classification.py:112]    ⏭ Matched face_20260618_141701_044.jpg → person_1 (limit reached, skipped copy)
2026-06-22 15:37:58  DEBUG     [classification.py:45]  face_20260618_141525_609.jpg ↔ face_20260618_141654_242.jpg → similarity: 0.9964
2026-06-22 15:37:58  INFO      [classification.py:112]    ⏭ Matched face_20260618_141654_242.jpg → person_1 (limit reached, skipped copy)
2026-06-22 15:37:58  DEBUG     [classification.py:45]  face_20260618_141525_609.jpg ↔ face_20260618_141527_006.jpg → similarity: 1.0000
2026-06-22 15:37:58  INFO      [classification.py:112]    ⏭ Matched face_20260618_141527_006.jpg → person_1 (limit reached, skipped copy)
2026-06-22 15:37:59  DEBUG     [classification.py:45]  face_20260618_141525_609.jpg ↔ face_20260618_141710_940.jpg → similarity: 0.9959
2026-06-22 15:37:59  INFO      [classification.py:112]    ⏭ Matched face_20260618_141710_940.jpg → person_1 (limit reached, skipped copy)
2026-06-22 15:37:59  DEBUG     [classification.py:45]  face_20260618_141525_609.jpg ↔ face_20260618_141656_154.jpg → similarity: 0.9992
2026-06-22 15:37:59  INFO      [classification.py:112]    ⏭ Matched face_20260618_141656_154.jpg → person_1 (limit reached, skipped copy)
2026-06-22 15:37:59  DEBUG     [classification.py:45]  face_20260618_141525_609.jpg ↔ face_20260618_141653_454.jpg → similarity: 0.9990
2026-06-22 15:37:59  INFO      [classification.py:112]    ⏭ Matched face_20260618_141653_454.jpg → person_1 (limit reached, skipped copy)
2026-06-22 15:37:59  DEBUG     [classification.py:45]  face_20260618_141525_609.jpg ↔ face_20260618_141710_748.jpg → similarity: 0.9731
2026-06-22 15:37:59  INFO      [classification.py:112]    ⏭ Matched face_20260618_141710_748.jpg → person_1 (limit reached, skipped copy)
2026-06-22 15:37:59  DEBUG     [classification.py:45]  face_20260618_141525_609.jpg ↔ face_20260618_141527_310.jpg → similarity: 0.9999
2026-06-22 15:37:59  INFO      [classification.py:112]    ⏭ Matched face_20260618_141527_310.jpg → person_1 (limit reached, skipped copy)
2026-06-22 15:38:00  DEBUG     [classification.py:45]  face_20260618_141525_609.jpg ↔ face_20260618_141711_129.jpg → similarity: 0.9983
2026-06-22 15:38:00  INFO      [classification.py:112]    ⏭ Matched face_20260618_141711_129.jpg → person_1 (limit reached, skipped copy)
2026-06-22 15:38:00  DEBUG     [classification.py:45]  face_20260618_141525_609.jpg ↔ face_20260618_141519_719.jpg → similarity: 1.0000
2026-06-22 15:38:00  INFO      [classification.py:112]    ⏭ Matched face_20260618_141519_719.jpg → person_1 (limit reached, skipped copy)
2026-06-22 15:38:00  DEBUG     [classification.py:45]  face_20260618_141525_609.jpg ↔ face_20260618_141525_309.jpg → similarity: 1.0000
2026-06-22 15:38:00  INFO      [classification.py:112]    ⏭ Matched face_20260618_141525_309.jpg → person_1 (limit reached, skipped copy)
2026-06-22 15:38:00  DEBUG     [classification.py:45]  face_20260618_141525_609.jpg ↔ face_20260618_141711_431.jpg → similarity: 0.9995
2026-06-22 15:38:00  INFO      [classification.py:112]    ⏭ Matched face_20260618_141711_431.jpg → person_1 (limit reached, skipped copy)
2026-06-22 15:38:00  DEBUG     [classification.py:45]  face_20260618_141525_609.jpg ↔ face_20260618_141518_026.jpg → similarity: 0.9999
2026-06-22 15:38:00  INFO      [classification.py:112]    ⏭ Matched face_20260618_141518_026.jpg → person_1 (limit reached, skipped copy)
2026-06-22 15:38:00  DEBUG     [classification.py:45]  face_20260618_141525_609.jpg ↔ face_20260618_141711_726.jpg → similarity: 0.9999
2026-06-22 15:38:00  INFO      [classification.py:112]    ⏭ Matched face_20260618_141711_726.jpg → person_1 (limit reached, skipped copy)
2026-06-22 15:38:01  DEBUG     [classification.py:45]  face_20260618_141525_609.jpg ↔ face_20260618_141658_446.jpg → similarity: 0.9998
2026-06-22 15:38:01  INFO      [classification.py:112]    ⏭ Matched face_20260618_141658_446.jpg → person_1 (limit reached, skipped copy)
2026-06-22 15:38:01  DEBUG     [classification.py:45]  face_20260618_141525_609.jpg ↔ face_20260618_141520_021.jpg → similarity: 0.9999
2026-06-22 15:38:01  INFO      [classification.py:112]    ⏭ Matched face_20260618_141520_021.jpg → person_1 (limit reached, skipped copy)
2026-06-22 15:38:01  DEBUG     [classification.py:45]  face_20260618_141525_609.jpg ↔ face_20260618_141520_110.jpg → similarity: 1.0000
2026-06-22 15:38:01  INFO      [classification.py:112]    ⏭ Matched face_20260618_141520_110.jpg → person_1 (limit reached, skipped copy)
2026-06-22 15:38:01  DEBUG     [classification.py:45]  face_20260618_141525_609.jpg ↔ face_20260618_141522_519.jpg → similarity: 0.9999
2026-06-22 15:38:01  INFO      [classification.py:112]    ⏭ Matched face_20260618_141522_519.jpg → person_1 (limit reached, skipped copy)
2026-06-22 15:38:01  DEBUG     [classification.py:45]  face_20260618_141525_609.jpg ↔ face_20260618_141518_410.jpg → similarity: 0.9999
2026-06-22 15:38:01  INFO      [classification.py:112]    ⏭ Matched face_20260618_141518_410.jpg → person_1 (limit reached, skipped copy)
2026-06-22 15:38:02  DEBUG     [classification.py:45]  face_20260618_141525_609.jpg ↔ face_20260618_141527_609.jpg → similarity: 0.9976
2026-06-22 15:38:02  INFO      [classification.py:112]    ⏭ Matched face_20260618_141527_609.jpg → person_1 (limit reached, skipped copy)
2026-06-22 15:38:02  DEBUG     [classification.py:45]  face_20260618_141525_609.jpg ↔ face_20260618_141529_703.jpg → similarity: 1.0000
2026-06-22 15:38:02  INFO      [classification.py:112]    ⏭ Matched face_20260618_141529_703.jpg → person_1 (limit reached, skipped copy)
2026-06-22 15:38:02  DEBUG     [classification.py:45]  face_20260618_141525_609.jpg ↔ face_20260618_141653_644.jpg → similarity: 0.9992
2026-06-22 15:38:02  INFO      [classification.py:112]    ⏭ Matched face_20260618_141653_644.jpg → person_1 (limit reached, skipped copy)
2026-06-22 15:38:02  DEBUG     [classification.py:45]  face_20260618_141525_609.jpg ↔ face_20260618_141521_110.jpg → similarity: 0.9998
2026-06-22 15:38:02  INFO      [classification.py:112]    ⏭ Matched face_20260618_141521_110.jpg → person_1 (limit reached, skipped copy)
2026-06-22 15:38:02  DEBUG     [classification.py:45]  face_20260618_141525_609.jpg ↔ face_20260618_141526_905.jpg → similarity: 1.0000
2026-06-22 15:38:02  INFO      [classification.py:112]    ⏭ Matched face_20260618_141526_905.jpg → person_1 (limit reached, skipped copy)
2026-06-22 15:38:02  DEBUG     [classification.py:45]  face_20260618_141525_609.jpg ↔ face_20260618_141659_734.jpg → similarity: 0.9996
2026-06-22 15:38:02  INFO      [classification.py:112]    ⏭ Matched face_20260618_141659_734.jpg → person_1 (limit reached, skipped copy)
2026-06-22 15:38:03  DEBUG     [classification.py:45]  face_20260618_141525_609.jpg ↔ face_20260618_141530_309.jpg → similarity: 0.9999
2026-06-22 15:38:03  INFO      [classification.py:112]    ⏭ Matched face_20260618_141530_309.jpg → person_1 (limit reached, skipped copy)
2026-06-22 15:38:03  INFO      [classification.py:91]  Created person_2 — reference: face_20260618_141708_743.jpg
2026-06-22 15:38:03  INFO      [classification.py:119]  Classification complete — 2 person(s) found for calendar 2107.
2026-06-22 15:38:03  INFO      [main.py:143]  Recognizing persons for calendar 2107...
2026-06-22 15:38:03  INFO      [recognition.py:139]  Recognizing 2 person(s) for calendar 2107...
2026-06-22 15:38:03  DEBUG     [recognition.py:192]  person_1/face_20260618_141525_609.jpg → userId=683 (similarity=1.0000)
2026-06-22 15:38:03  DEBUG     [recognition.py:192]  person_1/face_20260618_141525_122.jpg → userId=683 (similarity=1.0000)
2026-06-22 15:38:03  DEBUG     [recognition.py:192]  person_1/face_20260618_141527_511.jpg → userId=683 (similarity=1.0000)
2026-06-22 15:38:03  DEBUG     [recognition.py:192]  person_1/face_20260622_153500_287.jpg → userId=683 (similarity=0.9971)
2026-06-22 15:38:03  DEBUG     [recognition.py:192]  person_1/face_20260618_141658_344.jpg → userId=683 (similarity=1.0000)
2026-06-22 15:38:03  DEBUG     [recognition.py:192]  person_1/face_20260618_141653_362.jpg → userId=683 (similarity=1.0000)
2026-06-22 15:38:03  DEBUG     [recognition.py:192]  person_1/face_20260618_141656_937.jpg → userId=683 (similarity=1.0000)
2026-06-22 15:38:03  INFO      [recognition.py:216]  person_1 → userId=683 (7 votes, avg similarity=0.9996)
2026-06-22 15:38:03  DEBUG     [recognition.py:192]  person_2/face_20260618_141708_743.jpg → userId=683 (similarity=0.7266)
2026-06-22 15:38:03  WARNING   [recognition.py:207]  person_2 → rejected (avg similarity=0.7266 < threshold=0.85)
2026-06-22 15:38:03  INFO      [recognition.py:223]  Deleted recognized folder: person_1
2026-06-22 15:38:03  INFO      [recognition.py:228]  Cleanup complete — 1 folder(s) deleted, 1 unknown folder(s) kept.
2026-06-22 15:38:03  INFO      [recognition.py:229]  Recognition complete — 1 student(s) identified.
2026-06-22 15:38:03  INFO      [main.py:145]  Recognized students: {'683': 0.9995885714285714}
2026-06-22 15:38:03  DEBUG     [client.py:48]  POST https://192.168.1.249:5004/scl/store-classified-folders/2107
2026-06-22 15:38:03  INFO      [student_service.py:23]  Classified folders stored for calendar 2107: [{'folder': 'person_2', 'images_count': 1}]
2026-06-22 15:38:03  DEBUG     [client.py:48]  POST https://192.168.1.249:5004/scl/update-attendance-student/9560
2026-06-22 15:38:03  INFO      [attendance_service.py:13]  Attendance 9560 updated - present: False.
2026-06-22 15:38:03  DEBUG     [client.py:48]  POST https://192.168.1.249:5004/scl/update-attendance-student/9561
2026-06-22 15:38:03  INFO      [attendance_service.py:13]  Attendance 9561 updated - present: True.
2026-06-22 15:38:03  INFO      [main.py:169]  Unenrolling students for calendar 2107...
2026-06-22 15:38:03  INFO      [recognition.py:112]  Unenrolled student 3 from CompreFace.
2026-06-22 15:38:03  INFO      [recognition.py:112]  Unenrolled student 683 from CompreFace.
2026-06-22 15:38:03  INFO      [dataset_cleaner.py:19]  Deleted face_crops for session 2107.
2026-06-22 15:38:03  INFO      [main.py:176]  Calendar 2107 completed.
2026-06-22 15:38:13  INFO      [main.py:52]  Checking calendars at 15:38:13
2026-06-22 15:38:13  DEBUG     [client.py:31]  GET https://192.168.1.249:5004/scl/get-all-calender
2026-06-22 15:38:13  INFO      [calendar_service.py:44]  Fetched 4 valid session(s).
2026-06-22 15:38:13  INFO      [main.py:66]  Calendar 2106 already ended — skipping.
2026-06-22 15:38:13  INFO      [main.py:66]  Calendar 2106 already ended — skipping.
2026-06-22 15:38:23  INFO      [main.py:52]  Checking calendars at 15:38:23
2026-06-22 15:38:23  DEBUG     [client.py:31]  GET https://192.168.1.249:5004/scl/get-all-calender
2026-06-22 15:38:23  INFO      [calendar_service.py:44]  Fetched 4 valid session(s).
2026-06-22 15:38:23  INFO      [main.py:66]  Calendar 2106 already ended — skipping.
2026-06-22 15:38:23  INFO      [main.py:66]  Calendar 2106 already ended — skipping.
2026-06-22 15:38:33  INFO      [main.py:52]  Checking calendars at 15:38:33
2026-06-22 15:38:33  DEBUG     [client.py:31]  GET https://192.168.1.249:5004/scl/get-all-calender
2026-06-22 15:38:33  INFO      [calendar_service.py:44]  Fetched 4 valid session(s).
2026-06-22 15:38:33  INFO      [main.py:66]  Calendar 2106 already ended — skipping.
2026-06-22 15:38:33  INFO      [main.py:66]  Calendar 2106 already ended — skipping.
2026-06-22 15:38:43  INFO      [main.py:52]  Checking calendars at 15:38:43
2026-06-22 15:38:43  DEBUG     [client.py:31]  GET https://192.168.1.249:5004/scl/get-all-calender
2026-06-22 15:38:44  INFO      [calendar_service.py:44]  Fetched 4 valid session(s).
2026-06-22 15:38:44  INFO      [main.py:66]  Calendar 2106 already ended — skipping.
2026-06-22 15:38:44  INFO      [main.py:66]  Calendar 2106 already ended — skipping.
2026-06-22 15:38:54  INFO      [main.py:52]  Checking calendars at 15:38:54
2026-06-22 15:38:54  DEBUG     [client.py:31]  GET https://192.168.1.249:5004/scl/get-all-calender
2026-06-22 15:38:54  INFO      [calendar_service.py:44]  Fetched 4 valid session(s).
2026-06-22 15:38:54  INFO      [main.py:66]  Calendar 2106 already ended — skipping.
2026-06-22 15:38:54  INFO      [main.py:66]  Calendar 2106 already ended — skipping.
2026-06-22 15:39:04  INFO      [main.py:52]  Checking calendars at 15:39:04
2026-06-22 15:39:04  DEBUG     [client.py:31]  GET https://192.168.1.249:5004/scl/get-all-calender
2026-06-22 15:39:04  INFO      [calendar_service.py:44]  Fetched 4 valid session(s).
2026-06-22 15:39:04  INFO      [main.py:66]  Calendar 2106 already ended — skipping.
2026-06-22 15:39:04  INFO      [main.py:66]  Calendar 2106 already ended — skipping.
2026-06-22 15:39:14  INFO      [main.py:52]  Checking calendars at 15:39:14
2026-06-22 15:39:14  DEBUG     [client.py:31]  GET https://192.168.1.249:5004/scl/get-all-calender
2026-06-22 15:39:14  INFO      [calendar_service.py:44]  Fetched 4 valid session(s).
2026-06-22 15:39:14  INFO      [main.py:66]  Calendar 2106 already ended — skipping.
2026-06-22 15:39:14  INFO      [main.py:66]  Calendar 2106 already ended — skipping.
2026-06-22 15:39:24  INFO      [main.py:52]  Checking calendars at 15:39:24
2026-06-22 15:39:24  DEBUG     [client.py:31]  GET https://192.168.1.249:5004/scl/get-all-calender
2026-06-22 15:39:24  INFO      [calendar_service.py:44]  Fetched 4 valid session(s).
2026-06-22 15:39:24  INFO      [main.py:66]  Calendar 2106 already ended — skipping.
2026-06-22 15:39:24  INFO      [main.py:66]  Calendar 2106 already ended — skipping.
2026-06-22 15:39:34  INFO      [main.py:52]  Checking calendars at 15:39:34
2026-06-22 15:39:34  DEBUG     [client.py:31]  GET https://192.168.1.249:5004/scl/get-all-calender
2026-06-22 15:39:34  INFO      [calendar_service.py:44]  Fetched 4 valid session(s).
2026-06-22 15:39:34  INFO      [main.py:66]  Calendar 2106 already ended — skipping.
2026-06-22 15:39:34  INFO      [main.py:66]  Calendar 2106 already ended — skipping.
2026-06-22 15:39:44  INFO      [main.py:52]  Checking calendars at 15:39:44
2026-06-22 15:39:44  DEBUG     [client.py:31]  GET https://192.168.1.249:5004/scl/get-all-calender
2026-06-22 15:39:44  INFO      [calendar_service.py:44]  Fetched 4 valid session(s).
2026-06-22 15:39:44  INFO      [main.py:66]  Calendar 2106 already ended — skipping.
2026-06-22 15:39:44  INFO      [main.py:66]  Calendar 2106 already ended — skipping.
2026-06-22 15:39:54  INFO      [main.py:52]  Checking calendars at 15:39:54
2026-06-22 15:39:54  DEBUG     [client.py:31]  GET https://192.168.1.249:5004/scl/get-all-calender
2026-06-22 15:39:54  INFO      [calendar_service.py:44]  Fetched 4 valid session(s).
2026-06-22 15:39:54  INFO      [main.py:66]  Calendar 2106 already ended — skipping.
2026-06-22 15:39:54  INFO      [main.py:66]  Calendar 2106 already ended — skipping.
2026-06-22 15:40:04  INFO      [main.py:52]  Checking calendars at 15:40:04
2026-06-22 15:40:04  DEBUG     [client.py:31]  GET https://192.168.1.249:5004/scl/get-all-calender
2026-06-22 15:40:04  INFO      [calendar_service.py:44]  Fetched 4 valid session(s).
2026-06-22 15:40:04  INFO      [main.py:66]  Calendar 2106 already ended — skipping.
2026-06-22 15:40:04  INFO      [main.py:66]  Calendar 2106 already ended — skipping.
2026-06-22 15:40:14  INFO      [main.py:52]  Checking calendars at 15:40:14
2026-06-22 15:40:14  DEBUG     [client.py:31]  GET https://192.168.1.249:5004/scl/get-all-calender
2026-06-22 15:40:14  INFO      [calendar_service.py:44]  Fetched 4 valid session(s).
2026-06-22 15:40:14  INFO      [main.py:66]  Calendar 2106 already ended — skipping.
2026-06-22 15:40:14  INFO      [main.py:66]  Calendar 2106 already ended — skipping.
2026-06-22 15:40:24  INFO      [main.py:52]  Checking calendars at 15:40:24
2026-06-22 15:40:24  DEBUG     [client.py:31]  GET https://192.168.1.249:5004/scl/get-all-calender
2026-06-22 15:40:24  INFO      [calendar_service.py:44]  Fetched 4 valid session(s).
2026-06-22 15:40:24  INFO      [main.py:66]  Calendar 2106 already ended — skipping.
2026-06-22 15:40:24  INFO      [main.py:66]  Calendar 2106 already ended — skipping.
2026-06-22 15:40:34  INFO      [main.py:52]  Checking calendars at 15:40:34
2026-06-22 15:40:34  DEBUG     [client.py:31]  GET https://192.168.1.249:5004/scl/get-all-calender
2026-06-22 15:40:34  INFO      [calendar_service.py:44]  Fetched 4 valid session(s).
2026-06-22 15:40:34  INFO      [main.py:66]  Calendar 2106 already ended — skipping.
2026-06-22 15:40:34  INFO      [main.py:66]  Calendar 2106 already ended — skipping.
2026-06-22 15:40:44  INFO      [main.py:52]  Checking calendars at 15:40:44
2026-06-22 15:40:44  DEBUG     [client.py:31]  GET https://192.168.1.249:5004/scl/get-all-calender
2026-06-22 15:40:44  INFO      [calendar_service.py:44]  Fetched 4 valid session(s).
2026-06-22 15:40:44  INFO      [main.py:66]  Calendar 2106 already ended — skipping.
2026-06-22 15:40:44  INFO      [main.py:66]  Calendar 2106 already ended — skipping.
2026-06-22 15:40:54  INFO      [main.py:52]  Checking calendars at 15:40:54
2026-06-22 15:40:54  DEBUG     [client.py:31]  GET https://192.168.1.249:5004/scl/get-all-calender
2026-06-22 15:40:54  INFO      [calendar_service.py:44]  Fetched 4 valid session(s).
2026-06-22 15:40:54  INFO      [main.py:66]  Calendar 2106 already ended — skipping.
2026-06-22 15:40:54  INFO      [main.py:66]  Calendar 2106 already ended — skipping.
2026-06-22 15:41:04  INFO      [main.py:52]  Checking calendars at 15:41:04
2026-06-22 15:41:04  DEBUG     [client.py:31]  GET https://192.168.1.249:5004/scl/get-all-calender
2026-06-22 15:41:04  INFO      [calendar_service.py:44]  Fetched 4 valid session(s).
2026-06-22 15:41:04  INFO      [main.py:66]  Calendar 2106 already ended — skipping.
2026-06-22 15:41:04  INFO      [main.py:66]  Calendar 2106 already ended — skipping.
2026-06-22 15:41:14  INFO      [main.py:52]  Checking calendars at 15:41:14
2026-06-22 15:41:14  DEBUG     [client.py:31]  GET https://192.168.1.249:5004/scl/get-all-calender
2026-06-22 15:41:14  INFO      [calendar_service.py:44]  Fetched 4 valid session(s).
2026-06-22 15:41:14  INFO      [main.py:66]  Calendar 2106 already ended — skipping.
2026-06-22 15:41:14  INFO      [main.py:66]  Calendar 2106 already ended — skipping.
2026-06-22 15:41:24  INFO      [main.py:52]  Checking calendars at 15:41:24
2026-06-22 15:41:24  DEBUG     [client.py:31]  GET https://192.168.1.249:5004/scl/get-all-calender
2026-06-22 15:41:24  INFO      [calendar_service.py:44]  Fetched 4 valid session(s).
2026-06-22 15:41:24  INFO      [main.py:66]  Calendar 2106 already ended — skipping.
2026-06-22 15:41:24  INFO      [main.py:66]  Calendar 2106 already ended — skipping.
2026-06-22 15:41:34  INFO      [main.py:52]  Checking calendars at 15:41:34
2026-06-22 15:41:34  DEBUG     [client.py:31]  GET https://192.168.1.249:5004/scl/get-all-calender
2026-06-22 15:41:34  INFO      [calendar_service.py:44]  Fetched 4 valid session(s).
2026-06-22 15:41:34  INFO      [main.py:66]  Calendar 2106 already ended — skipping.
2026-06-22 15:41:34  INFO      [main.py:66]  Calendar 2106 already ended — skipping.
2026-06-22 15:41:44  INFO      [main.py:52]  Checking calendars at 15:41:44
2026-06-22 15:41:44  DEBUG     [client.py:31]  GET https://192.168.1.249:5004/scl/get-all-calender
2026-06-22 15:41:44  INFO      [calendar_service.py:44]  Fetched 4 valid session(s).
2026-06-22 15:41:44  INFO      [main.py:66]  Calendar 2106 already ended — skipping.
2026-06-22 15:41:44  INFO      [main.py:66]  Calendar 2106 already ended — skipping.
2026-06-22 15:41:54  INFO      [main.py:52]  Checking calendars at 15:41:54
2026-06-22 15:41:54  DEBUG     [client.py:31]  GET https://192.168.1.249:5004/scl/get-all-calender
2026-06-22 15:41:54  INFO      [calendar_service.py:44]  Fetched 4 valid session(s).
2026-06-22 15:41:54  INFO      [main.py:66]  Calendar 2106 already ended — skipping.
2026-06-22 15:41:54  INFO      [main.py:66]  Calendar 2106 already ended — skipping.
2026-06-22 15:42:04  INFO      [main.py:52]  Checking calendars at 15:42:04
2026-06-22 15:42:04  DEBUG     [client.py:31]  GET https://192.168.1.249:5004/scl/get-all-calender
2026-06-22 15:42:04  INFO      [calendar_service.py:44]  Fetched 4 valid session(s).
2026-06-22 15:42:04  INFO      [main.py:66]  Calendar 2106 already ended — skipping.
2026-06-22 15:42:04  INFO      [main.py:66]  Calendar 2106 already ended — skipping.
2026-06-22 15:42:14  INFO      [main.py:52]  Checking calendars at 15:42:14
2026-06-22 15:42:14  DEBUG     [client.py:31]  GET https://192.168.1.249:5004/scl/get-all-calender
2026-06-22 15:42:14  INFO      [calendar_service.py:44]  Fetched 4 valid session(s).
2026-06-22 15:42:14  INFO      [main.py:66]  Calendar 2106 already ended — skipping.
2026-06-22 15:42:14  INFO      [main.py:66]  Calendar 2106 already ended — skipping.
2026-06-22 15:42:24  INFO      [main.py:52]  Checking calendars at 15:42:24
2026-06-22 15:42:24  DEBUG     [client.py:31]  GET https://192.168.1.249:5004/scl/get-all-calender
2026-06-22 15:42:24  INFO      [calendar_service.py:44]  Fetched 4 valid session(s).
2026-06-22 15:42:24  INFO      [main.py:66]  Calendar 2106 already ended — skipping.
2026-06-22 15:42:24  INFO      [main.py:66]  Calendar 2106 already ended — skipping.
2026-06-22 15:42:34  INFO      [main.py:52]  Checking calendars at 15:42:34
2026-06-22 15:42:34  DEBUG     [client.py:31]  GET https://192.168.1.249:5004/scl/get-all-calender
2026-06-22 15:42:34  INFO      [calendar_service.py:44]  Fetched 4 valid session(s).
2026-06-22 15:42:34  INFO      [main.py:66]  Calendar 2106 already ended — skipping.
2026-06-22 15:42:34  INFO      [main.py:66]  Calendar 2106 already ended — skipping.
2026-06-22 15:42:44  INFO      [main.py:52]  Checking calendars at 15:42:44
2026-06-22 15:42:44  DEBUG     [client.py:31]  GET https://192.168.1.249:5004/scl/get-all-calender
2026-06-22 15:42:44  INFO      [calendar_service.py:44]  Fetched 4 valid session(s).
2026-06-22 15:42:44  INFO      [main.py:66]  Calendar 2106 already ended — skipping.
2026-06-22 15:42:44  INFO      [main.py:66]  Calendar 2106 already ended — skipping.
2026-06-22 15:42:54  INFO      [main.py:52]  Checking calendars at 15:42:54
2026-06-22 15:42:54  DEBUG     [client.py:31]  GET https://192.168.1.249:5004/scl/get-all-calender
2026-06-22 15:42:55  INFO      [calendar_service.py:44]  Fetched 4 valid session(s).
2026-06-22 15:42:55  INFO      [main.py:66]  Calendar 2106 already ended — skipping.
2026-06-22 15:42:55  INFO      [main.py:66]  Calendar 2106 already ended — skipping.
2026-06-22 15:43:05  INFO      [main.py:52]  Checking calendars at 15:43:05
2026-06-22 15:43:05  DEBUG     [client.py:31]  GET https://192.168.1.249:5004/scl/get-all-calender
2026-06-22 15:43:05  INFO      [calendar_service.py:44]  Fetched 4 valid session(s).
2026-06-22 15:43:05  INFO      [main.py:66]  Calendar 2106 already ended — skipping.
2026-06-22 15:43:05  INFO      [main.py:66]  Calendar 2106 already ended — skipping.
2026-06-22 15:43:15  INFO      [main.py:52]  Checking calendars at 15:43:15
2026-06-22 15:43:15  DEBUG     [client.py:31]  GET https://192.168.1.249:5004/scl/get-all-calender
2026-06-22 15:43:15  INFO      [calendar_service.py:44]  Fetched 4 valid session(s).
2026-06-22 15:43:15  INFO      [main.py:66]  Calendar 2106 already ended — skipping.
2026-06-22 15:43:15  INFO      [main.py:66]  Calendar 2106 already ended — skipping.
2026-06-22 15:43:25  INFO      [main.py:52]  Checking calendars at 15:43:25
2026-06-22 15:43:25  DEBUG     [client.py:31]  GET https://192.168.1.249:5004/scl/get-all-calender
2026-06-22 15:43:25  ERROR     [client.py:36]  Cannot connect to Flask server at https://192.168.1.249:5004/scl/get-all-calender
2026-06-22 15:43:25  ERROR     [calendar_service.py:47]  Failed to fetch calendars: HTTPSConnectionPool(host='192.168.1.249', port=5004): Max retries exceeded with url: /scl/get-all-calender (Caused by NewConnectionError('<urllib3.connection.HTTPSConnection object at 0x73f6b382c430>: Failed to establish a new connection: [Errno 111] Connection refused'))
2026-06-22 15:43:25  INFO      [main.py:58]  No calendars found for today.
2026-06-22 15:43:35  INFO      [main.py:52]  Checking calendars at 15:43:35
2026-06-22 15:43:35  DEBUG     [client.py:31]  GET https://192.168.1.249:5004/scl/get-all-calender
2026-06-22 15:43:35  ERROR     [client.py:36]  Cannot connect to Flask server at https://192.168.1.249:5004/scl/get-all-calender
2026-06-22 15:43:35  ERROR     [calendar_service.py:47]  Failed to fetch calendars: HTTPSConnectionPool(host='192.168.1.249', port=5004): Max retries exceeded with url: /scl/get-all-calender (Caused by NewConnectionError('<urllib3.connection.HTTPSConnection object at 0x73f6b382ded0>: Failed to establish a new connection: [Errno 111] Connection refused'))
2026-06-22 15:43:35  INFO      [main.py:58]  No calendars found for today.
2026-06-22 15:43:45  INFO      [main.py:52]  Checking calendars at 15:43:45
2026-06-22 15:43:45  DEBUG     [client.py:31]  GET https://192.168.1.249:5004/scl/get-all-calender
2026-06-22 15:43:45  INFO      [calendar_service.py:44]  Fetched 4 valid session(s).
2026-06-22 15:43:45  INFO      [main.py:66]  Calendar 2106 already ended — skipping.
2026-06-22 15:43:45  INFO      [main.py:66]  Calendar 2106 already ended — skipping.
2026-06-22 15:43:55  INFO      [main.py:52]  Checking calendars at 15:43:55
2026-06-22 15:43:55  DEBUG     [client.py:31]  GET https://192.168.1.249:5004/scl/get-all-calender
2026-06-22 15:43:55  INFO      [calendar_service.py:44]  Fetched 4 valid session(s).
2026-06-22 15:43:55  INFO      [main.py:66]  Calendar 2106 already ended — skipping.
2026-06-22 15:43:55  INFO      [main.py:66]  Calendar 2106 already ended — skipping.
2026-06-22 15:44:05  INFO      [main.py:52]  Checking calendars at 15:44:05
2026-06-22 15:44:05  DEBUG     [client.py:31]  GET https://192.168.1.249:5004/scl/get-all-calender
2026-06-22 15:44:05  INFO      [calendar_service.py:44]  Fetched 4 valid session(s).
2026-06-22 15:44:05  INFO      [main.py:66]  Calendar 2106 already ended — skipping.
2026-06-22 15:44:05  INFO      [main.py:66]  Calendar 2106 already ended — skipping.
2026-06-22 15:44:15  INFO      [main.py:52]  Checking calendars at 15:44:15
2026-06-22 15:44:15  DEBUG     [client.py:31]  GET https://192.168.1.249:5004/scl/get-all-calender
2026-06-22 15:44:15  INFO      [calendar_service.py:44]  Fetched 4 valid session(s).
2026-06-22 15:44:15  INFO      [main.py:66]  Calendar 2106 already ended — skipping.
2026-06-22 15:44:15  INFO      [main.py:66]  Calendar 2106 already ended — skipping.
2026-06-22 15:44:25  INFO      [main.py:52]  Checking calendars at 15:44:25
2026-06-22 15:44:25  DEBUG     [client.py:31]  GET https://192.168.1.249:5004/scl/get-all-calender
2026-06-22 15:44:25  INFO      [calendar_service.py:44]  Fetched 4 valid session(s).
2026-06-22 15:44:25  INFO      [main.py:66]  Calendar 2106 already ended — skipping.
2026-06-22 15:44:25  INFO      [main.py:66]  Calendar 2106 already ended — skipping.
2026-06-22 15:44:35  INFO      [main.py:52]  Checking calendars at 15:44:35
2026-06-22 15:44:35  DEBUG     [client.py:31]  GET https://192.168.1.249:5004/scl/get-all-calender
2026-06-22 15:44:35  INFO      [calendar_service.py:44]  Fetched 4 valid session(s).
2026-06-22 15:44:35  INFO      [main.py:66]  Calendar 2106 already ended — skipping.
2026-06-22 15:44:35  INFO      [main.py:66]  Calendar 2106 already ended — skipping.
2026-06-22 15:44:45  INFO      [main.py:52]  Checking calendars at 15:44:45
2026-06-22 15:44:45  DEBUG     [client.py:31]  GET https://192.168.1.249:5004/scl/get-all-calender
2026-06-22 15:44:45  INFO      [calendar_service.py:44]  Fetched 4 valid session(s).
2026-06-22 15:44:45  INFO      [main.py:66]  Calendar 2106 already ended — skipping.
2026-06-22 15:44:45  INFO      [main.py:66]  Calendar 2106 already ended — skipping.
2026-06-22 15:44:55  INFO      [main.py:52]  Checking calendars at 15:44:55
2026-06-22 15:44:55  DEBUG     [client.py:31]  GET https://192.168.1.249:5004/scl/get-all-calender
2026-06-22 15:44:55  INFO      [calendar_service.py:44]  Fetched 4 valid session(s).
2026-06-22 15:44:55  INFO      [main.py:66]  Calendar 2106 already ended — skipping.
2026-06-22 15:44:55  INFO      [main.py:66]  Calendar 2106 already ended — skipping.
2026-06-22 15:45:05  INFO      [main.py:52]  Checking calendars at 15:45:05
2026-06-22 15:45:05  DEBUG     [client.py:31]  GET https://192.168.1.249:5004/scl/get-all-calender
2026-06-22 15:45:05  INFO      [calendar_service.py:44]  Fetched 4 valid session(s).
2026-06-22 15:45:05  INFO      [main.py:66]  Calendar 2106 already ended — skipping.
2026-06-22 15:45:05  INFO      [main.py:66]  Calendar 2106 already ended — skipping.
2026-06-22 15:45:15  INFO      [main.py:52]  Checking calendars at 15:45:15
2026-06-22 15:45:15  DEBUG     [client.py:31]  GET https://192.168.1.249:5004/scl/get-all-calender
2026-06-22 15:45:15  INFO      [calendar_service.py:44]  Fetched 4 valid session(s).
2026-06-22 15:45:15  INFO      [main.py:66]  Calendar 2106 already ended — skipping.
2026-06-22 15:45:15  INFO      [main.py:66]  Calendar 2106 already ended — skipping.
2026-06-22 15:45:25  INFO      [main.py:52]  Checking calendars at 15:45:25
2026-06-22 15:45:25  DEBUG     [client.py:31]  GET https://192.168.1.249:5004/scl/get-all-calender
2026-06-22 15:45:25  INFO      [calendar_service.py:44]  Fetched 4 valid session(s).
2026-06-22 15:45:25  INFO      [main.py:66]  Calendar 2106 already ended — skipping.
2026-06-22 15:45:25  INFO      [main.py:66]  Calendar 2106 already ended — skipping.
2026-06-22 15:45:35  INFO      [main.py:52]  Checking calendars at 15:45:35
2026-06-22 15:45:35  DEBUG     [client.py:31]  GET https://192.168.1.249:5004/scl/get-all-calender
2026-06-22 15:45:35  INFO      [calendar_service.py:44]  Fetched 4 valid session(s).
2026-06-22 15:45:35  INFO      [main.py:66]  Calendar 2106 already ended — skipping.
2026-06-22 15:45:35  INFO      [main.py:66]  Calendar 2106 already ended — skipping.
2026-06-22 15:45:45  INFO      [main.py:52]  Checking calendars at 15:45:45
2026-06-22 15:45:45  DEBUG     [client.py:31]  GET https://192.168.1.249:5004/scl/get-all-calender
2026-06-22 15:45:45  INFO      [calendar_service.py:44]  Fetched 4 valid session(s).
2026-06-22 15:45:45  INFO      [main.py:66]  Calendar 2106 already ended — skipping.
2026-06-22 15:45:45  INFO      [main.py:66]  Calendar 2106 already ended — skipping.
2026-06-22 15:45:55  INFO      [main.py:52]  Checking calendars at 15:45:55
2026-06-22 15:45:55  DEBUG     [client.py:31]  GET https://192.168.1.249:5004/scl/get-all-calender
2026-06-22 15:45:55  INFO      [calendar_service.py:44]  Fetched 4 valid session(s).
2026-06-22 15:45:55  INFO      [main.py:66]  Calendar 2106 already ended — skipping.
2026-06-22 15:45:55  INFO      [main.py:66]  Calendar 2106 already ended — skipping.
2026-06-22 15:46:05  INFO      [main.py:52]  Checking calendars at 15:46:05
2026-06-22 15:46:05  DEBUG     [client.py:31]  GET https://192.168.1.249:5004/scl/get-all-calender
2026-06-22 15:46:05  INFO      [calendar_service.py:44]  Fetched 4 valid session(s).
2026-06-22 15:46:05  INFO      [main.py:66]  Calendar 2106 already ended — skipping.
2026-06-22 15:46:05  INFO      [main.py:66]  Calendar 2106 already ended — skipping.
2026-06-22 15:46:15  INFO      [main.py:52]  Checking calendars at 15:46:15
2026-06-22 15:46:15  DEBUG     [client.py:31]  GET https://192.168.1.249:5004/scl/get-all-calender
2026-06-22 15:46:15  INFO      [calendar_service.py:44]  Fetched 4 valid session(s).
2026-06-22 15:46:15  INFO      [main.py:66]  Calendar 2106 already ended — skipping.
2026-06-22 15:46:15  INFO      [main.py:66]  Calendar 2106 already ended — skipping.
2026-06-22 15:46:25  INFO      [main.py:52]  Checking calendars at 15:46:25
2026-06-22 15:46:25  DEBUG     [client.py:31]  GET https://192.168.1.249:5004/scl/get-all-calender
2026-06-22 15:46:25  INFO      [calendar_service.py:44]  Fetched 4 valid session(s).
2026-06-22 15:46:25  INFO      [main.py:66]  Calendar 2106 already ended — skipping.
2026-06-22 15:46:25  INFO      [main.py:66]  Calendar 2106 already ended — skipping.
2026-06-22 15:46:35  INFO      [main.py:52]  Checking calendars at 15:46:35
2026-06-22 15:46:35  DEBUG     [client.py:31]  GET https://192.168.1.249:5004/scl/get-all-calender
2026-06-22 15:46:35  INFO      [calendar_service.py:44]  Fetched 4 valid session(s).
2026-06-22 15:46:35  INFO      [main.py:66]  Calendar 2106 already ended — skipping.
2026-06-22 15:46:35  INFO      [main.py:66]  Calendar 2106 already ended — skipping.
2026-06-22 15:46:45  INFO      [main.py:52]  Checking calendars at 15:46:45
2026-06-22 15:46:45  DEBUG     [client.py:31]  GET https://192.168.1.249:5004/scl/get-all-calender
2026-06-22 15:46:45  INFO      [calendar_service.py:44]  Fetched 4 valid session(s).
2026-06-22 15:46:45  INFO      [main.py:66]  Calendar 2106 already ended — skipping.
2026-06-22 15:46:45  INFO      [main.py:66]  Calendar 2106 already ended — skipping.
2026-06-22 15:46:55  INFO      [main.py:52]  Checking calendars at 15:46:55
2026-06-22 15:46:55  DEBUG     [client.py:31]  GET https://192.168.1.249:5004/scl/get-all-calender
2026-06-22 15:46:55  INFO      [calendar_service.py:44]  Fetched 4 valid session(s).
2026-06-22 15:46:55  INFO      [main.py:66]  Calendar 2106 already ended — skipping.
2026-06-22 15:46:55  INFO      [main.py:66]  Calendar 2106 already ended — skipping.
2026-06-22 15:47:05  INFO      [main.py:52]  Checking calendars at 15:47:05
2026-06-22 15:47:05  DEBUG     [client.py:31]  GET https://192.168.1.249:5004/scl/get-all-calender
2026-06-22 15:47:05  INFO      [calendar_service.py:44]  Fetched 4 valid session(s).
2026-06-22 15:47:05  INFO      [main.py:66]  Calendar 2106 already ended — skipping.
2026-06-22 15:47:05  INFO      [main.py:66]  Calendar 2106 already ended — skipping.
2026-06-22 15:47:15  INFO      [main.py:52]  Checking calendars at 15:47:15
2026-06-22 15:47:15  DEBUG     [client.py:31]  GET https://192.168.1.249:5004/scl/get-all-calender
2026-06-22 15:47:15  INFO      [calendar_service.py:44]  Fetched 4 valid session(s).
2026-06-22 15:47:15  INFO      [main.py:66]  Calendar 2106 already ended — skipping.
2026-06-22 15:47:15  INFO      [main.py:66]  Calendar 2106 already ended — skipping.
2026-06-22 15:47:26  INFO      [main.py:52]  Checking calendars at 15:47:26
2026-06-22 15:47:26  DEBUG     [client.py:31]  GET https://192.168.1.249:5004/scl/get-all-calender
2026-06-22 15:47:26  INFO      [calendar_service.py:44]  Fetched 4 valid session(s).
2026-06-22 15:47:26  INFO      [main.py:66]  Calendar 2106 already ended — skipping.
2026-06-22 15:47:26  INFO      [main.py:66]  Calendar 2106 already ended — skipping.
2026-06-22 15:47:36  INFO      [main.py:52]  Checking calendars at 15:47:36
2026-06-22 15:47:36  DEBUG     [client.py:31]  GET https://192.168.1.249:5004/scl/get-all-calender
2026-06-22 15:47:36  INFO      [calendar_service.py:44]  Fetched 4 valid session(s).
2026-06-22 15:47:36  INFO      [main.py:66]  Calendar 2106 already ended — skipping.
2026-06-22 15:47:36  INFO      [main.py:66]  Calendar 2106 already ended — skipping.
2026-06-22 15:47:46  INFO      [main.py:52]  Checking calendars at 15:47:46
2026-06-22 15:47:46  DEBUG     [client.py:31]  GET https://192.168.1.249:5004/scl/get-all-calender
2026-06-22 15:47:46  INFO      [calendar_service.py:44]  Fetched 4 valid session(s).
2026-06-22 15:47:46  INFO      [main.py:66]  Calendar 2106 already ended — skipping.
2026-06-22 15:47:46  INFO      [main.py:66]  Calendar 2106 already ended — skipping.
2026-06-22 15:47:56  INFO      [main.py:52]  Checking calendars at 15:47:56
2026-06-22 15:47:56  DEBUG     [client.py:31]  GET https://192.168.1.249:5004/scl/get-all-calender
2026-06-22 15:47:56  INFO      [calendar_service.py:44]  Fetched 4 valid session(s).
2026-06-22 15:47:56  INFO      [main.py:66]  Calendar 2106 already ended — skipping.
2026-06-22 15:47:56  INFO      [main.py:66]  Calendar 2106 already ended — skipping.
2026-06-22 15:48:06  INFO      [main.py:52]  Checking calendars at 15:48:06
2026-06-22 15:48:06  DEBUG     [client.py:31]  GET https://192.168.1.249:5004/scl/get-all-calender
2026-06-22 15:48:06  INFO      [calendar_service.py:44]  Fetched 4 valid session(s).
2026-06-22 15:48:06  INFO      [main.py:66]  Calendar 2106 already ended — skipping.
2026-06-22 15:48:06  INFO      [main.py:66]  Calendar 2106 already ended — skipping.
2026-06-22 15:48:16  INFO      [main.py:52]  Checking calendars at 15:48:16
2026-06-22 15:48:16  DEBUG     [client.py:31]  GET https://192.168.1.249:5004/scl/get-all-calender
2026-06-22 15:48:16  INFO      [calendar_service.py:44]  Fetched 4 valid session(s).
2026-06-22 15:48:16  INFO      [main.py:66]  Calendar 2106 already ended — skipping.
2026-06-22 15:48:16  INFO      [main.py:66]  Calendar 2106 already ended — skipping.
2026-06-22 15:48:26  INFO      [main.py:52]  Checking calendars at 15:48:26
2026-06-22 15:48:26  DEBUG     [client.py:31]  GET https://192.168.1.249:5004/scl/get-all-calender
2026-06-22 15:48:26  INFO      [calendar_service.py:44]  Fetched 4 valid session(s).
2026-06-22 15:48:26  INFO      [main.py:66]  Calendar 2106 already ended — skipping.
2026-06-22 15:48:26  INFO      [main.py:66]  Calendar 2106 already ended — skipping.
2026-06-22 15:48:36  INFO      [main.py:52]  Checking calendars at 15:48:36
2026-06-22 15:48:36  DEBUG     [client.py:31]  GET https://192.168.1.249:5004/scl/get-all-calender
2026-06-22 15:48:36  INFO      [calendar_service.py:44]  Fetched 4 valid session(s).
2026-06-22 15:48:36  INFO      [main.py:66]  Calendar 2106 already ended — skipping.
2026-06-22 15:48:36  INFO      [main.py:66]  Calendar 2106 already ended — skipping.
2026-06-22 15:48:46  INFO      [main.py:52]  Checking calendars at 15:48:46
2026-06-22 15:48:46  DEBUG     [client.py:31]  GET https://192.168.1.249:5004/scl/get-all-calender
2026-06-22 15:48:46  INFO      [calendar_service.py:44]  Fetched 4 valid session(s).
2026-06-22 15:48:46  INFO      [main.py:66]  Calendar 2106 already ended — skipping.
2026-06-22 15:48:46  INFO      [main.py:66]  Calendar 2106 already ended — skipping.
2026-06-22 15:48:56  INFO      [main.py:52]  Checking calendars at 15:48:56
2026-06-22 15:48:56  DEBUG     [client.py:31]  GET https://192.168.1.249:5004/scl/get-all-calender
2026-06-22 15:48:56  INFO      [calendar_service.py:44]  Fetched 4 valid session(s).
2026-06-22 15:48:56  INFO      [main.py:66]  Calendar 2106 already ended — skipping.
2026-06-22 15:48:56  INFO      [main.py:66]  Calendar 2106 already ended — skipping.
2026-06-22 15:49:06  INFO      [main.py:52]  Checking calendars at 15:49:06
2026-06-22 15:49:06  DEBUG     [client.py:31]  GET https://192.168.1.249:5004/scl/get-all-calender
2026-06-22 15:49:06  INFO      [calendar_service.py:44]  Fetched 4 valid session(s).
2026-06-22 15:49:06  INFO      [main.py:66]  Calendar 2106 already ended — skipping.
2026-06-22 15:49:06  INFO      [main.py:66]  Calendar 2106 already ended — skipping.
2026-06-22 15:49:16  INFO      [main.py:52]  Checking calendars at 15:49:16
2026-06-22 15:49:16  DEBUG     [client.py:31]  GET https://192.168.1.249:5004/scl/get-all-calender
2026-06-22 15:49:16  INFO      [calendar_service.py:44]  Fetched 4 valid session(s).
2026-06-22 15:49:16  INFO      [main.py:66]  Calendar 2106 already ended — skipping.
2026-06-22 15:49:16  INFO      [main.py:66]  Calendar 2106 already ended — skipping.
2026-06-22 15:49:26  INFO      [main.py:52]  Checking calendars at 15:49:26
2026-06-22 15:49:26  DEBUG     [client.py:31]  GET https://192.168.1.249:5004/scl/get-all-calender
2026-06-22 15:49:26  INFO      [calendar_service.py:44]  Fetched 4 valid session(s).
2026-06-22 15:49:26  INFO      [main.py:66]  Calendar 2106 already ended — skipping.
2026-06-22 15:49:26  INFO      [main.py:66]  Calendar 2106 already ended — skipping.
2026-06-22 15:49:36  INFO      [main.py:52]  Checking calendars at 15:49:36
2026-06-22 15:49:36  DEBUG     [client.py:31]  GET https://192.168.1.249:5004/scl/get-all-calender
2026-06-22 15:49:36  INFO      [calendar_service.py:44]  Fetched 4 valid session(s).
2026-06-22 15:49:36  INFO      [main.py:66]  Calendar 2106 already ended — skipping.
2026-06-22 15:49:36  INFO      [main.py:66]  Calendar 2106 already ended — skipping.
2026-06-22 15:49:46  INFO      [main.py:52]  Checking calendars at 15:49:46
2026-06-22 15:49:46  DEBUG     [client.py:31]  GET https://192.168.1.249:5004/scl/get-all-calender
2026-06-22 15:49:46  INFO      [calendar_service.py:44]  Fetched 4 valid session(s).
2026-06-22 15:49:46  INFO      [main.py:66]  Calendar 2106 already ended — skipping.
2026-06-22 15:49:46  INFO      [main.py:66]  Calendar 2106 already ended — skipping.
2026-06-22 15:49:56  INFO      [main.py:52]  Checking calendars at 15:49:56
2026-06-22 15:49:56  DEBUG     [client.py:31]  GET https://192.168.1.249:5004/scl/get-all-calender
2026-06-22 15:49:56  INFO      [calendar_service.py:44]  Fetched 4 valid session(s).
2026-06-22 15:49:56  INFO      [main.py:66]  Calendar 2106 already ended — skipping.
2026-06-22 15:49:56  INFO      [main.py:66]  Calendar 2106 already ended — skipping.
2026-06-22 15:50:06  INFO      [main.py:52]  Checking calendars at 15:50:06
2026-06-22 15:50:06  DEBUG     [client.py:31]  GET https://192.168.1.249:5004/scl/get-all-calender
2026-06-22 15:50:06  INFO      [calendar_service.py:44]  Fetched 4 valid session(s).
2026-06-22 15:50:06  INFO      [main.py:66]  Calendar 2106 already ended — skipping.
2026-06-22 15:50:06  INFO      [main.py:66]  Calendar 2106 already ended — skipping.
2026-06-22 15:50:16  INFO      [main.py:52]  Checking calendars at 15:50:16
2026-06-22 15:50:16  DEBUG     [client.py:31]  GET https://192.168.1.249:5004/scl/get-all-calender
2026-06-22 15:50:16  INFO      [calendar_service.py:44]  Fetched 4 valid session(s).
2026-06-22 15:50:16  INFO      [main.py:66]  Calendar 2106 already ended — skipping.
2026-06-22 15:50:16  INFO      [main.py:66]  Calendar 2106 already ended — skipping.
2026-06-22 15:50:26  INFO      [main.py:52]  Checking calendars at 15:50:26
2026-06-22 15:50:26  DEBUG     [client.py:31]  GET https://192.168.1.249:5004/scl/get-all-calender
2026-06-22 15:50:26  INFO      [calendar_service.py:44]  Fetched 4 valid session(s).
2026-06-22 15:50:26  INFO      [main.py:66]  Calendar 2106 already ended — skipping.
2026-06-22 15:50:26  INFO      [main.py:66]  Calendar 2106 already ended — skipping.
2026-06-22 15:50:36  INFO      [main.py:52]  Checking calendars at 15:50:36
2026-06-22 15:50:36  DEBUG     [client.py:31]  GET https://192.168.1.249:5004/scl/get-all-calender
2026-06-22 15:50:36  INFO      [calendar_service.py:44]  Fetched 4 valid session(s).
2026-06-22 15:50:36  INFO      [main.py:66]  Calendar 2106 already ended — skipping.
2026-06-22 15:50:36  INFO      [main.py:66]  Calendar 2106 already ended — skipping.
2026-06-22 15:50:46  INFO      [main.py:52]  Checking calendars at 15:50:46
2026-06-22 15:50:46  DEBUG     [client.py:31]  GET https://192.168.1.249:5004/scl/get-all-calender
2026-06-22 15:50:46  INFO      [calendar_service.py:44]  Fetched 4 valid session(s).
2026-06-22 15:50:46  INFO      [main.py:66]  Calendar 2106 already ended — skipping.
2026-06-22 15:50:46  INFO      [main.py:66]  Calendar 2106 already ended — skipping.
2026-06-22 15:50:56  INFO      [main.py:52]  Checking calendars at 15:50:56
2026-06-22 15:50:56  DEBUG     [client.py:31]  GET https://192.168.1.249:5004/scl/get-all-calender
2026-06-22 15:50:56  INFO      [calendar_service.py:44]  Fetched 4 valid session(s).
2026-06-22 15:50:56  INFO      [main.py:66]  Calendar 2106 already ended — skipping.
2026-06-22 15:50:56  INFO      [main.py:66]  Calendar 2106 already ended — skipping.
2026-06-22 15:51:06  INFO      [main.py:52]  Checking calendars at 15:51:06
2026-06-22 15:51:06  DEBUG     [client.py:31]  GET https://192.168.1.249:5004/scl/get-all-calender
2026-06-22 15:51:06  INFO      [calendar_service.py:44]  Fetched 4 valid session(s).
2026-06-22 15:51:06  INFO      [main.py:66]  Calendar 2106 already ended — skipping.
2026-06-22 15:51:06  INFO      [main.py:66]  Calendar 2106 already ended — skipping.
2026-06-22 15:51:16  INFO      [main.py:52]  Checking calendars at 15:51:16
2026-06-22 15:51:16  DEBUG     [client.py:31]  GET https://192.168.1.249:5004/scl/get-all-calender
2026-06-22 15:51:16  INFO      [calendar_service.py:44]  Fetched 4 valid session(s).
2026-06-22 15:51:16  INFO      [main.py:66]  Calendar 2106 already ended — skipping.
2026-06-22 15:51:16  INFO      [main.py:66]  Calendar 2106 already ended — skipping.
2026-06-22 15:51:26  INFO      [main.py:52]  Checking calendars at 15:51:26
2026-06-22 15:51:26  DEBUG     [client.py:31]  GET https://192.168.1.249:5004/scl/get-all-calender
2026-06-22 15:51:26  INFO      [calendar_service.py:44]  Fetched 4 valid session(s).
2026-06-22 15:51:26  INFO      [main.py:66]  Calendar 2106 already ended — skipping.
2026-06-22 15:51:26  INFO      [main.py:66]  Calendar 2106 already ended — skipping.
2026-06-22 15:51:36  INFO      [main.py:52]  Checking calendars at 15:51:36
2026-06-22 15:51:36  DEBUG     [client.py:31]  GET https://192.168.1.249:5004/scl/get-all-calender
2026-06-22 15:51:36  INFO      [calendar_service.py:44]  Fetched 4 valid session(s).
2026-06-22 15:51:36  INFO      [main.py:66]  Calendar 2106 already ended — skipping.
2026-06-22 15:51:36  INFO      [main.py:66]  Calendar 2106 already ended — skipping.
2026-06-22 15:51:46  INFO      [main.py:52]  Checking calendars at 15:51:46
2026-06-22 15:51:46  DEBUG     [client.py:31]  GET https://192.168.1.249:5004/scl/get-all-calender
2026-06-22 15:51:46  INFO      [calendar_service.py:44]  Fetched 4 valid session(s).
2026-06-22 15:51:46  INFO      [main.py:66]  Calendar 2106 already ended — skipping.
2026-06-22 15:51:46  INFO      [main.py:66]  Calendar 2106 already ended — skipping.
2026-06-22 15:51:56  INFO      [main.py:52]  Checking calendars at 15:51:56
2026-06-22 15:51:56  DEBUG     [client.py:31]  GET https://192.168.1.249:5004/scl/get-all-calender
2026-06-22 15:51:56  INFO      [calendar_service.py:44]  Fetched 4 valid session(s).
2026-06-22 15:51:56  INFO      [main.py:66]  Calendar 2106 already ended — skipping.
2026-06-22 15:51:56  INFO      [main.py:66]  Calendar 2106 already ended — skipping.
2026-06-22 15:52:06  INFO      [main.py:52]  Checking calendars at 15:52:06
2026-06-22 15:52:06  DEBUG     [client.py:31]  GET https://192.168.1.249:5004/scl/get-all-calender
2026-06-22 15:52:06  INFO      [calendar_service.py:44]  Fetched 4 valid session(s).
2026-06-22 15:52:06  INFO      [main.py:66]  Calendar 2106 already ended — skipping.
2026-06-22 15:52:06  INFO      [main.py:66]  Calendar 2106 already ended — skipping.
2026-06-22 15:52:17  INFO      [main.py:52]  Checking calendars at 15:52:17
2026-06-22 15:52:17  DEBUG     [client.py:31]  GET https://192.168.1.249:5004/scl/get-all-calender
2026-06-22 15:52:17  INFO      [calendar_service.py:44]  Fetched 4 valid session(s).
2026-06-22 15:52:17  INFO      [main.py:66]  Calendar 2106 already ended — skipping.
2026-06-22 15:52:17  INFO      [main.py:66]  Calendar 2106 already ended — skipping.
2026-06-22 15:52:27  INFO      [main.py:52]  Checking calendars at 15:52:27
2026-06-22 15:52:27  DEBUG     [client.py:31]  GET https://192.168.1.249:5004/scl/get-all-calender
2026-06-22 15:52:27  INFO      [calendar_service.py:44]  Fetched 4 valid session(s).
2026-06-22 15:52:27  INFO      [main.py:66]  Calendar 2106 already ended — skipping.
2026-06-22 15:52:27  INFO      [main.py:66]  Calendar 2106 already ended — skipping.
2026-06-22 15:52:37  INFO      [main.py:52]  Checking calendars at 15:52:37
2026-06-22 15:52:37  DEBUG     [client.py:31]  GET https://192.168.1.249:5004/scl/get-all-calender
2026-06-22 15:52:37  INFO      [calendar_service.py:44]  Fetched 4 valid session(s).
2026-06-22 15:52:37  INFO      [main.py:66]  Calendar 2106 already ended — skipping.
2026-06-22 15:52:37  INFO      [main.py:66]  Calendar 2106 already ended — skipping.
2026-06-22 15:52:47  INFO      [main.py:52]  Checking calendars at 15:52:47
2026-06-22 15:52:47  DEBUG     [client.py:31]  GET https://192.168.1.249:5004/scl/get-all-calender
2026-06-22 15:52:47  INFO      [calendar_service.py:44]  Fetched 4 valid session(s).
2026-06-22 15:52:47  INFO      [main.py:66]  Calendar 2106 already ended — skipping.
2026-06-22 15:52:47  INFO      [main.py:66]  Calendar 2106 already ended — skipping.
2026-06-22 15:52:57  INFO      [main.py:52]  Checking calendars at 15:52:57
2026-06-22 15:52:57  DEBUG     [client.py:31]  GET https://192.168.1.249:5004/scl/get-all-calender
2026-06-22 15:52:57  INFO      [calendar_service.py:44]  Fetched 4 valid session(s).
2026-06-22 15:52:57  INFO      [main.py:66]  Calendar 2106 already ended — skipping.
2026-06-22 15:52:57  INFO      [main.py:66]  Calendar 2106 already ended — skipping.
2026-06-22 15:53:07  INFO      [main.py:52]  Checking calendars at 15:53:07
2026-06-22 15:53:07  DEBUG     [client.py:31]  GET https://192.168.1.249:5004/scl/get-all-calender
2026-06-22 15:53:07  INFO      [calendar_service.py:44]  Fetched 4 valid session(s).
2026-06-22 15:53:07  INFO      [main.py:66]  Calendar 2106 already ended — skipping.
2026-06-22 15:53:07  INFO      [main.py:66]  Calendar 2106 already ended — skipping.
2026-06-22 15:53:17  INFO      [main.py:52]  Checking calendars at 15:53:17
2026-06-22 15:53:17  DEBUG     [client.py:31]  GET https://192.168.1.249:5004/scl/get-all-calender
2026-06-22 15:53:17  INFO      [calendar_service.py:44]  Fetched 4 valid session(s).
2026-06-22 15:53:17  INFO      [main.py:66]  Calendar 2106 already ended — skipping.
2026-06-22 15:53:17  INFO      [main.py:66]  Calendar 2106 already ended — skipping.
2026-06-22 15:53:27  INFO      [main.py:52]  Checking calendars at 15:53:27
2026-06-22 15:53:27  DEBUG     [client.py:31]  GET https://192.168.1.249:5004/scl/get-all-calender
2026-06-22 15:53:27  INFO      [calendar_service.py:44]  Fetched 4 valid session(s).
2026-06-22 15:53:27  INFO      [main.py:66]  Calendar 2106 already ended — skipping.
2026-06-22 15:53:27  INFO      [main.py:66]  Calendar 2106 already ended — skipping.
2026-06-22 15:53:37  INFO      [main.py:52]  Checking calendars at 15:53:37
2026-06-22 15:53:37  DEBUG     [client.py:31]  GET https://192.168.1.249:5004/scl/get-all-calender
2026-06-22 15:53:37  INFO      [calendar_service.py:44]  Fetched 4 valid session(s).
2026-06-22 15:53:37  INFO      [main.py:66]  Calendar 2106 already ended — skipping.
2026-06-22 15:53:37  INFO      [main.py:66]  Calendar 2106 already ended — skipping.
2026-06-22 15:53:47  INFO      [main.py:52]  Checking calendars at 15:53:47
2026-06-22 15:53:47  DEBUG     [client.py:31]  GET https://192.168.1.249:5004/scl/get-all-calender
2026-06-22 15:53:47  INFO      [calendar_service.py:44]  Fetched 4 valid session(s).
2026-06-22 15:53:47  INFO      [main.py:66]  Calendar 2106 already ended — skipping.
2026-06-22 15:53:47  INFO      [main.py:66]  Calendar 2106 already ended — skipping.
2026-06-22 15:53:57  INFO      [main.py:52]  Checking calendars at 15:53:57
2026-06-22 15:53:57  DEBUG     [client.py:31]  GET https://192.168.1.249:5004/scl/get-all-calender
2026-06-22 15:53:57  INFO      [calendar_service.py:44]  Fetched 4 valid session(s).
2026-06-22 15:53:57  INFO      [main.py:66]  Calendar 2106 already ended — skipping.
2026-06-22 15:53:57  INFO      [main.py:66]  Calendar 2106 already ended — skipping.
2026-06-22 15:54:07  INFO      [main.py:52]  Checking calendars at 15:54:07
2026-06-22 15:54:07  DEBUG     [client.py:31]  GET https://192.168.1.249:5004/scl/get-all-calender
2026-06-22 15:54:07  INFO      [calendar_service.py:44]  Fetched 4 valid session(s).
2026-06-22 15:54:07  INFO      [main.py:66]  Calendar 2106 already ended — skipping.
2026-06-22 15:54:07  INFO      [main.py:66]  Calendar 2106 already ended — skipping.
2026-06-22 15:54:17  INFO      [main.py:52]  Checking calendars at 15:54:17
2026-06-22 15:54:17  DEBUG     [client.py:31]  GET https://192.168.1.249:5004/scl/get-all-calender
2026-06-22 15:54:17  INFO      [calendar_service.py:44]  Fetched 4 valid session(s).
2026-06-22 15:54:17  INFO      [main.py:66]  Calendar 2106 already ended — skipping.
2026-06-22 15:54:17  INFO      [main.py:66]  Calendar 2106 already ended — skipping.
2026-06-22 15:54:27  INFO      [main.py:52]  Checking calendars at 15:54:27
2026-06-22 15:54:27  DEBUG     [client.py:31]  GET https://192.168.1.249:5004/scl/get-all-calender
2026-06-22 15:54:27  INFO      [calendar_service.py:44]  Fetched 4 valid session(s).
2026-06-22 15:54:27  INFO      [main.py:66]  Calendar 2106 already ended — skipping.
2026-06-22 15:54:27  INFO      [main.py:66]  Calendar 2106 already ended — skipping.
2026-06-22 15:54:37  INFO      [main.py:52]  Checking calendars at 15:54:37
2026-06-22 15:54:37  DEBUG     [client.py:31]  GET https://192.168.1.249:5004/scl/get-all-calender
2026-06-22 15:54:37  INFO      [calendar_service.py:44]  Fetched 4 valid session(s).
2026-06-22 15:54:37  INFO      [main.py:66]  Calendar 2106 already ended — skipping.
2026-06-22 15:54:37  INFO      [main.py:66]  Calendar 2106 already ended — skipping.
2026-06-22 15:54:47  INFO      [main.py:52]  Checking calendars at 15:54:47
2026-06-22 15:54:47  DEBUG     [client.py:31]  GET https://192.168.1.249:5004/scl/get-all-calender
2026-06-22 15:54:47  INFO      [calendar_service.py:44]  Fetched 4 valid session(s).
2026-06-22 15:54:47  INFO      [main.py:66]  Calendar 2106 already ended — skipping.
2026-06-22 15:54:47  INFO      [main.py:66]  Calendar 2106 already ended — skipping.
2026-06-22 15:54:57  INFO      [main.py:52]  Checking calendars at 15:54:57
2026-06-22 15:54:57  DEBUG     [client.py:31]  GET https://192.168.1.249:5004/scl/get-all-calender
2026-06-22 15:54:57  INFO      [calendar_service.py:44]  Fetched 4 valid session(s).
2026-06-22 15:54:57  INFO      [main.py:66]  Calendar 2106 already ended — skipping.
2026-06-22 15:54:57  INFO      [main.py:66]  Calendar 2106 already ended — skipping.
2026-06-22 15:55:07  INFO      [main.py:52]  Checking calendars at 15:55:07
2026-06-22 15:55:07  DEBUG     [client.py:31]  GET https://192.168.1.249:5004/scl/get-all-calender
2026-06-22 15:55:07  INFO      [calendar_service.py:44]  Fetched 4 valid session(s).
2026-06-22 15:55:07  INFO      [main.py:66]  Calendar 2106 already ended — skipping.
2026-06-22 15:55:07  INFO      [main.py:66]  Calendar 2106 already ended — skipping.
2026-06-22 15:55:17  INFO      [main.py:52]  Checking calendars at 15:55:17
2026-06-22 15:55:17  DEBUG     [client.py:31]  GET https://192.168.1.249:5004/scl/get-all-calender
2026-06-22 15:55:17  INFO      [calendar_service.py:44]  Fetched 4 valid session(s).
2026-06-22 15:55:17  INFO      [main.py:66]  Calendar 2106 already ended — skipping.
2026-06-22 15:55:17  INFO      [main.py:66]  Calendar 2106 already ended — skipping.
2026-06-22 15:55:27  INFO      [main.py:52]  Checking calendars at 15:55:27
2026-06-22 15:55:27  DEBUG     [client.py:31]  GET https://192.168.1.249:5004/scl/get-all-calender
2026-06-22 15:55:27  INFO      [calendar_service.py:44]  Fetched 4 valid session(s).
2026-06-22 15:55:27  INFO      [main.py:66]  Calendar 2106 already ended — skipping.
2026-06-22 15:55:27  INFO      [main.py:66]  Calendar 2106 already ended — skipping.
2026-06-22 15:55:37  INFO      [main.py:52]  Checking calendars at 15:55:37
2026-06-22 15:55:37  DEBUG     [client.py:31]  GET https://192.168.1.249:5004/scl/get-all-calender
2026-06-22 15:55:37  INFO      [calendar_service.py:44]  Fetched 4 valid session(s).
2026-06-22 15:55:37  INFO      [main.py:66]  Calendar 2106 already ended — skipping.
2026-06-22 15:55:37  INFO      [main.py:66]  Calendar 2106 already ended — skipping.
2026-06-22 15:55:47  INFO      [main.py:52]  Checking calendars at 15:55:47
2026-06-22 15:55:47  DEBUG     [client.py:31]  GET https://192.168.1.249:5004/scl/get-all-calender
2026-06-22 15:55:47  INFO      [calendar_service.py:44]  Fetched 4 valid session(s).
2026-06-22 15:55:47  INFO      [main.py:66]  Calendar 2106 already ended — skipping.
2026-06-22 15:55:47  INFO      [main.py:66]  Calendar 2106 already ended — skipping.
2026-06-22 15:55:57  INFO      [main.py:52]  Checking calendars at 15:55:57
2026-06-22 15:55:57  DEBUG     [client.py:31]  GET https://192.168.1.249:5004/scl/get-all-calender
2026-06-22 15:55:57  INFO      [calendar_service.py:44]  Fetched 4 valid session(s).
2026-06-22 15:55:57  INFO      [main.py:66]  Calendar 2106 already ended — skipping.
2026-06-22 15:55:57  INFO      [main.py:66]  Calendar 2106 already ended — skipping.
2026-06-22 15:56:07  INFO      [main.py:52]  Checking calendars at 15:56:07
2026-06-22 15:56:07  DEBUG     [client.py:31]  GET https://192.168.1.249:5004/scl/get-all-calender
2026-06-22 15:56:07  INFO      [calendar_service.py:44]  Fetched 4 valid session(s).
2026-06-22 15:56:07  INFO      [main.py:66]  Calendar 2106 already ended — skipping.
2026-06-22 15:56:07  INFO      [main.py:66]  Calendar 2106 already ended — skipping.
2026-06-22 15:56:17  INFO      [main.py:52]  Checking calendars at 15:56:17
2026-06-22 15:56:17  DEBUG     [client.py:31]  GET https://192.168.1.249:5004/scl/get-all-calender
2026-06-22 15:56:17  INFO      [calendar_service.py:44]  Fetched 4 valid session(s).
2026-06-22 15:56:17  INFO      [main.py:66]  Calendar 2106 already ended — skipping.
2026-06-22 15:56:17  INFO      [main.py:66]  Calendar 2106 already ended — skipping.
2026-06-22 15:56:27  INFO      [main.py:52]  Checking calendars at 15:56:27
2026-06-22 15:56:27  DEBUG     [client.py:31]  GET https://192.168.1.249:5004/scl/get-all-calender
2026-06-22 15:56:27  INFO      [calendar_service.py:44]  Fetched 4 valid session(s).
2026-06-22 15:56:27  INFO      [main.py:66]  Calendar 2106 already ended — skipping.
2026-06-22 15:56:27  INFO      [main.py:66]  Calendar 2106 already ended — skipping.
2026-06-22 15:56:37  INFO      [main.py:52]  Checking calendars at 15:56:37
2026-06-22 15:56:37  DEBUG     [client.py:31]  GET https://192.168.1.249:5004/scl/get-all-calender
2026-06-22 15:56:37  INFO      [calendar_service.py:44]  Fetched 4 valid session(s).
2026-06-22 15:56:37  INFO      [main.py:66]  Calendar 2106 already ended — skipping.
2026-06-22 15:56:37  INFO      [main.py:66]  Calendar 2106 already ended — skipping.
2026-06-22 15:56:48  INFO      [main.py:52]  Checking calendars at 15:56:48
2026-06-22 15:56:48  DEBUG     [client.py:31]  GET https://192.168.1.249:5004/scl/get-all-calender
2026-06-22 15:56:48  INFO      [calendar_service.py:44]  Fetched 4 valid session(s).
2026-06-22 15:56:48  INFO      [main.py:66]  Calendar 2106 already ended — skipping.
2026-06-22 15:56:48  INFO      [main.py:66]  Calendar 2106 already ended — skipping.
2026-06-22 15:56:58  INFO      [main.py:52]  Checking calendars at 15:56:58
2026-06-22 15:56:58  DEBUG     [client.py:31]  GET https://192.168.1.249:5004/scl/get-all-calender
2026-06-22 15:56:58  INFO      [calendar_service.py:44]  Fetched 4 valid session(s).
2026-06-22 15:56:58  INFO      [main.py:66]  Calendar 2106 already ended — skipping.
2026-06-22 15:56:58  INFO      [main.py:66]  Calendar 2106 already ended — skipping.
2026-06-22 15:57:08  INFO      [main.py:52]  Checking calendars at 15:57:08
2026-06-22 15:57:08  DEBUG     [client.py:31]  GET https://192.168.1.249:5004/scl/get-all-calender
2026-06-22 15:57:08  INFO      [calendar_service.py:44]  Fetched 4 valid session(s).
2026-06-22 15:57:08  INFO      [main.py:66]  Calendar 2106 already ended — skipping.
2026-06-22 15:57:08  INFO      [main.py:66]  Calendar 2106 already ended — skipping.
2026-06-22 15:57:18  INFO      [main.py:52]  Checking calendars at 15:57:18
2026-06-22 15:57:18  DEBUG     [client.py:31]  GET https://192.168.1.249:5004/scl/get-all-calender
2026-06-22 15:57:18  INFO      [calendar_service.py:44]  Fetched 4 valid session(s).
2026-06-22 15:57:18  INFO      [main.py:66]  Calendar 2106 already ended — skipping.
2026-06-22 15:57:18  INFO      [main.py:66]  Calendar 2106 already ended — skipping.
2026-06-22 15:57:28  INFO      [main.py:52]  Checking calendars at 15:57:28
2026-06-22 15:57:28  DEBUG     [client.py:31]  GET https://192.168.1.249:5004/scl/get-all-calender
2026-06-22 15:57:28  INFO      [calendar_service.py:44]  Fetched 4 valid session(s).
2026-06-22 15:57:28  INFO      [main.py:66]  Calendar 2106 already ended — skipping.
2026-06-22 15:57:28  INFO      [main.py:66]  Calendar 2106 already ended — skipping.
2026-06-22 15:57:38  INFO      [main.py:52]  Checking calendars at 15:57:38
2026-06-22 15:57:38  DEBUG     [client.py:31]  GET https://192.168.1.249:5004/scl/get-all-calender
2026-06-22 15:57:38  INFO      [calendar_service.py:44]  Fetched 4 valid session(s).
2026-06-22 15:57:38  INFO      [main.py:66]  Calendar 2106 already ended — skipping.
2026-06-22 15:57:38  INFO      [main.py:66]  Calendar 2106 already ended — skipping.
2026-06-22 15:57:48  INFO      [main.py:52]  Checking calendars at 15:57:48
2026-06-22 15:57:48  DEBUG     [client.py:31]  GET https://192.168.1.249:5004/scl/get-all-calender
2026-06-22 15:57:48  INFO      [calendar_service.py:44]  Fetched 4 valid session(s).
2026-06-22 15:57:48  INFO      [main.py:66]  Calendar 2106 already ended — skipping.
2026-06-22 15:57:48  INFO      [main.py:66]  Calendar 2106 already ended — skipping.
2026-06-22 15:57:58  INFO      [main.py:52]  Checking calendars at 15:57:58
2026-06-22 15:57:58  DEBUG     [client.py:31]  GET https://192.168.1.249:5004/scl/get-all-calender
2026-06-22 15:57:58  INFO      [calendar_service.py:44]  Fetched 4 valid session(s).
2026-06-22 15:57:58  INFO      [main.py:66]  Calendar 2106 already ended — skipping.
2026-06-22 15:57:58  INFO      [main.py:66]  Calendar 2106 already ended — skipping.
2026-06-22 15:58:08  INFO      [main.py:52]  Checking calendars at 15:58:08
2026-06-22 15:58:08  DEBUG     [client.py:31]  GET https://192.168.1.249:5004/scl/get-all-calender
2026-06-22 15:58:08  INFO      [calendar_service.py:44]  Fetched 4 valid session(s).
2026-06-22 15:58:08  INFO      [main.py:66]  Calendar 2106 already ended — skipping.
2026-06-22 15:58:08  INFO      [main.py:66]  Calendar 2106 already ended — skipping.
2026-06-22 15:58:18  INFO      [main.py:52]  Checking calendars at 15:58:18
2026-06-22 15:58:18  DEBUG     [client.py:31]  GET https://192.168.1.249:5004/scl/get-all-calender
2026-06-22 15:58:18  INFO      [calendar_service.py:44]  Fetched 4 valid session(s).
2026-06-22 15:58:18  INFO      [main.py:66]  Calendar 2106 already ended — skipping.
2026-06-22 15:58:18  INFO      [main.py:66]  Calendar 2106 already ended — skipping.
2026-06-22 15:58:28  INFO      [main.py:52]  Checking calendars at 15:58:28
2026-06-22 15:58:28  DEBUG     [client.py:31]  GET https://192.168.1.249:5004/scl/get-all-calender
2026-06-22 15:58:28  INFO      [calendar_service.py:44]  Fetched 4 valid session(s).
2026-06-22 15:58:28  INFO      [main.py:66]  Calendar 2106 already ended — skipping.
2026-06-22 15:58:28  INFO      [main.py:66]  Calendar 2106 already ended — skipping.
2026-06-22 15:58:38  INFO      [main.py:52]  Checking calendars at 15:58:38
2026-06-22 15:58:38  DEBUG     [client.py:31]  GET https://192.168.1.249:5004/scl/get-all-calender
2026-06-22 15:58:38  INFO      [calendar_service.py:44]  Fetched 4 valid session(s).
2026-06-22 15:58:38  INFO      [main.py:66]  Calendar 2106 already ended — skipping.
2026-06-22 15:58:38  INFO      [main.py:66]  Calendar 2106 already ended — skipping.
2026-06-22 15:58:48  INFO      [main.py:52]  Checking calendars at 15:58:48
2026-06-22 15:58:48  DEBUG     [client.py:31]  GET https://192.168.1.249:5004/scl/get-all-calender
2026-06-22 15:58:48  INFO      [calendar_service.py:44]  Fetched 4 valid session(s).
2026-06-22 15:58:48  INFO      [main.py:66]  Calendar 2106 already ended — skipping.
2026-06-22 15:58:48  INFO      [main.py:66]  Calendar 2106 already ended — skipping.
2026-06-22 15:58:58  INFO      [main.py:52]  Checking calendars at 15:58:58
2026-06-22 15:58:58  DEBUG     [client.py:31]  GET https://192.168.1.249:5004/scl/get-all-calender
2026-06-22 15:58:58  INFO      [calendar_service.py:44]  Fetched 4 valid session(s).
2026-06-22 15:58:58  INFO      [main.py:66]  Calendar 2106 already ended — skipping.
2026-06-22 15:58:58  INFO      [main.py:66]  Calendar 2106 already ended — skipping.
2026-06-22 15:59:08  INFO      [main.py:52]  Checking calendars at 15:59:08
2026-06-22 15:59:08  DEBUG     [client.py:31]  GET https://192.168.1.249:5004/scl/get-all-calender
2026-06-22 15:59:08  INFO      [calendar_service.py:44]  Fetched 4 valid session(s).
2026-06-22 15:59:08  INFO      [main.py:66]  Calendar 2106 already ended — skipping.
2026-06-22 15:59:08  INFO      [main.py:66]  Calendar 2106 already ended — skipping.
2026-06-22 15:59:18  INFO      [main.py:52]  Checking calendars at 15:59:18
2026-06-22 15:59:18  DEBUG     [client.py:31]  GET https://192.168.1.249:5004/scl/get-all-calender
2026-06-22 15:59:18  INFO      [calendar_service.py:44]  Fetched 4 valid session(s).
2026-06-22 15:59:18  INFO      [main.py:66]  Calendar 2106 already ended — skipping.
2026-06-22 15:59:18  INFO      [main.py:66]  Calendar 2106 already ended — skipping.
2026-06-22 15:59:28  INFO      [main.py:52]  Checking calendars at 15:59:28
2026-06-22 15:59:28  DEBUG     [client.py:31]  GET https://192.168.1.249:5004/scl/get-all-calender
2026-06-22 15:59:28  INFO      [calendar_service.py:44]  Fetched 4 valid session(s).
2026-06-22 15:59:28  INFO      [main.py:66]  Calendar 2106 already ended — skipping.
2026-06-22 15:59:28  INFO      [main.py:66]  Calendar 2106 already ended — skipping.
2026-06-22 15:59:38  INFO      [main.py:52]  Checking calendars at 15:59:38
2026-06-22 15:59:38  DEBUG     [client.py:31]  GET https://192.168.1.249:5004/scl/get-all-calender
2026-06-22 15:59:38  INFO      [calendar_service.py:44]  Fetched 4 valid session(s).
2026-06-22 15:59:38  INFO      [main.py:66]  Calendar 2106 already ended — skipping.
2026-06-22 15:59:38  INFO      [main.py:66]  Calendar 2106 already ended — skipping.
2026-06-22 15:59:48  INFO      [main.py:52]  Checking calendars at 15:59:48
2026-06-22 15:59:48  DEBUG     [client.py:31]  GET https://192.168.1.249:5004/scl/get-all-calender
2026-06-22 15:59:48  INFO      [calendar_service.py:44]  Fetched 4 valid session(s).
2026-06-22 15:59:48  INFO      [main.py:66]  Calendar 2106 already ended — skipping.
2026-06-22 15:59:48  INFO      [main.py:66]  Calendar 2106 already ended — skipping.
2026-06-22 15:59:58  INFO      [main.py:52]  Checking calendars at 15:59:58
2026-06-22 15:59:58  DEBUG     [client.py:31]  GET https://192.168.1.249:5004/scl/get-all-calender
2026-06-22 15:59:58  INFO      [calendar_service.py:44]  Fetched 4 valid session(s).
2026-06-22 15:59:58  INFO      [main.py:66]  Calendar 2106 already ended — skipping.
2026-06-22 15:59:58  INFO      [main.py:66]  Calendar 2106 already ended — skipping.
2026-06-22 16:00:08  INFO      [main.py:52]  Checking calendars at 16:00:08
2026-06-22 16:00:08  DEBUG     [client.py:31]  GET https://192.168.1.249:5004/scl/get-all-calender
2026-06-22 16:00:08  INFO      [calendar_service.py:44]  Fetched 4 valid session(s).
2026-06-22 16:00:08  INFO      [main.py:66]  Calendar 2106 already ended — skipping.
2026-06-22 16:00:08  INFO      [main.py:66]  Calendar 2106 already ended — skipping.
2026-06-22 16:00:18  INFO      [main.py:52]  Checking calendars at 16:00:18
2026-06-22 16:00:18  DEBUG     [client.py:31]  GET https://192.168.1.249:5004/scl/get-all-calender
2026-06-22 16:00:18  INFO      [calendar_service.py:44]  Fetched 4 valid session(s).
2026-06-22 16:00:18  INFO      [main.py:66]  Calendar 2106 already ended — skipping.
2026-06-22 16:00:18  INFO      [main.py:66]  Calendar 2106 already ended — skipping.
2026-06-22 16:00:28  INFO      [main.py:52]  Checking calendars at 16:00:28
2026-06-22 16:00:28  DEBUG     [client.py:31]  GET https://192.168.1.249:5004/scl/get-all-calender
2026-06-22 16:00:28  INFO      [calendar_service.py:44]  Fetched 4 valid session(s).
2026-06-22 16:00:28  INFO      [main.py:66]  Calendar 2106 already ended — skipping.
2026-06-22 16:00:28  INFO      [main.py:66]  Calendar 2106 already ended — skipping.
2026-06-22 16:00:38  INFO      [main.py:52]  Checking calendars at 16:00:38
2026-06-22 16:00:38  DEBUG     [client.py:31]  GET https://192.168.1.249:5004/scl/get-all-calender
2026-06-22 16:00:38  INFO      [calendar_service.py:44]  Fetched 4 valid session(s).
2026-06-22 16:00:38  INFO      [main.py:66]  Calendar 2106 already ended — skipping.
2026-06-22 16:00:38  INFO      [main.py:66]  Calendar 2106 already ended — skipping.
2026-06-22 16:00:48  INFO      [main.py:52]  Checking calendars at 16:00:48
2026-06-22 16:00:48  DEBUG     [client.py:31]  GET https://192.168.1.249:5004/scl/get-all-calender
2026-06-22 16:00:48  INFO      [calendar_service.py:44]  Fetched 4 valid session(s).
2026-06-22 16:00:48  INFO      [main.py:66]  Calendar 2106 already ended — skipping.
2026-06-22 16:00:48  INFO      [main.py:66]  Calendar 2106 already ended — skipping.
2026-06-22 16:00:58  INFO      [main.py:52]  Checking calendars at 16:00:58
2026-06-22 16:00:58  DEBUG     [client.py:31]  GET https://192.168.1.249:5004/scl/get-all-calender
2026-06-22 16:00:58  INFO      [calendar_service.py:44]  Fetched 4 valid session(s).
2026-06-22 16:00:58  INFO      [main.py:66]  Calendar 2106 already ended — skipping.
2026-06-22 16:00:58  INFO      [main.py:66]  Calendar 2106 already ended — skipping.
2026-06-22 16:01:08  INFO      [main.py:52]  Checking calendars at 16:01:08
2026-06-22 16:01:08  DEBUG     [client.py:31]  GET https://192.168.1.249:5004/scl/get-all-calender
2026-06-22 16:01:08  INFO      [calendar_service.py:44]  Fetched 4 valid session(s).
2026-06-22 16:01:08  INFO      [main.py:66]  Calendar 2106 already ended — skipping.
2026-06-22 16:01:08  INFO      [main.py:66]  Calendar 2106 already ended — skipping.
2026-06-22 16:01:18  INFO      [main.py:52]  Checking calendars at 16:01:18
2026-06-22 16:01:18  DEBUG     [client.py:31]  GET https://192.168.1.249:5004/scl/get-all-calender
2026-06-22 16:01:18  INFO      [calendar_service.py:44]  Fetched 4 valid session(s).
2026-06-22 16:01:18  INFO      [main.py:66]  Calendar 2106 already ended — skipping.
2026-06-22 16:01:18  INFO      [main.py:66]  Calendar 2106 already ended — skipping.
2026-06-22 16:01:29  INFO      [main.py:52]  Checking calendars at 16:01:29
2026-06-22 16:01:29  DEBUG     [client.py:31]  GET https://192.168.1.249:5004/scl/get-all-calender
2026-06-22 16:01:29  INFO      [calendar_service.py:44]  Fetched 4 valid session(s).
2026-06-22 16:01:29  INFO      [main.py:66]  Calendar 2106 already ended — skipping.
2026-06-22 16:01:29  INFO      [main.py:66]  Calendar 2106 already ended — skipping.
2026-06-22 16:01:39  INFO      [main.py:52]  Checking calendars at 16:01:39
2026-06-22 16:01:39  DEBUG     [client.py:31]  GET https://192.168.1.249:5004/scl/get-all-calender
2026-06-22 16:01:39  INFO      [calendar_service.py:44]  Fetched 4 valid session(s).
2026-06-22 16:01:39  INFO      [main.py:66]  Calendar 2106 already ended — skipping.
2026-06-22 16:01:39  INFO      [main.py:66]  Calendar 2106 already ended — skipping.
2026-06-22 16:01:49  INFO      [main.py:52]  Checking calendars at 16:01:49
2026-06-22 16:01:49  DEBUG     [client.py:31]  GET https://192.168.1.249:5004/scl/get-all-calender
2026-06-22 16:01:49  INFO      [calendar_service.py:44]  Fetched 4 valid session(s).
2026-06-22 16:01:49  INFO      [main.py:66]  Calendar 2106 already ended — skipping.
2026-06-22 16:01:49  INFO      [main.py:66]  Calendar 2106 already ended — skipping.
2026-06-22 16:01:59  INFO      [main.py:52]  Checking calendars at 16:01:59
2026-06-22 16:01:59  DEBUG     [client.py:31]  GET https://192.168.1.249:5004/scl/get-all-calender
2026-06-22 16:01:59  INFO      [calendar_service.py:44]  Fetched 4 valid session(s).
2026-06-22 16:01:59  INFO      [main.py:66]  Calendar 2106 already ended — skipping.
2026-06-22 16:01:59  INFO      [main.py:66]  Calendar 2106 already ended — skipping.
2026-06-22 16:02:09  INFO      [main.py:52]  Checking calendars at 16:02:09
2026-06-22 16:02:09  DEBUG     [client.py:31]  GET https://192.168.1.249:5004/scl/get-all-calender
2026-06-22 16:02:09  INFO      [calendar_service.py:44]  Fetched 4 valid session(s).
2026-06-22 16:02:09  INFO      [main.py:66]  Calendar 2106 already ended — skipping.
2026-06-22 16:02:09  INFO      [main.py:66]  Calendar 2106 already ended — skipping.
2026-06-22 16:02:19  INFO      [main.py:52]  Checking calendars at 16:02:19
2026-06-22 16:02:19  DEBUG     [client.py:31]  GET https://192.168.1.249:5004/scl/get-all-calender
2026-06-22 16:02:19  INFO      [calendar_service.py:44]  Fetched 4 valid session(s).
2026-06-22 16:02:19  INFO      [main.py:66]  Calendar 2106 already ended — skipping.
2026-06-22 16:02:19  INFO      [main.py:66]  Calendar 2106 already ended — skipping.
2026-06-22 16:02:29  INFO      [main.py:52]  Checking calendars at 16:02:29
2026-06-22 16:02:29  DEBUG     [client.py:31]  GET https://192.168.1.249:5004/scl/get-all-calender
2026-06-22 16:02:29  INFO      [calendar_service.py:44]  Fetched 4 valid session(s).
2026-06-22 16:02:29  INFO      [main.py:66]  Calendar 2106 already ended — skipping.
2026-06-22 16:02:29  INFO      [main.py:66]  Calendar 2106 already ended — skipping.
2026-06-22 16:02:39  INFO      [main.py:52]  Checking calendars at 16:02:39
2026-06-22 16:02:39  DEBUG     [client.py:31]  GET https://192.168.1.249:5004/scl/get-all-calender
2026-06-22 16:02:39  INFO      [calendar_service.py:44]  Fetched 4 valid session(s).
2026-06-22 16:02:39  INFO      [main.py:66]  Calendar 2106 already ended — skipping.
2026-06-22 16:02:39  INFO      [main.py:66]  Calendar 2106 already ended — skipping.
2026-06-22 16:02:49  INFO      [main.py:52]  Checking calendars at 16:02:49
2026-06-22 16:02:49  DEBUG     [client.py:31]  GET https://192.168.1.249:5004/scl/get-all-calender
2026-06-22 16:02:49  INFO      [calendar_service.py:44]  Fetched 4 valid session(s).
2026-06-22 16:02:49  INFO      [main.py:66]  Calendar 2106 already ended — skipping.
2026-06-22 16:02:49  INFO      [main.py:66]  Calendar 2106 already ended — skipping.
2026-06-22 16:02:59  INFO      [main.py:52]  Checking calendars at 16:02:59
2026-06-22 16:02:59  DEBUG     [client.py:31]  GET https://192.168.1.249:5004/scl/get-all-calender
2026-06-22 16:02:59  INFO      [calendar_service.py:44]  Fetched 4 valid session(s).
2026-06-22 16:02:59  INFO      [main.py:66]  Calendar 2106 already ended — skipping.
2026-06-22 16:02:59  INFO      [main.py:66]  Calendar 2106 already ended — skipping.
2026-06-22 16:03:09  INFO      [main.py:52]  Checking calendars at 16:03:09
2026-06-22 16:03:09  DEBUG     [client.py:31]  GET https://192.168.1.249:5004/scl/get-all-calender
2026-06-22 16:03:09  INFO      [calendar_service.py:44]  Fetched 4 valid session(s).
2026-06-22 16:03:09  INFO      [main.py:66]  Calendar 2106 already ended — skipping.
2026-06-22 16:03:09  INFO      [main.py:66]  Calendar 2106 already ended — skipping.
2026-06-22 16:03:19  INFO      [main.py:52]  Checking calendars at 16:03:19
2026-06-22 16:03:19  DEBUG     [client.py:31]  GET https://192.168.1.249:5004/scl/get-all-calender
2026-06-22 16:03:19  INFO      [calendar_service.py:44]  Fetched 4 valid session(s).
2026-06-22 16:03:19  INFO      [main.py:66]  Calendar 2106 already ended — skipping.
2026-06-22 16:03:19  INFO      [main.py:66]  Calendar 2106 already ended — skipping.
2026-06-22 16:03:29  INFO      [main.py:52]  Checking calendars at 16:03:29
2026-06-22 16:03:29  DEBUG     [client.py:31]  GET https://192.168.1.249:5004/scl/get-all-calender
2026-06-22 16:03:29  INFO      [calendar_service.py:44]  Fetched 4 valid session(s).
2026-06-22 16:03:29  INFO      [main.py:66]  Calendar 2106 already ended — skipping.
2026-06-22 16:03:29  INFO      [main.py:66]  Calendar 2106 already ended — skipping.
2026-06-22 16:03:39  INFO      [main.py:52]  Checking calendars at 16:03:39
2026-06-22 16:03:39  DEBUG     [client.py:31]  GET https://192.168.1.249:5004/scl/get-all-calender
2026-06-22 16:03:39  INFO      [calendar_service.py:44]  Fetched 4 valid session(s).
2026-06-22 16:03:39  INFO      [main.py:66]  Calendar 2106 already ended — skipping.
2026-06-22 16:03:39  INFO      [main.py:66]  Calendar 2106 already ended — skipping.
2026-06-22 16:03:49  INFO      [main.py:52]  Checking calendars at 16:03:49
2026-06-22 16:03:49  DEBUG     [client.py:31]  GET https://192.168.1.249:5004/scl/get-all-calender
2026-06-22 16:03:49  INFO      [calendar_service.py:44]  Fetched 4 valid session(s).
2026-06-22 16:03:49  INFO      [main.py:66]  Calendar 2106 already ended — skipping.
2026-06-22 16:03:49  INFO      [main.py:66]  Calendar 2106 already ended — skipping.
2026-06-22 16:03:59  INFO      [main.py:52]  Checking calendars at 16:03:59
2026-06-22 16:03:59  DEBUG     [client.py:31]  GET https://192.168.1.249:5004/scl/get-all-calender
2026-06-22 16:03:59  INFO      [calendar_service.py:44]  Fetched 4 valid session(s).
2026-06-22 16:03:59  INFO      [main.py:66]  Calendar 2106 already ended — skipping.
2026-06-22 16:03:59  INFO      [main.py:66]  Calendar 2106 already ended — skipping.
2026-06-22 16:04:09  INFO      [main.py:52]  Checking calendars at 16:04:09
2026-06-22 16:04:09  DEBUG     [client.py:31]  GET https://192.168.1.249:5004/scl/get-all-calender
2026-06-22 16:04:09  INFO      [calendar_service.py:44]  Fetched 4 valid session(s).
2026-06-22 16:04:09  INFO      [main.py:66]  Calendar 2106 already ended — skipping.
2026-06-22 16:04:09  INFO      [main.py:66]  Calendar 2106 already ended — skipping.
2026-06-22 16:04:19  INFO      [main.py:52]  Checking calendars at 16:04:19
2026-06-22 16:04:19  DEBUG     [client.py:31]  GET https://192.168.1.249:5004/scl/get-all-calender
2026-06-22 16:04:19  INFO      [calendar_service.py:44]  Fetched 4 valid session(s).
2026-06-22 16:04:19  INFO      [main.py:66]  Calendar 2106 already ended — skipping.
2026-06-22 16:04:19  INFO      [main.py:66]  Calendar 2106 already ended — skipping.
2026-06-22 16:04:29  INFO      [main.py:52]  Checking calendars at 16:04:29
2026-06-22 16:04:29  DEBUG     [client.py:31]  GET https://192.168.1.249:5004/scl/get-all-calender
2026-06-22 16:04:29  INFO      [calendar_service.py:44]  Fetched 4 valid session(s).
2026-06-22 16:04:29  INFO      [main.py:66]  Calendar 2106 already ended — skipping.
2026-06-22 16:04:29  INFO      [main.py:66]  Calendar 2106 already ended — skipping.
2026-06-22 16:04:39  INFO      [main.py:52]  Checking calendars at 16:04:39
2026-06-22 16:04:39  DEBUG     [client.py:31]  GET https://192.168.1.249:5004/scl/get-all-calender
2026-06-22 16:04:39  INFO      [calendar_service.py:44]  Fetched 4 valid session(s).
2026-06-22 16:04:39  INFO      [main.py:66]  Calendar 2106 already ended — skipping.
2026-06-22 16:04:39  INFO      [main.py:66]  Calendar 2106 already ended — skipping.
2026-06-22 16:04:49  INFO      [main.py:52]  Checking calendars at 16:04:49
2026-06-22 16:04:49  DEBUG     [client.py:31]  GET https://192.168.1.249:5004/scl/get-all-calender
2026-06-22 16:04:49  INFO      [calendar_service.py:44]  Fetched 4 valid session(s).
2026-06-22 16:04:49  INFO      [main.py:66]  Calendar 2106 already ended — skipping.
2026-06-22 16:04:49  INFO      [main.py:66]  Calendar 2106 already ended — skipping.
2026-06-22 16:04:59  INFO      [main.py:52]  Checking calendars at 16:04:59
2026-06-22 16:04:59  DEBUG     [client.py:31]  GET https://192.168.1.249:5004/scl/get-all-calender
2026-06-22 16:04:59  INFO      [calendar_service.py:44]  Fetched 4 valid session(s).
2026-06-22 16:04:59  INFO      [main.py:66]  Calendar 2106 already ended — skipping.
2026-06-22 16:04:59  INFO      [main.py:66]  Calendar 2106 already ended — skipping.
2026-06-22 16:05:09  INFO      [main.py:52]  Checking calendars at 16:05:09
2026-06-22 16:05:09  DEBUG     [client.py:31]  GET https://192.168.1.249:5004/scl/get-all-calender
2026-06-22 16:05:09  INFO      [calendar_service.py:44]  Fetched 4 valid session(s).
2026-06-22 16:05:09  INFO      [main.py:66]  Calendar 2106 already ended — skipping.
2026-06-22 16:05:09  INFO      [main.py:66]  Calendar 2106 already ended — skipping.
2026-06-22 16:05:19  INFO      [main.py:52]  Checking calendars at 16:05:19
2026-06-22 16:05:19  DEBUG     [client.py:31]  GET https://192.168.1.249:5004/scl/get-all-calender
2026-06-22 16:05:19  INFO      [calendar_service.py:44]  Fetched 4 valid session(s).
2026-06-22 16:05:19  INFO      [main.py:66]  Calendar 2106 already ended — skipping.
2026-06-22 16:05:19  INFO      [main.py:66]  Calendar 2106 already ended — skipping.
2026-06-22 16:05:30  INFO      [main.py:52]  Checking calendars at 16:05:30
2026-06-22 16:05:30  DEBUG     [client.py:31]  GET https://192.168.1.249:5004/scl/get-all-calender
2026-06-22 16:05:30  INFO      [calendar_service.py:44]  Fetched 4 valid session(s).
2026-06-22 16:05:30  INFO      [main.py:66]  Calendar 2106 already ended — skipping.
2026-06-22 16:05:30  INFO      [main.py:66]  Calendar 2106 already ended — skipping.
2026-06-22 16:05:40  INFO      [main.py:52]  Checking calendars at 16:05:40
2026-06-22 16:05:40  DEBUG     [client.py:31]  GET https://192.168.1.249:5004/scl/get-all-calender
2026-06-22 16:05:40  INFO      [calendar_service.py:44]  Fetched 4 valid session(s).
2026-06-22 16:05:40  INFO      [main.py:66]  Calendar 2106 already ended — skipping.
2026-06-22 16:05:40  INFO      [main.py:66]  Calendar 2106 already ended — skipping.
2026-06-22 16:05:50  INFO      [main.py:52]  Checking calendars at 16:05:50
2026-06-22 16:05:50  DEBUG     [client.py:31]  GET https://192.168.1.249:5004/scl/get-all-calender
2026-06-22 16:05:50  INFO      [calendar_service.py:44]  Fetched 4 valid session(s).
2026-06-22 16:05:50  INFO      [main.py:66]  Calendar 2106 already ended — skipping.
2026-06-22 16:05:50  INFO      [main.py:66]  Calendar 2106 already ended — skipping.
2026-06-22 16:06:00  INFO      [main.py:52]  Checking calendars at 16:06:00
2026-06-22 16:06:00  DEBUG     [client.py:31]  GET https://192.168.1.249:5004/scl/get-all-calender
2026-06-22 16:06:00  INFO      [calendar_service.py:44]  Fetched 4 valid session(s).
2026-06-22 16:06:00  INFO      [main.py:66]  Calendar 2106 already ended — skipping.
2026-06-22 16:06:00  INFO      [main.py:66]  Calendar 2106 already ended — skipping.
2026-06-22 16:06:10  INFO      [main.py:52]  Checking calendars at 16:06:10
2026-06-22 16:06:10  DEBUG     [client.py:31]  GET https://192.168.1.249:5004/scl/get-all-calender
2026-06-22 16:06:10  INFO      [calendar_service.py:44]  Fetched 4 valid session(s).
2026-06-22 16:06:10  INFO      [main.py:66]  Calendar 2106 already ended — skipping.
2026-06-22 16:06:10  INFO      [main.py:66]  Calendar 2106 already ended — skipping.
2026-06-22 16:06:20  INFO      [main.py:52]  Checking calendars at 16:06:20
2026-06-22 16:06:20  DEBUG     [client.py:31]  GET https://192.168.1.249:5004/scl/get-all-calender
2026-06-22 16:06:20  INFO      [calendar_service.py:44]  Fetched 4 valid session(s).
2026-06-22 16:06:20  INFO      [main.py:66]  Calendar 2106 already ended — skipping.
2026-06-22 16:06:20  INFO      [main.py:66]  Calendar 2106 already ended — skipping.
2026-06-22 16:06:30  INFO      [main.py:52]  Checking calendars at 16:06:30
2026-06-22 16:06:30  DEBUG     [client.py:31]  GET https://192.168.1.249:5004/scl/get-all-calender
2026-06-22 16:06:30  INFO      [calendar_service.py:44]  Fetched 4 valid session(s).
2026-06-22 16:06:30  INFO      [main.py:66]  Calendar 2106 already ended — skipping.
2026-06-22 16:06:30  INFO      [main.py:66]  Calendar 2106 already ended — skipping.
2026-06-22 16:06:40  INFO      [main.py:52]  Checking calendars at 16:06:40
2026-06-22 16:06:40  DEBUG     [client.py:31]  GET https://192.168.1.249:5004/scl/get-all-calender
2026-06-22 16:06:40  INFO      [calendar_service.py:44]  Fetched 4 valid session(s).
2026-06-22 16:06:40  INFO      [main.py:66]  Calendar 2106 already ended — skipping.
2026-06-22 16:06:40  INFO      [main.py:66]  Calendar 2106 already ended — skipping.
2026-06-22 16:06:50  INFO      [main.py:52]  Checking calendars at 16:06:50
2026-06-22 16:06:50  DEBUG     [client.py:31]  GET https://192.168.1.249:5004/scl/get-all-calender
2026-06-22 16:06:50  INFO      [calendar_service.py:44]  Fetched 4 valid session(s).
2026-06-22 16:06:50  INFO      [main.py:66]  Calendar 2106 already ended — skipping.
2026-06-22 16:06:50  INFO      [main.py:66]  Calendar 2106 already ended — skipping.
2026-06-22 16:07:00  INFO      [main.py:52]  Checking calendars at 16:07:00
2026-06-22 16:07:00  DEBUG     [client.py:31]  GET https://192.168.1.249:5004/scl/get-all-calender
2026-06-22 16:07:00  INFO      [calendar_service.py:44]  Fetched 4 valid session(s).
2026-06-22 16:07:00  INFO      [main.py:66]  Calendar 2106 already ended — skipping.
2026-06-22 16:07:00  INFO      [main.py:66]  Calendar 2106 already ended — skipping.
2026-06-22 16:07:10  INFO      [main.py:52]  Checking calendars at 16:07:10
2026-06-22 16:07:10  DEBUG     [client.py:31]  GET https://192.168.1.249:5004/scl/get-all-calender
2026-06-22 16:07:10  INFO      [calendar_service.py:44]  Fetched 4 valid session(s).
2026-06-22 16:07:10  INFO      [main.py:66]  Calendar 2106 already ended — skipping.
2026-06-22 16:07:10  INFO      [main.py:66]  Calendar 2106 already ended — skipping.
2026-06-22 16:07:20  INFO      [main.py:52]  Checking calendars at 16:07:20
2026-06-22 16:07:20  DEBUG     [client.py:31]  GET https://192.168.1.249:5004/scl/get-all-calender
2026-06-22 16:07:20  INFO      [calendar_service.py:44]  Fetched 4 valid session(s).
2026-06-22 16:07:20  INFO      [main.py:66]  Calendar 2106 already ended — skipping.
2026-06-22 16:07:20  INFO      [main.py:66]  Calendar 2106 already ended — skipping.
2026-06-22 16:07:30  INFO      [main.py:52]  Checking calendars at 16:07:30
2026-06-22 16:07:30  DEBUG     [client.py:31]  GET https://192.168.1.249:5004/scl/get-all-calender
2026-06-22 16:07:30  INFO      [calendar_service.py:44]  Fetched 4 valid session(s).
2026-06-22 16:07:30  INFO      [main.py:66]  Calendar 2106 already ended — skipping.
2026-06-22 16:07:30  INFO      [main.py:66]  Calendar 2106 already ended — skipping.
2026-06-22 16:07:40  INFO      [main.py:52]  Checking calendars at 16:07:40
2026-06-22 16:07:40  DEBUG     [client.py:31]  GET https://192.168.1.249:5004/scl/get-all-calender
2026-06-22 16:07:40  INFO      [calendar_service.py:44]  Fetched 4 valid session(s).
2026-06-22 16:07:40  INFO      [main.py:66]  Calendar 2106 already ended — skipping.
2026-06-22 16:07:40  INFO      [main.py:66]  Calendar 2106 already ended — skipping.
2026-06-22 16:07:50  INFO      [main.py:52]  Checking calendars at 16:07:50
2026-06-22 16:07:50  DEBUG     [client.py:31]  GET https://192.168.1.249:5004/scl/get-all-calender
2026-06-22 16:07:50  INFO      [calendar_service.py:44]  Fetched 4 valid session(s).
2026-06-22 16:07:50  INFO      [main.py:66]  Calendar 2106 already ended — skipping.
2026-06-22 16:07:50  INFO      [main.py:66]  Calendar 2106 already ended — skipping.
2026-06-22 16:08:00  INFO      [main.py:52]  Checking calendars at 16:08:00
2026-06-22 16:08:00  DEBUG     [client.py:31]  GET https://192.168.1.249:5004/scl/get-all-calender
2026-06-22 16:08:00  INFO      [calendar_service.py:44]  Fetched 4 valid session(s).
2026-06-22 16:08:00  INFO      [main.py:66]  Calendar 2106 already ended — skipping.
2026-06-22 16:08:00  INFO      [main.py:66]  Calendar 2106 already ended — skipping.
2026-06-22 16:08:10  INFO      [main.py:52]  Checking calendars at 16:08:10
2026-06-22 16:08:10  DEBUG     [client.py:31]  GET https://192.168.1.249:5004/scl/get-all-calender
2026-06-22 16:08:10  INFO      [calendar_service.py:44]  Fetched 4 valid session(s).
2026-06-22 16:08:10  INFO      [main.py:66]  Calendar 2106 already ended — skipping.
2026-06-22 16:08:10  INFO      [main.py:66]  Calendar 2106 already ended — skipping.
2026-06-22 16:08:20  INFO      [main.py:52]  Checking calendars at 16:08:20
2026-06-22 16:08:20  DEBUG     [client.py:31]  GET https://192.168.1.249:5004/scl/get-all-calender
2026-06-22 16:08:20  INFO      [calendar_service.py:44]  Fetched 4 valid session(s).
2026-06-22 16:08:20  INFO      [main.py:66]  Calendar 2106 already ended — skipping.
2026-06-22 16:08:20  INFO      [main.py:66]  Calendar 2106 already ended — skipping.
2026-06-22 16:08:30  INFO      [main.py:52]  Checking calendars at 16:08:30
2026-06-22 16:08:30  DEBUG     [client.py:31]  GET https://192.168.1.249:5004/scl/get-all-calender
2026-06-22 16:08:30  INFO      [calendar_service.py:44]  Fetched 4 valid session(s).
2026-06-22 16:08:30  INFO      [main.py:66]  Calendar 2106 already ended — skipping.
2026-06-22 16:08:30  INFO      [main.py:66]  Calendar 2106 already ended — skipping.
2026-06-22 16:08:40  INFO      [main.py:52]  Checking calendars at 16:08:40
2026-06-22 16:08:40  DEBUG     [client.py:31]  GET https://192.168.1.249:5004/scl/get-all-calender
2026-06-22 16:08:40  INFO      [calendar_service.py:44]  Fetched 4 valid session(s).
2026-06-22 16:08:40  INFO      [main.py:66]  Calendar 2106 already ended — skipping.
2026-06-22 16:08:40  INFO      [main.py:66]  Calendar 2106 already ended — skipping.
2026-06-22 16:08:50  INFO      [main.py:52]  Checking calendars at 16:08:50
2026-06-22 16:08:50  DEBUG     [client.py:31]  GET https://192.168.1.249:5004/scl/get-all-calender
2026-06-22 16:08:50  INFO      [calendar_service.py:44]  Fetched 4 valid session(s).
2026-06-22 16:08:50  INFO      [main.py:66]  Calendar 2106 already ended — skipping.
2026-06-22 16:08:50  INFO      [main.py:66]  Calendar 2106 already ended — skipping.
2026-06-22 16:09:00  INFO      [main.py:52]  Checking calendars at 16:09:00
2026-06-22 16:09:00  DEBUG     [client.py:31]  GET https://192.168.1.249:5004/scl/get-all-calender
2026-06-22 16:09:00  INFO      [calendar_service.py:44]  Fetched 4 valid session(s).
2026-06-22 16:09:00  INFO      [main.py:66]  Calendar 2106 already ended — skipping.
2026-06-22 16:09:00  INFO      [main.py:66]  Calendar 2106 already ended — skipping.
2026-06-22 16:09:10  INFO      [main.py:52]  Checking calendars at 16:09:10
2026-06-22 16:09:10  DEBUG     [client.py:31]  GET https://192.168.1.249:5004/scl/get-all-calender
2026-06-22 16:09:10  INFO      [calendar_service.py:44]  Fetched 4 valid session(s).
2026-06-22 16:09:10  INFO      [main.py:66]  Calendar 2106 already ended — skipping.
2026-06-22 16:09:10  INFO      [main.py:66]  Calendar 2106 already ended — skipping.
2026-06-22 16:09:20  INFO      [main.py:52]  Checking calendars at 16:09:20
2026-06-22 16:09:20  DEBUG     [client.py:31]  GET https://192.168.1.249:5004/scl/get-all-calender
2026-06-22 16:09:20  INFO      [calendar_service.py:44]  Fetched 4 valid session(s).
2026-06-22 16:09:20  INFO      [main.py:66]  Calendar 2106 already ended — skipping.
2026-06-22 16:09:20  INFO      [main.py:66]  Calendar 2106 already ended — skipping.
2026-06-22 16:09:30  INFO      [main.py:52]  Checking calendars at 16:09:30
2026-06-22 16:09:30  DEBUG     [client.py:31]  GET https://192.168.1.249:5004/scl/get-all-calender
2026-06-22 16:09:30  INFO      [calendar_service.py:44]  Fetched 4 valid session(s).
2026-06-22 16:09:30  INFO      [main.py:66]  Calendar 2106 already ended — skipping.
2026-06-22 16:09:30  INFO      [main.py:66]  Calendar 2106 already ended — skipping.
2026-06-22 16:09:40  INFO      [main.py:52]  Checking calendars at 16:09:40
2026-06-22 16:09:40  DEBUG     [client.py:31]  GET https://192.168.1.249:5004/scl/get-all-calender
2026-06-22 16:09:40  INFO      [calendar_service.py:44]  Fetched 4 valid session(s).
2026-06-22 16:09:40  INFO      [main.py:66]  Calendar 2106 already ended — skipping.
2026-06-22 16:09:40  INFO      [main.py:66]  Calendar 2106 already ended — skipping.
2026-06-22 16:09:50  INFO      [main.py:52]  Checking calendars at 16:09:50
2026-06-22 16:09:50  DEBUG     [client.py:31]  GET https://192.168.1.249:5004/scl/get-all-calender
2026-06-22 16:09:50  INFO      [calendar_service.py:44]  Fetched 4 valid session(s).
2026-06-22 16:09:50  INFO      [main.py:66]  Calendar 2106 already ended — skipping.
2026-06-22 16:09:50  INFO      [main.py:66]  Calendar 2106 already ended — skipping.
