2026-06-23 10:00:07  INFO      [main.py:32]  Server is starting...
2026-06-23 10:00:07  ERROR     [auth_service.py:28]  Cannot connect to Flask server at https://192.168.1.249:5004/scl/login_slc
2026-06-23 10:00:07  ERROR     [main.py:37]  Login failed. Exiting.
2026-06-23 10:00:28  INFO      [main.py:32]  Server is starting...
2026-06-23 10:00:28  INFO      [auth_service.py:23]  Login successful.
2026-06-23 10:00:28  INFO      [main.py:52]  Checking calendars at 10:00:28
2026-06-23 10:00:28  DEBUG     [client.py:31]  GET https://192.168.1.249:5004/scl/get-all-calender
2026-06-23 10:00:28  INFO      [calendar_service.py:44]  Fetched 0 valid session(s).
2026-06-23 10:00:28  INFO      [main.py:58]  No calendars found for today.
2026-06-23 10:08:29  INFO      [main.py:32]  Server is starting...
2026-06-23 10:08:29  INFO      [auth_service.py:23]  Login successful.
2026-06-23 10:08:29  INFO      [main.py:52]  Checking calendars at 10:08:29
2026-06-23 10:08:29  DEBUG     [client.py:31]  GET https://192.168.1.249:5004/scl/get-all-calender
2026-06-23 10:08:29  INFO      [calendar_service.py:44]  Fetched 0 valid session(s).
2026-06-23 10:08:29  INFO      [main.py:58]  No calendars found for today.
2026-06-23 10:08:39  INFO      [main.py:52]  Checking calendars at 10:08:39
2026-06-23 10:08:39  DEBUG     [client.py:31]  GET https://192.168.1.249:5004/scl/get-all-calender
2026-06-23 10:08:39  INFO      [calendar_service.py:44]  Fetched 0 valid session(s).
2026-06-23 10:08:39  INFO      [main.py:58]  No calendars found for today.
2026-06-23 10:08:49  INFO      [main.py:52]  Checking calendars at 10:08:49
2026-06-23 10:08:49  DEBUG     [client.py:31]  GET https://192.168.1.249:5004/scl/get-all-calender
2026-06-23 10:08:49  INFO      [calendar_service.py:44]  Fetched 0 valid session(s).
2026-06-23 10:08:49  INFO      [main.py:58]  No calendars found for today.
2026-06-23 10:08:59  INFO      [main.py:52]  Checking calendars at 10:08:59
2026-06-23 10:08:59  DEBUG     [client.py:31]  GET https://192.168.1.249:5004/scl/get-all-calender
2026-06-23 10:08:59  INFO      [calendar_service.py:44]  Fetched 0 valid session(s).
2026-06-23 10:08:59  INFO      [main.py:58]  No calendars found for today.
2026-06-23 10:09:09  INFO      [main.py:52]  Checking calendars at 10:09:09
2026-06-23 10:09:09  DEBUG     [client.py:31]  GET https://192.168.1.249:5004/scl/get-all-calender
2026-06-23 10:09:09  INFO      [calendar_service.py:44]  Fetched 0 valid session(s).
2026-06-23 10:09:09  INFO      [main.py:58]  No calendars found for today.
2026-06-23 10:09:19  INFO      [main.py:52]  Checking calendars at 10:09:19
2026-06-23 10:09:19  DEBUG     [client.py:31]  GET https://192.168.1.249:5004/scl/get-all-calender
2026-06-23 10:09:19  INFO      [calendar_service.py:44]  Fetched 0 valid session(s).
2026-06-23 10:09:19  INFO      [main.py:58]  No calendars found for today.
2026-06-23 10:09:29  INFO      [main.py:52]  Checking calendars at 10:09:29
2026-06-23 10:09:29  DEBUG     [client.py:31]  GET https://192.168.1.249:5004/scl/get-all-calender
2026-06-23 10:09:29  INFO      [calendar_service.py:44]  Fetched 0 valid session(s).
2026-06-23 10:09:29  INFO      [main.py:58]  No calendars found for today.
2026-06-23 10:09:40  INFO      [main.py:52]  Checking calendars at 10:09:40
2026-06-23 10:09:40  DEBUG     [client.py:31]  GET https://192.168.1.249:5004/scl/get-all-calender
2026-06-23 10:09:40  INFO      [calendar_service.py:44]  Fetched 0 valid session(s).
2026-06-23 10:09:40  INFO      [main.py:58]  No calendars found for today.
2026-06-23 10:09:50  INFO      [main.py:52]  Checking calendars at 10:09:50
2026-06-23 10:09:50  DEBUG     [client.py:31]  GET https://192.168.1.249:5004/scl/get-all-calender
2026-06-23 10:09:50  INFO      [calendar_service.py:44]  Fetched 2 valid session(s).
2026-06-23 10:09:50  INFO      [main.py:87]  Processing calendar 2108 in room 7...
2026-06-23 10:09:50  DEBUG     [client.py:31]  GET https://192.168.1.249:5004/scl/get-all-camera-room/7
2026-06-23 10:09:50  INFO      [camera_service.py:11]  Fond 1 camera(s) in room7.
2026-06-23 10:09:50  DEBUG     [client.py:31]  GET https://192.168.1.249:5004/scl/get-attendance/2108
2026-06-23 10:09:50  INFO      [student_service.py:11]  Found 2 student(s) for calendar 2108
2026-06-23 10:09:50  INFO      [main.py:100]  Enrolling students for calendar 2108...
2026-06-23 10:09:52  INFO      [recognition.py:42]  Found 0 subject(s) already enrolled in CompreFace.
2026-06-23 10:09:56  INFO      [recognition.py:90]  Enrolled image face_20260107_095726_913.jpg for student 3.
2026-06-23 10:09:57  INFO      [recognition.py:90]  Enrolled image face_20260107_095605_990.jpg for student 3.
2026-06-23 10:09:57  INFO      [recognition.py:90]  Enrolled image face_20260107_095724_366.jpg for student 3.
2026-06-23 10:09:57  INFO      [recognition.py:90]  Enrolled image face_20260107_100121_984.jpg for student 3.
2026-06-23 10:09:58  INFO      [recognition.py:90]  Enrolled image face_20250722_113315.jpg for student 3.
2026-06-23 10:09:58  INFO      [recognition.py:90]  Enrolled image face_20250715_133750.jpg for student 3.
2026-06-23 10:09:58  INFO      [recognition.py:90]  Enrolled image face_20260107_095703_836.jpg for student 3.
2026-06-23 10:09:58  INFO      [recognition.py:90]  Enrolled image face_20260618_141525_609.jpg for student 683.
2026-06-23 10:09:58  INFO      [recognition.py:90]  Enrolled image face_20260618_141525_122.jpg for student 683.
2026-06-23 10:09:58  INFO      [recognition.py:90]  Enrolled image face_20260618_141527_511.jpg for student 683.
2026-06-23 10:09:59  INFO      [recognition.py:90]  Enrolled image face_20260618_141658_344.jpg for student 683.
2026-06-23 10:09:59  INFO      [recognition.py:90]  Enrolled image face_20260618_141653_362.jpg for student 683.
2026-06-23 10:09:59  INFO      [recognition.py:90]  Enrolled image face_20260618_141656_937.jpg for student 683.
2026-06-23 10:09:59  INFO      [recognition.py:90]  Enrolled image face_20260618_141525_506.jpg for student 683.
2026-06-23 10:09:59  INFO      [recognition.py:98]  Enrollment complete — 2/2 student(s) enrolled.
2026-06-23 10:09:59  INFO      [detector.py:16]  Starting detection for calendar 2108 in room 7...
2026-06-23 10:09:59  INFO      [detector.py:74]  Starting webcam process — device: /dev/video0
2026-06-23 10:09:59  INFO      [detector.py:104]  Started 2 process(es) for calendar 2108 (1 camera(s) + 1 recognition worker).
2026-06-23 10:09:59  INFO      [main.py:126]  Calendar 2108 started — 2 process(es) running.
2026-06-23 10:09:59  INFO      [main.py:84]  Calendar 2108 already started — skipping.
2026-06-23 10:09:59  INFO      [main.py:188]  Calendar 2108 still running (7m 9s remaining).
2026-06-23 10:09:59  INFO      [main.py:200]  Active calendars: [2108]
2026-06-23 10:10:09  INFO      [main.py:52]  Checking calendars at 10:10:09
2026-06-23 10:10:09  DEBUG     [client.py:31]  GET https://192.168.1.249:5004/scl/get-all-calender
2026-06-23 10:10:09  INFO      [calendar_service.py:44]  Fetched 2 valid session(s).
2026-06-23 10:10:09  INFO      [main.py:84]  Calendar 2108 already started — skipping.
2026-06-23 10:10:09  INFO      [main.py:84]  Calendar 2108 already started — skipping.
2026-06-23 10:10:09  INFO      [main.py:188]  Calendar 2108 still running (6m 50s remaining).
2026-06-23 10:10:09  INFO      [main.py:200]  Active calendars: [2108]
2026-06-23 10:10:19  INFO      [main.py:52]  Checking calendars at 10:10:19
2026-06-23 10:10:19  DEBUG     [client.py:31]  GET https://192.168.1.249:5004/scl/get-all-calender
2026-06-23 10:10:19  INFO      [calendar_service.py:44]  Fetched 2 valid session(s).
2026-06-23 10:10:19  INFO      [main.py:84]  Calendar 2108 already started — skipping.
2026-06-23 10:10:19  INFO      [main.py:84]  Calendar 2108 already started — skipping.
2026-06-23 10:10:19  INFO      [main.py:188]  Calendar 2108 still running (6m 40s remaining).
2026-06-23 10:10:19  INFO      [main.py:200]  Active calendars: [2108]
2026-06-23 10:10:29  INFO      [main.py:52]  Checking calendars at 10:10:29
2026-06-23 10:10:29  DEBUG     [client.py:31]  GET https://192.168.1.249:5004/scl/get-all-calender
2026-06-23 10:10:29  INFO      [calendar_service.py:44]  Fetched 2 valid session(s).
2026-06-23 10:10:29  INFO      [main.py:84]  Calendar 2108 already started — skipping.
2026-06-23 10:10:29  INFO      [main.py:84]  Calendar 2108 already started — skipping.
2026-06-23 10:10:29  INFO      [main.py:188]  Calendar 2108 still running (6m 30s remaining).
2026-06-23 10:10:29  INFO      [main.py:200]  Active calendars: [2108]
2026-06-23 10:10:39  INFO      [main.py:52]  Checking calendars at 10:10:39
2026-06-23 10:10:39  DEBUG     [client.py:31]  GET https://192.168.1.249:5004/scl/get-all-calender
2026-06-23 10:10:39  INFO      [calendar_service.py:44]  Fetched 2 valid session(s).
2026-06-23 10:10:39  INFO      [main.py:84]  Calendar 2108 already started — skipping.
2026-06-23 10:10:39  INFO      [main.py:84]  Calendar 2108 already started — skipping.
2026-06-23 10:10:39  INFO      [main.py:188]  Calendar 2108 still running (6m 20s remaining).
2026-06-23 10:10:39  INFO      [main.py:200]  Active calendars: [2108]
2026-06-23 10:10:49  INFO      [main.py:52]  Checking calendars at 10:10:49
2026-06-23 10:10:49  DEBUG     [client.py:31]  GET https://192.168.1.249:5004/scl/get-all-calender
2026-06-23 10:10:49  INFO      [calendar_service.py:44]  Fetched 2 valid session(s).
2026-06-23 10:10:49  INFO      [main.py:84]  Calendar 2108 already started — skipping.
2026-06-23 10:10:49  INFO      [main.py:84]  Calendar 2108 already started — skipping.
2026-06-23 10:10:49  INFO      [main.py:188]  Calendar 2108 still running (6m 10s remaining).
2026-06-23 10:10:49  INFO      [main.py:200]  Active calendars: [2108]
2026-06-23 10:10:59  INFO      [main.py:52]  Checking calendars at 10:10:59
2026-06-23 10:10:59  DEBUG     [client.py:31]  GET https://192.168.1.249:5004/scl/get-all-calender
2026-06-23 10:10:59  INFO      [calendar_service.py:44]  Fetched 2 valid session(s).
2026-06-23 10:10:59  INFO      [main.py:84]  Calendar 2108 already started — skipping.
2026-06-23 10:10:59  INFO      [main.py:84]  Calendar 2108 already started — skipping.
2026-06-23 10:10:59  INFO      [main.py:188]  Calendar 2108 still running (6m 0s remaining).
2026-06-23 10:10:59  INFO      [main.py:200]  Active calendars: [2108]
2026-06-23 10:11:26  INFO      [main.py:32]  Server is starting...
2026-06-23 10:11:26  INFO      [auth_service.py:23]  Login successful.
2026-06-23 10:11:26  INFO      [main.py:52]  Checking calendars at 10:11:26
2026-06-23 10:11:26  DEBUG     [client.py:31]  GET https://192.168.1.249:5004/scl/get-all-calender
2026-06-23 10:11:26  INFO      [calendar_service.py:44]  Fetched 2 valid session(s).
2026-06-23 10:11:26  INFO      [main.py:87]  Processing calendar 2108 in room 7...
2026-06-23 10:11:26  DEBUG     [client.py:31]  GET https://192.168.1.249:5004/scl/get-all-camera-room/7
2026-06-23 10:11:26  INFO      [camera_service.py:11]  Fond 1 camera(s) in room7.
2026-06-23 10:11:26  DEBUG     [client.py:31]  GET https://192.168.1.249:5004/scl/get-attendance/2108
2026-06-23 10:11:26  INFO      [student_service.py:11]  Found 2 student(s) for calendar 2108
2026-06-23 10:11:26  INFO      [main.py:100]  Enrolling students for calendar 2108...
2026-06-23 10:11:26  INFO      [recognition.py:42]  Found 2 subject(s) already enrolled in CompreFace.
2026-06-23 10:11:26  INFO      [recognition.py:57]  Student 3 already enrolled in CompreFace — skipping.
2026-06-23 10:11:26  INFO      [recognition.py:57]  Student 683 already enrolled in CompreFace — skipping.
2026-06-23 10:11:26  INFO      [recognition.py:98]  Enrollment complete — 0/2 student(s) enrolled.
2026-06-23 10:11:26  INFO      [detector.py:16]  Starting detection for calendar 2108 in room 7...
2026-06-23 10:11:28  INFO      [detector.py:75]  Starting webcam process — device: /dev/video0
2026-06-23 10:11:28  INFO      [detector.py:105]  Started 2 process(es) for calendar 2108 (1 camera(s) + 1 recognition worker).
2026-06-23 10:11:29  INFO      [main.py:126]  Calendar 2108 started — 2 process(es) running.
2026-06-23 10:11:29  INFO      [main.py:84]  Calendar 2108 already started — skipping.
2026-06-23 10:11:29  INFO      [main.py:188]  Calendar 2108 still running (5m 33s remaining).
2026-06-23 10:11:29  INFO      [main.py:200]  Active calendars: [2108]
2026-06-23 10:11:31  INFO      [recognition_worker.py:38]  Recognition worker started for calendar 2108 — 2 student(s) to recognize.
2026-06-23 10:11:31  INFO      [camera.py:126]  CUDA is available — using GPU.
2026-06-23 10:11:31  INFO      [camera.py:135]  YOLO model loaded successfully.
2026-06-23 10:11:31  INFO      [session.py:29]  Created dataset folders for calendar 2108.
2026-06-23 10:11:31  INFO      [camera.py:182]  Connecting to webcam: /dev/video0
2026-06-23 10:11:31  INFO      [camera.py:207]  Connected to webcam — running face detection...
2026-06-23 10:11:36  INFO      [camera.py:47]  Initializing InsightFace quality checker...
2026-06-23 10:11:39  INFO      [main.py:52]  Checking calendars at 10:11:39
2026-06-23 10:11:39  DEBUG     [client.py:31]  GET https://192.168.1.249:5004/scl/get-all-calender
2026-06-23 10:11:39  INFO      [calendar_service.py:44]  Fetched 2 valid session(s).
2026-06-23 10:11:39  INFO      [main.py:84]  Calendar 2108 already started — skipping.
2026-06-23 10:11:39  INFO      [main.py:84]  Calendar 2108 already started — skipping.
2026-06-23 10:11:39  INFO      [main.py:188]  Calendar 2108 still running (5m 20s remaining).
2026-06-23 10:11:39  INFO      [main.py:200]  Active calendars: [2108]
2026-06-23 10:11:41  INFO      [camera.py:51]  InsightFace ready on GPU.
2026-06-23 10:11:44  DEBUG     [camera.py:96]  Rejected — InsightFace found no face.
2026-06-23 10:11:44  INFO      [camera.py:265]  Face detected — YOLO conf: 0.789 — quality score: 0.0 — good: False
2026-06-23 10:11:45  DEBUG     [camera.py:96]  Rejected — InsightFace found no face.
2026-06-23 10:11:45  INFO      [camera.py:265]  Face detected — YOLO conf: 0.883 — quality score: 0.0 — good: False
2026-06-23 10:11:48  DEBUG     [camera.py:111]  Quality — score: 0.524 blur: 142.1 brightness: 84.4
2026-06-23 10:11:48  INFO      [camera.py:265]  Face detected — YOLO conf: 0.890 — quality score: 0.524 — good: True
2026-06-23 10:11:49  INFO      [main.py:52]  Checking calendars at 10:11:49
2026-06-23 10:11:49  DEBUG     [client.py:31]  GET https://192.168.1.249:5004/scl/get-all-calender
2026-06-23 10:11:49  INFO      [calendar_service.py:44]  Fetched 2 valid session(s).
2026-06-23 10:11:49  INFO      [main.py:84]  Calendar 2108 already started — skipping.
2026-06-23 10:11:49  INFO      [main.py:84]  Calendar 2108 already started — skipping.
2026-06-23 10:11:49  INFO      [main.py:188]  Calendar 2108 still running (5m 10s remaining).
2026-06-23 10:11:49  INFO      [main.py:200]  Active calendars: [2108]
2026-06-23 10:14:25  INFO      [main.py:33]  Server is starting...
2026-06-23 10:14:25  INFO      [auth_service.py:23]  Login successful.
2026-06-23 10:14:25  INFO      [main.py:53]  Checking calendars at 10:14:25
2026-06-23 10:14:25  DEBUG     [client.py:31]  GET https://192.168.1.249:5004/scl/get-all-calender
2026-06-23 10:14:25  INFO      [calendar_service.py:44]  Fetched 2 valid session(s).
2026-06-23 10:14:25  INFO      [main.py:90]  Processing calendar 2108 in room 7...
2026-06-23 10:14:25  DEBUG     [client.py:31]  GET https://192.168.1.249:5004/scl/get-all-camera-room/7
2026-06-23 10:14:25  INFO      [camera_service.py:11]  Fond 1 camera(s) in room7.
2026-06-23 10:14:25  DEBUG     [client.py:31]  GET https://192.168.1.249:5004/scl/get-attendance/2108
2026-06-23 10:14:25  INFO      [student_service.py:11]  Found 2 student(s) for calendar 2108
2026-06-23 10:14:25  INFO      [main.py:103]  Enrolling students for calendar 2108...
2026-06-23 10:14:25  INFO      [recognition.py:42]  Found 2 subject(s) already enrolled in CompreFace.
2026-06-23 10:14:25  INFO      [recognition.py:57]  Student 3 already enrolled in CompreFace — skipping.
2026-06-23 10:14:25  INFO      [recognition.py:57]  Student 683 already enrolled in CompreFace — skipping.
2026-06-23 10:14:25  INFO      [recognition.py:98]  Enrollment complete — 0/2 student(s) enrolled.
2026-06-23 10:14:25  INFO      [detector.py:17]  Starting detection for calendar 2108 in room 7...
2026-06-23 10:14:25  ERROR     [main.py:211]  Error in main loop: name 'Manager' is not defined
2026-06-23 10:14:35  INFO      [main.py:53]  Checking calendars at 10:14:35
2026-06-23 10:14:35  DEBUG     [client.py:31]  GET https://192.168.1.249:5004/scl/get-all-calender
2026-06-23 10:14:35  INFO      [calendar_service.py:44]  Fetched 2 valid session(s).
2026-06-23 10:14:35  INFO      [main.py:90]  Processing calendar 2108 in room 7...
2026-06-23 10:14:35  DEBUG     [client.py:31]  GET https://192.168.1.249:5004/scl/get-all-camera-room/7
2026-06-23 10:14:35  INFO      [camera_service.py:11]  Fond 1 camera(s) in room7.
2026-06-23 10:14:35  DEBUG     [client.py:31]  GET https://192.168.1.249:5004/scl/get-attendance/2108
2026-06-23 10:14:35  INFO      [student_service.py:11]  Found 2 student(s) for calendar 2108
2026-06-23 10:14:35  INFO      [main.py:103]  Enrolling students for calendar 2108...
2026-06-23 10:14:35  INFO      [recognition.py:42]  Found 2 subject(s) already enrolled in CompreFace.
2026-06-23 10:14:35  INFO      [recognition.py:57]  Student 3 already enrolled in CompreFace — skipping.
2026-06-23 10:14:35  INFO      [recognition.py:57]  Student 683 already enrolled in CompreFace — skipping.
2026-06-23 10:14:35  INFO      [recognition.py:98]  Enrollment complete — 0/2 student(s) enrolled.
2026-06-23 10:14:35  INFO      [detector.py:17]  Starting detection for calendar 2108 in room 7...
2026-06-23 10:14:35  ERROR     [main.py:211]  Error in main loop: name 'Manager' is not defined
2026-06-23 10:16:06  INFO      [main.py:33]  Server is starting...
2026-06-23 10:16:06  INFO      [auth_service.py:23]  Login successful.
2026-06-23 10:16:06  INFO      [main.py:53]  Checking calendars at 10:16:06
2026-06-23 10:16:06  DEBUG     [client.py:31]  GET https://192.168.1.249:5004/scl/get-all-calender
2026-06-23 10:16:06  INFO      [calendar_service.py:44]  Fetched 2 valid session(s).
2026-06-23 10:16:06  INFO      [main.py:90]  Processing calendar 2108 in room 7...
2026-06-23 10:16:06  DEBUG     [client.py:31]  GET https://192.168.1.249:5004/scl/get-all-camera-room/7
2026-06-23 10:16:06  INFO      [camera_service.py:11]  Fond 1 camera(s) in room7.
2026-06-23 10:16:06  DEBUG     [client.py:31]  GET https://192.168.1.249:5004/scl/get-attendance/2108
2026-06-23 10:16:06  INFO      [student_service.py:11]  Found 2 student(s) for calendar 2108
2026-06-23 10:16:06  INFO      [main.py:103]  Enrolling students for calendar 2108...
2026-06-23 10:16:06  INFO      [recognition.py:42]  Found 2 subject(s) already enrolled in CompreFace.
2026-06-23 10:16:06  INFO      [recognition.py:57]  Student 3 already enrolled in CompreFace — skipping.
2026-06-23 10:16:06  INFO      [recognition.py:57]  Student 683 already enrolled in CompreFace — skipping.
2026-06-23 10:16:06  INFO      [recognition.py:98]  Enrollment complete — 0/2 student(s) enrolled.
2026-06-23 10:16:06  INFO      [detector.py:17]  Starting detection for calendar 2108 in room 7...
2026-06-23 10:16:06  ERROR     [main.py:211]  Error in main loop: name 'Manager' is not defined
2026-06-23 10:17:03  INFO      [main.py:33]  Server is starting...
2026-06-23 10:17:03  INFO      [auth_service.py:23]  Login successful.
2026-06-23 10:17:03  INFO      [main.py:53]  Checking calendars at 10:17:03
2026-06-23 10:17:03  DEBUG     [client.py:31]  GET https://192.168.1.249:5004/scl/get-all-calender
2026-06-23 10:17:03  INFO      [calendar_service.py:44]  Fetched 2 valid session(s).
2026-06-23 10:17:03  INFO      [main.py:90]  Processing calendar 2108 in room 7...
2026-06-23 10:17:03  DEBUG     [client.py:31]  GET https://192.168.1.249:5004/scl/get-all-camera-room/7
2026-06-23 10:17:03  INFO      [camera_service.py:11]  Fond 1 camera(s) in room7.
2026-06-23 10:17:03  DEBUG     [client.py:31]  GET https://192.168.1.249:5004/scl/get-attendance/2108
2026-06-23 10:17:03  INFO      [student_service.py:11]  Found 2 student(s) for calendar 2108
2026-06-23 10:17:03  INFO      [main.py:103]  Enrolling students for calendar 2108...
2026-06-23 10:17:03  INFO      [recognition.py:42]  Found 2 subject(s) already enrolled in CompreFace.
2026-06-23 10:17:03  INFO      [recognition.py:57]  Student 3 already enrolled in CompreFace — skipping.
2026-06-23 10:17:03  INFO      [recognition.py:57]  Student 683 already enrolled in CompreFace — skipping.
2026-06-23 10:17:03  INFO      [recognition.py:98]  Enrollment complete — 0/2 student(s) enrolled.
2026-06-23 10:17:03  INFO      [detector.py:17]  Starting detection for calendar 2108 in room 7...
2026-06-23 10:17:05  INFO      [detector.py:76]  Starting webcam process — device: /dev/video0
2026-06-23 10:17:05  INFO      [detector.py:106]  Started 2 process(es) for calendar 2108 (1 camera(s) + 1 recognition worker).
2026-06-23 10:17:05  INFO      [main.py:132]  Calendar 2108 started — 2 process(es) running.
2026-06-23 10:17:05  INFO      [main.py:87]  Calendar 2108 already started — skipping.
2026-06-23 10:17:05  INFO      [main.py:138]  Calendar 2108 ended — stopping cameras...
2026-06-23 10:17:05  INFO      [detector.py:112]  Stopping detection for calendar 2108...
2026-06-23 10:17:07  INFO      [recognition_worker.py:38]  Recognition worker started for calendar 2108 — 2 student(s) to recognize.
2026-06-23 10:17:07  INFO      [recognition_worker.py:136]  Recognition worker finished for calendar 2108 — 0 student(s) recognized.
2026-06-23 10:17:07  INFO      [camera.py:126]  CUDA is available — using GPU.
2026-06-23 10:17:07  INFO      [camera.py:135]  YOLO model loaded successfully.
2026-06-23 10:17:07  INFO      [session.py:29]  Created dataset folders for calendar 2108.
2026-06-23 10:17:07  INFO      [camera.py:182]  Connecting to webcam: /dev/video0
2026-06-23 10:17:08  INFO      [detector.py:119]  All detection processes stopped for calendar 2108.
2026-06-23 10:17:08  INFO      [classification.py:78]  Starting classification for calendar 2108 — 1 image(s) found.
2026-06-23 10:17:08  INFO      [classification.py:91]  Created person_1 — reference: face_20260623_101148_201.jpg
2026-06-23 10:17:08  INFO      [classification.py:119]  Classification complete — 1 person(s) found for calendar 2108.
2026-06-23 10:17:08  DEBUG     [client.py:48]  POST https://192.168.1.249:5004/scl/store-classified-folders/2108
2026-06-23 10:17:08  ERROR     [client.py:59]  HTTP error on POST https://192.168.1.249:5004/scl/store-classified-folders/2108: 404
2026-06-23 10:17:08  ERROR     [student_service.py:29]  Failed to store classified folders for calendar 2108: 404 Client Error: NOT FOUND for url: https://192.168.1.249:5004/scl/store-classified-folders/2108
2026-06-23 10:17:08  DEBUG     [client.py:31]  GET https://192.168.1.249:5004/scl/get-attendance/2108
2026-06-23 10:17:08  INFO      [student_service.py:11]  Found 2 student(s) for calendar 2108
2026-06-23 10:17:08  INFO      [main.py:156]  Already present students (real-time): set()
2026-06-23 10:17:08  DEBUG     [client.py:48]  POST https://192.168.1.249:5004/scl/update-attendance-student/9562
2026-06-23 10:17:08  INFO      [attendance_service.py:13]  Attendance 9562 updated - present: False.
2026-06-23 10:17:08  INFO      [main.py:180]  Student 3 marked absent.
2026-06-23 10:17:08  DEBUG     [client.py:48]  POST https://192.168.1.249:5004/scl/update-attendance-student/9563
2026-06-23 10:17:08  INFO      [attendance_service.py:13]  Attendance 9563 updated - present: False.
2026-06-23 10:17:08  INFO      [main.py:180]  Student 683 marked absent.
2026-06-23 10:17:08  INFO      [main.py:184]  Unenrolling remaining students for calendar 2108...
2026-06-23 10:17:08  INFO      [recognition.py:115]  Unenrolled student 3 from CompreFace.
2026-06-23 10:17:08  INFO      [recognition.py:115]  Unenrolled student 683 from CompreFace.
2026-06-23 10:17:08  INFO      [dataset_cleaner.py:19]  Deleted face_crops for session 2108.
2026-06-23 10:17:08  INFO      [main.py:191]  Calendar 2108 completed.
2026-06-23 10:17:18  INFO      [main.py:53]  Checking calendars at 10:17:18
2026-06-23 10:17:18  DEBUG     [client.py:31]  GET https://192.168.1.249:5004/scl/get-all-calender
2026-06-23 10:17:18  INFO      [calendar_service.py:44]  Fetched 2 valid session(s).
2026-06-23 10:17:28  INFO      [main.py:53]  Checking calendars at 10:17:28
2026-06-23 10:17:28  DEBUG     [client.py:31]  GET https://192.168.1.249:5004/scl/get-all-calender
2026-06-23 10:17:28  INFO      [calendar_service.py:44]  Fetched 2 valid session(s).
2026-06-23 10:17:38  INFO      [main.py:53]  Checking calendars at 10:17:38
2026-06-23 10:17:38  DEBUG     [client.py:31]  GET https://192.168.1.249:5004/scl/get-all-calender
2026-06-23 10:17:38  INFO      [calendar_service.py:44]  Fetched 2 valid session(s).
2026-06-23 10:17:48  INFO      [main.py:53]  Checking calendars at 10:17:48
2026-06-23 10:17:48  DEBUG     [client.py:31]  GET https://192.168.1.249:5004/scl/get-all-calender
2026-06-23 10:17:48  INFO      [calendar_service.py:44]  Fetched 2 valid session(s).
2026-06-23 10:17:58  INFO      [main.py:53]  Checking calendars at 10:17:58
2026-06-23 10:17:58  DEBUG     [client.py:31]  GET https://192.168.1.249:5004/scl/get-all-calender
2026-06-23 10:17:58  INFO      [calendar_service.py:44]  Fetched 2 valid session(s).
2026-06-23 10:18:08  INFO      [main.py:53]  Checking calendars at 10:18:08
2026-06-23 10:18:08  DEBUG     [client.py:31]  GET https://192.168.1.249:5004/scl/get-all-calender
2026-06-23 10:18:08  INFO      [calendar_service.py:44]  Fetched 2 valid session(s).
2026-06-23 10:18:18  INFO      [main.py:53]  Checking calendars at 10:18:18
2026-06-23 10:18:18  DEBUG     [client.py:31]  GET https://192.168.1.249:5004/scl/get-all-calender
2026-06-23 10:18:18  INFO      [calendar_service.py:44]  Fetched 2 valid session(s).
2026-06-23 10:18:28  INFO      [main.py:53]  Checking calendars at 10:18:28
2026-06-23 10:18:28  DEBUG     [client.py:31]  GET https://192.168.1.249:5004/scl/get-all-calender
2026-06-23 10:18:28  INFO      [calendar_service.py:44]  Fetched 2 valid session(s).
2026-06-23 10:18:38  INFO      [main.py:53]  Checking calendars at 10:18:38
2026-06-23 10:18:38  DEBUG     [client.py:31]  GET https://192.168.1.249:5004/scl/get-all-calender
2026-06-23 10:18:39  INFO      [calendar_service.py:44]  Fetched 2 valid session(s).
2026-06-23 10:18:52  INFO      [main.py:33]  Server is starting...
2026-06-23 10:18:53  INFO      [auth_service.py:23]  Login successful.
2026-06-23 10:18:53  INFO      [main.py:53]  Checking calendars at 10:18:53
2026-06-23 10:18:53  DEBUG     [client.py:31]  GET https://192.168.1.249:5004/scl/get-all-calender
2026-06-23 10:18:53  INFO      [calendar_service.py:44]  Fetched 2 valid session(s).
2026-06-23 10:18:53  INFO      [main.py:90]  Processing calendar 2108 in room 7...
2026-06-23 10:18:53  DEBUG     [client.py:31]  GET https://192.168.1.249:5004/scl/get-all-camera-room/7
2026-06-23 10:18:53  INFO      [camera_service.py:11]  Fond 1 camera(s) in room7.
2026-06-23 10:18:53  DEBUG     [client.py:31]  GET https://192.168.1.249:5004/scl/get-attendance/2108
2026-06-23 10:18:53  INFO      [student_service.py:11]  Found 2 student(s) for calendar 2108
2026-06-23 10:18:53  INFO      [main.py:103]  Enrolling students for calendar 2108...
2026-06-23 10:18:53  INFO      [recognition.py:42]  Found 0 subject(s) already enrolled in CompreFace.
2026-06-23 10:18:53  INFO      [recognition.py:90]  Enrolled image face_20260107_095726_913.jpg for student 3.
2026-06-23 10:18:53  INFO      [recognition.py:90]  Enrolled image face_20260107_095605_990.jpg for student 3.
2026-06-23 10:18:53  INFO      [recognition.py:90]  Enrolled image face_20260107_095724_366.jpg for student 3.
2026-06-23 10:18:53  INFO      [recognition.py:90]  Enrolled image face_20260107_100121_984.jpg for student 3.
2026-06-23 10:18:53  INFO      [recognition.py:90]  Enrolled image face_20250722_113315.jpg for student 3.
2026-06-23 10:18:53  INFO      [recognition.py:90]  Enrolled image face_20250715_133750.jpg for student 3.
2026-06-23 10:18:53  INFO      [recognition.py:90]  Enrolled image face_20260107_095703_836.jpg for student 3.
2026-06-23 10:18:53  INFO      [recognition.py:90]  Enrolled image face_20260618_141525_609.jpg for student 683.
2026-06-23 10:18:53  INFO      [recognition.py:90]  Enrolled image face_20260618_141525_122.jpg for student 683.
2026-06-23 10:18:53  INFO      [recognition.py:90]  Enrolled image face_20260618_141527_511.jpg for student 683.
2026-06-23 10:18:53  INFO      [recognition.py:90]  Enrolled image face_20260618_141658_344.jpg for student 683.
2026-06-23 10:18:54  INFO      [recognition.py:90]  Enrolled image face_20260618_141653_362.jpg for student 683.
2026-06-23 10:18:54  INFO      [recognition.py:90]  Enrolled image face_20260618_141656_937.jpg for student 683.
2026-06-23 10:18:54  INFO      [recognition.py:90]  Enrolled image face_20260618_141525_506.jpg for student 683.
2026-06-23 10:18:54  INFO      [recognition.py:98]  Enrollment complete — 2/2 student(s) enrolled.
2026-06-23 10:18:54  INFO      [detector.py:17]  Starting detection for calendar 2108 in room 7...
2026-06-23 10:18:56  INFO      [detector.py:76]  Starting webcam process — device: /dev/video0
2026-06-23 10:18:56  INFO      [detector.py:106]  Started 2 process(es) for calendar 2108 (1 camera(s) + 1 recognition worker).
2026-06-23 10:18:56  INFO      [main.py:132]  Calendar 2108 started — 2 process(es) running.
2026-06-23 10:18:56  INFO      [main.py:87]  Calendar 2108 already started — skipping.
2026-06-23 10:18:56  INFO      [main.py:194]  Calendar 2108 still running (0m 6s remaining).
2026-06-23 10:18:56  INFO      [main.py:206]  Active calendars: [2108]
2026-06-23 10:18:58  INFO      [recognition_worker.py:38]  Recognition worker started for calendar 2108 — 2 student(s) to recognize.
2026-06-23 10:18:58  INFO      [camera.py:126]  CUDA is available — using GPU.
2026-06-23 10:18:58  INFO      [camera.py:135]  YOLO model loaded successfully.
2026-06-23 10:18:58  INFO      [session.py:29]  Created dataset folders for calendar 2108.
2026-06-23 10:18:58  INFO      [camera.py:182]  Connecting to webcam: /dev/video0
2026-06-23 10:18:58  INFO      [camera.py:207]  Connected to webcam — running face detection...
2026-06-23 10:19:03  INFO      [camera.py:47]  Initializing InsightFace quality checker...
2026-06-23 10:19:06  INFO      [camera.py:51]  InsightFace ready on GPU.
2026-06-23 10:19:06  INFO      [main.py:53]  Checking calendars at 10:19:06
2026-06-23 10:19:06  DEBUG     [client.py:31]  GET https://192.168.1.249:5004/scl/get-all-calender
2026-06-23 10:19:06  INFO      [calendar_service.py:44]  Fetched 2 valid session(s).
2026-06-23 10:19:06  INFO      [main.py:87]  Calendar 2108 already started — skipping.
2026-06-23 10:19:06  INFO      [main.py:87]  Calendar 2108 already started — skipping.
2026-06-23 10:19:06  INFO      [main.py:138]  Calendar 2108 ended — stopping cameras...
2026-06-23 10:19:06  INFO      [detector.py:112]  Stopping detection for calendar 2108...
2026-06-23 10:19:06  INFO      [recognition_worker.py:136]  Recognition worker finished for calendar 2108 — 0 student(s) recognized.
2026-06-23 10:19:09  DEBUG     [camera.py:96]  Rejected — InsightFace found no face.
2026-06-23 10:19:09  INFO      [camera.py:265]  Face detected — YOLO conf: 0.793 — quality score: 0.0 — good: False
2026-06-23 10:19:10  INFO      [detector.py:119]  All detection processes stopped for calendar 2108.
2026-06-23 10:19:10  WARNING   [classification.py:75]  No images found in dataset/session_2108/face_crops
2026-06-23 10:19:10  DEBUG     [client.py:48]  POST https://192.168.1.249:5004/scl/store-classified-folders/2108
2026-06-23 10:19:10  ERROR     [client.py:59]  HTTP error on POST https://192.168.1.249:5004/scl/store-classified-folders/2108: 404
2026-06-23 10:19:10  ERROR     [student_service.py:29]  Failed to store classified folders for calendar 2108: 404 Client Error: NOT FOUND for url: https://192.168.1.249:5004/scl/store-classified-folders/2108
2026-06-23 10:19:10  DEBUG     [client.py:31]  GET https://192.168.1.249:5004/scl/get-attendance/2108
2026-06-23 10:19:10  INFO      [student_service.py:11]  Found 2 student(s) for calendar 2108
2026-06-23 10:19:10  INFO      [main.py:156]  Already present students (real-time): set()
2026-06-23 10:19:10  DEBUG     [client.py:48]  POST https://192.168.1.249:5004/scl/update-attendance-student/9562
2026-06-23 10:19:10  INFO      [attendance_service.py:13]  Attendance 9562 updated - present: False.
2026-06-23 10:19:10  INFO      [main.py:180]  Student 3 marked absent.
2026-06-23 10:19:10  DEBUG     [client.py:48]  POST https://192.168.1.249:5004/scl/update-attendance-student/9563
2026-06-23 10:19:10  INFO      [attendance_service.py:13]  Attendance 9563 updated - present: False.
2026-06-23 10:19:10  INFO      [main.py:180]  Student 683 marked absent.
2026-06-23 10:19:10  INFO      [main.py:184]  Unenrolling remaining students for calendar 2108...
2026-06-23 10:19:10  INFO      [recognition.py:115]  Unenrolled student 3 from CompreFace.
2026-06-23 10:19:10  INFO      [recognition.py:115]  Unenrolled student 683 from CompreFace.
2026-06-23 10:19:10  INFO      [dataset_cleaner.py:19]  Deleted face_crops for session 2108.
2026-06-23 10:19:10  INFO      [main.py:191]  Calendar 2108 completed.
2026-06-23 10:19:20  INFO      [main.py:53]  Checking calendars at 10:19:20
2026-06-23 10:19:20  DEBUG     [client.py:31]  GET https://192.168.1.249:5004/scl/get-all-calender
2026-06-23 10:19:20  INFO      [calendar_service.py:44]  Fetched 2 valid session(s).
2026-06-23 10:19:30  INFO      [main.py:53]  Checking calendars at 10:19:30
2026-06-23 10:19:30  DEBUG     [client.py:31]  GET https://192.168.1.249:5004/scl/get-all-calender
2026-06-23 10:19:30  INFO      [calendar_service.py:44]  Fetched 2 valid session(s).
2026-06-23 10:19:40  INFO      [main.py:53]  Checking calendars at 10:19:40
2026-06-23 10:19:40  DEBUG     [client.py:31]  GET https://192.168.1.249:5004/scl/get-all-calender
2026-06-23 10:19:40  INFO      [calendar_service.py:44]  Fetched 2 valid session(s).
2026-06-23 10:19:50  INFO      [main.py:53]  Checking calendars at 10:19:50
2026-06-23 10:19:50  DEBUG     [client.py:31]  GET https://192.168.1.249:5004/scl/get-all-calender
2026-06-23 10:19:51  INFO      [calendar_service.py:44]  Fetched 2 valid session(s).
2026-06-23 10:20:01  INFO      [main.py:53]  Checking calendars at 10:20:01
2026-06-23 10:20:01  DEBUG     [client.py:31]  GET https://192.168.1.249:5004/scl/get-all-calender
2026-06-23 10:20:01  INFO      [calendar_service.py:44]  Fetched 2 valid session(s).
2026-06-23 10:20:11  INFO      [main.py:53]  Checking calendars at 10:20:11
2026-06-23 10:20:11  DEBUG     [client.py:31]  GET https://192.168.1.249:5004/scl/get-all-calender
2026-06-23 10:20:11  INFO      [calendar_service.py:44]  Fetched 2 valid session(s).
2026-06-23 10:20:21  INFO      [main.py:53]  Checking calendars at 10:20:21
2026-06-23 10:20:21  DEBUG     [client.py:31]  GET https://192.168.1.249:5004/scl/get-all-calender
2026-06-23 10:20:21  INFO      [calendar_service.py:44]  Fetched 2 valid session(s).
2026-06-23 10:20:31  INFO      [main.py:53]  Checking calendars at 10:20:31
2026-06-23 10:20:31  DEBUG     [client.py:31]  GET https://192.168.1.249:5004/scl/get-all-calender
2026-06-23 10:20:31  INFO      [calendar_service.py:44]  Fetched 2 valid session(s).
2026-06-23 10:20:41  INFO      [main.py:53]  Checking calendars at 10:20:41
2026-06-23 10:20:41  DEBUG     [client.py:31]  GET https://192.168.1.249:5004/scl/get-all-calender
2026-06-23 10:20:41  INFO      [calendar_service.py:44]  Fetched 2 valid session(s).
2026-06-23 10:20:51  INFO      [main.py:53]  Checking calendars at 10:20:51
2026-06-23 10:20:51  DEBUG     [client.py:31]  GET https://192.168.1.249:5004/scl/get-all-calender
2026-06-23 10:20:51  INFO      [calendar_service.py:44]  Fetched 2 valid session(s).
2026-06-23 10:21:01  INFO      [main.py:53]  Checking calendars at 10:21:01
2026-06-23 10:21:01  DEBUG     [client.py:31]  GET https://192.168.1.249:5004/scl/get-all-calender
2026-06-23 10:21:01  INFO      [calendar_service.py:44]  Fetched 2 valid session(s).
2026-06-23 10:21:11  INFO      [main.py:53]  Checking calendars at 10:21:11
2026-06-23 10:21:11  DEBUG     [client.py:31]  GET https://192.168.1.249:5004/scl/get-all-calender
2026-06-23 10:21:11  INFO      [calendar_service.py:44]  Fetched 4 valid session(s).
2026-06-23 10:21:11  INFO      [main.py:90]  Processing calendar 2109 in room 7...
2026-06-23 10:21:11  DEBUG     [client.py:31]  GET https://192.168.1.249:5004/scl/get-all-camera-room/7
2026-06-23 10:21:11  INFO      [camera_service.py:11]  Fond 1 camera(s) in room7.
2026-06-23 10:21:11  DEBUG     [client.py:31]  GET https://192.168.1.249:5004/scl/get-attendance/2109
2026-06-23 10:21:11  INFO      [student_service.py:11]  Found 2 student(s) for calendar 2109
2026-06-23 10:21:11  INFO      [main.py:103]  Enrolling students for calendar 2109...
2026-06-23 10:21:11  INFO      [recognition.py:42]  Found 0 subject(s) already enrolled in CompreFace.
2026-06-23 10:21:11  INFO      [recognition.py:90]  Enrolled image face_20260107_095726_913.jpg for student 3.
2026-06-23 10:21:11  INFO      [recognition.py:90]  Enrolled image face_20260107_095605_990.jpg for student 3.
2026-06-23 10:21:11  INFO      [recognition.py:90]  Enrolled image face_20260107_095724_366.jpg for student 3.
2026-06-23 10:21:11  INFO      [recognition.py:90]  Enrolled image face_20260107_100121_984.jpg for student 3.
2026-06-23 10:21:11  INFO      [recognition.py:90]  Enrolled image face_20250722_113315.jpg for student 3.
2026-06-23 10:21:11  INFO      [recognition.py:90]  Enrolled image face_20250715_133750.jpg for student 3.
2026-06-23 10:21:11  INFO      [recognition.py:90]  Enrolled image face_20260107_095703_836.jpg for student 3.
2026-06-23 10:21:11  INFO      [recognition.py:90]  Enrolled image face_20260618_141525_609.jpg for student 683.
2026-06-23 10:21:12  INFO      [recognition.py:90]  Enrolled image face_20260618_141525_122.jpg for student 683.
2026-06-23 10:21:12  INFO      [recognition.py:90]  Enrolled image face_20260618_141527_511.jpg for student 683.
2026-06-23 10:21:12  INFO      [recognition.py:90]  Enrolled image face_20260618_141658_344.jpg for student 683.
2026-06-23 10:21:12  INFO      [recognition.py:90]  Enrolled image face_20260618_141653_362.jpg for student 683.
2026-06-23 10:21:12  INFO      [recognition.py:90]  Enrolled image face_20260618_141656_937.jpg for student 683.
2026-06-23 10:21:12  INFO      [recognition.py:90]  Enrolled image face_20260618_141525_506.jpg for student 683.
2026-06-23 10:21:12  INFO      [recognition.py:98]  Enrollment complete — 2/2 student(s) enrolled.
2026-06-23 10:21:12  INFO      [detector.py:17]  Starting detection for calendar 2109 in room 7...
2026-06-23 10:21:15  INFO      [detector.py:76]  Starting webcam process — device: /dev/video0
2026-06-23 10:21:15  INFO      [detector.py:106]  Started 2 process(es) for calendar 2109 (1 camera(s) + 1 recognition worker).
2026-06-23 10:21:16  INFO      [main.py:132]  Calendar 2109 started — 2 process(es) running.
2026-06-23 10:21:16  INFO      [main.py:87]  Calendar 2109 already started — skipping.
2026-06-23 10:21:16  INFO      [main.py:194]  Calendar 2109 still running (7m 48s remaining).
2026-06-23 10:21:16  INFO      [main.py:206]  Active calendars: [2109]
2026-06-23 10:21:18  INFO      [recognition_worker.py:38]  Recognition worker started for calendar 2109 — 2 student(s) to recognize.
2026-06-23 10:21:18  INFO      [camera.py:126]  CUDA is available — using GPU.
2026-06-23 10:21:18  INFO      [camera.py:135]  YOLO model loaded successfully.
2026-06-23 10:21:18  INFO      [session.py:29]  Created dataset folders for calendar 2109.
2026-06-23 10:21:18  INFO      [camera.py:182]  Connecting to webcam: /dev/video0
2026-06-23 10:21:18  INFO      [camera.py:207]  Connected to webcam — running face detection...
2026-06-23 10:21:20  INFO      [camera.py:47]  Initializing InsightFace quality checker...
2026-06-23 10:21:22  INFO      [camera.py:51]  InsightFace ready on GPU.
2026-06-23 10:21:24  DEBUG     [camera.py:96]  Rejected — InsightFace found no face.
2026-06-23 10:21:24  INFO      [camera.py:265]  Face detected — YOLO conf: 0.851 — quality score: 0.0 — good: False
2026-06-23 10:21:24  DEBUG     [camera.py:96]  Rejected — InsightFace found no face.
2026-06-23 10:21:24  INFO      [camera.py:265]  Face detected — YOLO conf: 0.844 — quality score: 0.0 — good: False
2026-06-23 10:21:25  DEBUG     [camera.py:96]  Rejected — InsightFace found no face.
2026-06-23 10:21:25  INFO      [camera.py:265]  Face detected — YOLO conf: 0.847 — quality score: 0.0 — good: False
2026-06-23 10:21:25  DEBUG     [camera.py:96]  Rejected — InsightFace found no face.
2026-06-23 10:21:25  INFO      [camera.py:265]  Face detected — YOLO conf: 0.861 — quality score: 0.0 — good: False
2026-06-23 10:21:26  DEBUG     [camera.py:96]  Rejected — InsightFace found no face.
2026-06-23 10:21:26  INFO      [camera.py:265]  Face detected — YOLO conf: 0.863 — quality score: 0.0 — good: False
2026-06-23 10:21:26  INFO      [main.py:53]  Checking calendars at 10:21:26
2026-06-23 10:21:26  DEBUG     [client.py:31]  GET https://192.168.1.249:5004/scl/get-all-calender
2026-06-23 10:21:26  INFO      [calendar_service.py:44]  Fetched 4 valid session(s).
2026-06-23 10:21:26  INFO      [main.py:87]  Calendar 2109 already started — skipping.
2026-06-23 10:21:26  INFO      [main.py:87]  Calendar 2109 already started — skipping.
2026-06-23 10:21:26  INFO      [main.py:194]  Calendar 2109 still running (7m 33s remaining).
2026-06-23 10:21:26  INFO      [main.py:206]  Active calendars: [2109]
2026-06-23 10:21:26  DEBUG     [camera.py:96]  Rejected — InsightFace found no face.
2026-06-23 10:21:26  INFO      [camera.py:265]  Face detected — YOLO conf: 0.849 — quality score: 0.0 — good: False
2026-06-23 10:21:27  DEBUG     [camera.py:96]  Rejected — InsightFace found no face.
2026-06-23 10:21:27  INFO      [camera.py:265]  Face detected — YOLO conf: 0.853 — quality score: 0.0 — good: False
2026-06-23 10:21:27  DEBUG     [camera.py:96]  Rejected — InsightFace found no face.
2026-06-23 10:21:27  INFO      [camera.py:265]  Face detected — YOLO conf: 0.854 — quality score: 0.0 — good: False
2026-06-23 10:21:28  DEBUG     [camera.py:96]  Rejected — InsightFace found no face.
2026-06-23 10:21:28  INFO      [camera.py:265]  Face detected — YOLO conf: 0.841 — quality score: 0.0 — good: False
2026-06-23 10:21:28  DEBUG     [camera.py:96]  Rejected — InsightFace found no face.
2026-06-23 10:21:28  INFO      [camera.py:265]  Face detected — YOLO conf: 0.832 — quality score: 0.0 — good: False
2026-06-23 10:21:29  DEBUG     [camera.py:96]  Rejected — InsightFace found no face.
2026-06-23 10:21:29  INFO      [camera.py:265]  Face detected — YOLO conf: 0.841 — quality score: 0.0 — good: False
2026-06-23 10:21:29  DEBUG     [camera.py:96]  Rejected — InsightFace found no face.
2026-06-23 10:21:29  INFO      [camera.py:265]  Face detected — YOLO conf: 0.814 — quality score: 0.0 — good: False
2026-06-23 10:21:30  DEBUG     [camera.py:96]  Rejected — InsightFace found no face.
2026-06-23 10:21:30  INFO      [camera.py:265]  Face detected — YOLO conf: 0.835 — quality score: 0.0 — good: False
2026-06-23 10:21:30  DEBUG     [camera.py:96]  Rejected — InsightFace found no face.
2026-06-23 10:21:30  INFO      [camera.py:265]  Face detected — YOLO conf: 0.835 — quality score: 0.0 — good: False
2026-06-23 10:21:31  DEBUG     [camera.py:96]  Rejected — InsightFace found no face.
2026-06-23 10:21:31  INFO      [camera.py:265]  Face detected — YOLO conf: 0.837 — quality score: 0.0 — good: False
2026-06-23 10:21:31  DEBUG     [camera.py:96]  Rejected — InsightFace found no face.
2026-06-23 10:21:31  INFO      [camera.py:265]  Face detected — YOLO conf: 0.839 — quality score: 0.0 — good: False
2026-06-23 10:21:32  DEBUG     [camera.py:96]  Rejected — InsightFace found no face.
2026-06-23 10:21:32  INFO      [camera.py:265]  Face detected — YOLO conf: 0.810 — quality score: 0.0 — good: False
2026-06-23 10:21:32  DEBUG     [camera.py:96]  Rejected — InsightFace found no face.
2026-06-23 10:21:32  INFO      [camera.py:265]  Face detected — YOLO conf: 0.824 — quality score: 0.0 — good: False
2026-06-23 10:21:33  DEBUG     [camera.py:96]  Rejected — InsightFace found no face.
2026-06-23 10:21:33  INFO      [camera.py:265]  Face detected — YOLO conf: 0.816 — quality score: 0.0 — good: False
2026-06-23 10:21:33  DEBUG     [camera.py:96]  Rejected — InsightFace found no face.
2026-06-23 10:21:33  INFO      [camera.py:265]  Face detected — YOLO conf: 0.809 — quality score: 0.0 — good: False
2026-06-23 10:21:34  DEBUG     [camera.py:96]  Rejected — InsightFace found no face.
2026-06-23 10:21:34  INFO      [camera.py:265]  Face detected — YOLO conf: 0.832 — quality score: 0.0 — good: False
2026-06-23 10:21:34  DEBUG     [camera.py:96]  Rejected — InsightFace found no face.
2026-06-23 10:21:34  INFO      [camera.py:265]  Face detected — YOLO conf: 0.845 — quality score: 0.0 — good: False
2026-06-23 10:21:35  DEBUG     [camera.py:96]  Rejected — InsightFace found no face.
2026-06-23 10:21:35  INFO      [camera.py:265]  Face detected — YOLO conf: 0.857 — quality score: 0.0 — good: False
2026-06-23 10:21:35  DEBUG     [camera.py:96]  Rejected — InsightFace found no face.
2026-06-23 10:21:35  INFO      [camera.py:265]  Face detected — YOLO conf: 0.848 — quality score: 0.0 — good: False
2026-06-23 10:21:36  DEBUG     [camera.py:96]  Rejected — InsightFace found no face.
2026-06-23 10:21:36  INFO      [camera.py:265]  Face detected — YOLO conf: 0.858 — quality score: 0.0 — good: False
2026-06-23 10:21:36  INFO      [main.py:53]  Checking calendars at 10:21:36
2026-06-23 10:21:36  DEBUG     [client.py:31]  GET https://192.168.1.249:5004/scl/get-all-calender
2026-06-23 10:21:36  INFO      [calendar_service.py:44]  Fetched 4 valid session(s).
2026-06-23 10:21:36  INFO      [main.py:87]  Calendar 2109 already started — skipping.
2026-06-23 10:21:36  INFO      [main.py:87]  Calendar 2109 already started — skipping.
2026-06-23 10:21:36  INFO      [main.py:194]  Calendar 2109 still running (7m 23s remaining).
2026-06-23 10:21:36  INFO      [main.py:206]  Active calendars: [2109]
2026-06-23 10:21:36  DEBUG     [camera.py:96]  Rejected — InsightFace found no face.
2026-06-23 10:21:36  INFO      [camera.py:265]  Face detected — YOLO conf: 0.858 — quality score: 0.0 — good: False
2026-06-23 10:21:37  DEBUG     [camera.py:96]  Rejected — InsightFace found no face.
2026-06-23 10:21:37  INFO      [camera.py:265]  Face detected — YOLO conf: 0.891 — quality score: 0.0 — good: False
2026-06-23 10:21:37  DEBUG     [camera.py:96]  Rejected — InsightFace found no face.
2026-06-23 10:21:37  INFO      [camera.py:265]  Face detected — YOLO conf: 0.841 — quality score: 0.0 — good: False
2026-06-23 10:21:38  DEBUG     [camera.py:96]  Rejected — InsightFace found no face.
2026-06-23 10:21:38  INFO      [camera.py:265]  Face detected — YOLO conf: 0.873 — quality score: 0.0 — good: False
2026-06-23 10:21:41  DEBUG     [camera.py:111]  Quality — score: 0.626 blur: 187.2 brightness: 80.9
2026-06-23 10:21:41  INFO      [camera.py:265]  Face detected — YOLO conf: 0.869 — quality score: 0.626 — good: True
2026-06-23 10:21:46  INFO      [main.py:53]  Checking calendars at 10:21:46
2026-06-23 10:21:46  DEBUG     [client.py:31]  GET https://192.168.1.249:5004/scl/get-all-calender
2026-06-23 10:21:46  INFO      [calendar_service.py:44]  Fetched 4 valid session(s).
2026-06-23 10:21:46  INFO      [main.py:87]  Calendar 2109 already started — skipping.
2026-06-23 10:21:46  INFO      [main.py:87]  Calendar 2109 already started — skipping.
2026-06-23 10:21:46  INFO      [main.py:194]  Calendar 2109 still running (7m 13s remaining).
2026-06-23 10:21:46  INFO      [main.py:206]  Active calendars: [2109]
2026-06-23 10:21:56  INFO      [main.py:53]  Checking calendars at 10:21:56
2026-06-23 10:21:56  DEBUG     [client.py:31]  GET https://192.168.1.249:5004/scl/get-all-calender
2026-06-23 10:21:56  INFO      [calendar_service.py:44]  Fetched 4 valid session(s).
2026-06-23 10:21:56  INFO      [main.py:87]  Calendar 2109 already started — skipping.
2026-06-23 10:21:56  INFO      [main.py:87]  Calendar 2109 already started — skipping.
2026-06-23 10:21:56  INFO      [main.py:194]  Calendar 2109 still running (7m 3s remaining).
2026-06-23 10:21:56  INFO      [main.py:206]  Active calendars: [2109]
2026-06-23 10:22:22  INFO      [main.py:33]  Server is starting...
2026-06-23 10:22:22  INFO      [auth_service.py:23]  Login successful.
2026-06-23 10:22:22  INFO      [main.py:53]  Checking calendars at 10:22:22
2026-06-23 10:22:22  DEBUG     [client.py:31]  GET https://192.168.1.249:5004/scl/get-all-calender
2026-06-23 10:22:22  INFO      [calendar_service.py:44]  Fetched 4 valid session(s).
2026-06-23 10:22:22  INFO      [main.py:67]  Calendar 2108 already ended — skipping.
2026-06-23 10:22:22  INFO      [main.py:67]  Calendar 2108 already ended — skipping.
2026-06-23 10:22:22  INFO      [main.py:90]  Processing calendar 2109 in room 7...
2026-06-23 10:22:22  DEBUG     [client.py:31]  GET https://192.168.1.249:5004/scl/get-all-camera-room/7
2026-06-23 10:22:22  INFO      [camera_service.py:11]  Fond 1 camera(s) in room7.
2026-06-23 10:22:22  DEBUG     [client.py:31]  GET https://192.168.1.249:5004/scl/get-attendance/2109
2026-06-23 10:22:22  INFO      [student_service.py:11]  Found 2 student(s) for calendar 2109
2026-06-23 10:22:22  INFO      [main.py:103]  Enrolling students for calendar 2109...
2026-06-23 10:22:22  INFO      [recognition.py:42]  Found 2 subject(s) already enrolled in CompreFace.
2026-06-23 10:22:22  INFO      [recognition.py:57]  Student 3 already enrolled in CompreFace — skipping.
2026-06-23 10:22:22  INFO      [recognition.py:57]  Student 683 already enrolled in CompreFace — skipping.
2026-06-23 10:22:22  INFO      [recognition.py:98]  Enrollment complete — 0/2 student(s) enrolled.
2026-06-23 10:22:22  INFO      [detector.py:17]  Starting detection for calendar 2109 in room 7...
2026-06-23 10:22:25  INFO      [detector.py:76]  Starting webcam process — device: /dev/video0
2026-06-23 10:22:25  INFO      [detector.py:106]  Started 2 process(es) for calendar 2109 (1 camera(s) + 1 recognition worker).
2026-06-23 10:22:25  INFO      [main.py:132]  Calendar 2109 started — 2 process(es) running.
2026-06-23 10:22:25  INFO      [main.py:87]  Calendar 2109 already started — skipping.
2026-06-23 10:22:25  INFO      [main.py:194]  Calendar 2109 still running (6m 37s remaining).
2026-06-23 10:22:25  INFO      [main.py:206]  Active calendars: [2109]
2026-06-23 10:22:27  INFO      [recognition_worker.py:38]  Recognition worker started for calendar 2109 — 2 student(s) to recognize.
2026-06-23 10:22:27  INFO      [camera.py:126]  CUDA is available — using GPU.
2026-06-23 10:22:27  INFO      [camera.py:135]  YOLO model loaded successfully.
2026-06-23 10:22:27  INFO      [session.py:29]  Created dataset folders for calendar 2109.
2026-06-23 10:22:27  INFO      [camera.py:182]  Connecting to webcam: /dev/video0
2026-06-23 10:22:27  INFO      [camera.py:207]  Connected to webcam — running face detection...
2026-06-23 10:22:32  DEBUG     [camera.py:82]  Rejected — too blurry (blur score: 23.8)
2026-06-23 10:22:32  INFO      [camera.py:265]  Face detected — YOLO conf: 0.788 — quality score: 0.0 — good: False
2026-06-23 10:22:32  INFO      [camera.py:47]  Initializing InsightFace quality checker...
2026-06-23 10:22:34  INFO      [camera.py:51]  InsightFace ready on GPU.
2026-06-23 10:22:35  INFO      [main.py:53]  Checking calendars at 10:22:35
2026-06-23 10:22:35  DEBUG     [client.py:31]  GET https://192.168.1.249:5004/scl/get-all-calender
2026-06-23 10:22:35  INFO      [calendar_service.py:44]  Fetched 4 valid session(s).
2026-06-23 10:22:35  INFO      [main.py:67]  Calendar 2108 already ended — skipping.
2026-06-23 10:22:35  INFO      [main.py:67]  Calendar 2108 already ended — skipping.
2026-06-23 10:22:35  INFO      [main.py:87]  Calendar 2109 already started — skipping.
2026-06-23 10:22:35  INFO      [main.py:87]  Calendar 2109 already started — skipping.
2026-06-23 10:22:35  INFO      [main.py:194]  Calendar 2109 still running (6m 24s remaining).
2026-06-23 10:22:35  INFO      [main.py:206]  Active calendars: [2109]
2026-06-23 10:22:39  DEBUG     [camera.py:111]  Quality — score: 0.711 blur: 31.3 brightness: 90.2
2026-06-23 10:22:39  INFO      [camera.py:265]  Face detected — YOLO conf: 0.830 — quality score: 0.711 — good: True
2026-06-23 10:22:45  INFO      [main.py:53]  Checking calendars at 10:22:45
2026-06-23 10:22:45  DEBUG     [client.py:31]  GET https://192.168.1.249:5004/scl/get-all-calender
2026-06-23 10:22:45  INFO      [calendar_service.py:44]  Fetched 4 valid session(s).
2026-06-23 10:22:45  INFO      [main.py:67]  Calendar 2108 already ended — skipping.
2026-06-23 10:22:45  INFO      [main.py:67]  Calendar 2108 already ended — skipping.
2026-06-23 10:22:45  INFO      [main.py:87]  Calendar 2109 already started — skipping.
2026-06-23 10:22:45  INFO      [main.py:87]  Calendar 2109 already started — skipping.
2026-06-23 10:22:45  INFO      [main.py:194]  Calendar 2109 still running (6m 14s remaining).
2026-06-23 10:22:45  INFO      [main.py:206]  Active calendars: [2109]
2026-06-23 10:22:57  INFO      [main.py:33]  Server is starting...
2026-06-23 10:22:57  INFO      [auth_service.py:23]  Login successful.
2026-06-23 10:22:57  INFO      [main.py:53]  Checking calendars at 10:22:57
2026-06-23 10:22:57  DEBUG     [client.py:31]  GET https://192.168.1.249:5004/scl/get-all-calender
2026-06-23 10:22:57  INFO      [calendar_service.py:44]  Fetched 4 valid session(s).
2026-06-23 10:22:57  INFO      [main.py:67]  Calendar 2108 already ended — skipping.
2026-06-23 10:22:57  INFO      [main.py:67]  Calendar 2108 already ended — skipping.
2026-06-23 10:22:57  INFO      [main.py:90]  Processing calendar 2109 in room 7...
2026-06-23 10:22:57  DEBUG     [client.py:31]  GET https://192.168.1.249:5004/scl/get-all-camera-room/7
2026-06-23 10:22:57  INFO      [camera_service.py:11]  Fond 1 camera(s) in room7.
2026-06-23 10:22:57  DEBUG     [client.py:31]  GET https://192.168.1.249:5004/scl/get-attendance/2109
2026-06-23 10:22:57  INFO      [student_service.py:11]  Found 2 student(s) for calendar 2109
2026-06-23 10:22:57  INFO      [main.py:103]  Enrolling students for calendar 2109...
2026-06-23 10:22:57  INFO      [recognition.py:42]  Found 2 subject(s) already enrolled in CompreFace.
2026-06-23 10:22:57  INFO      [recognition.py:57]  Student 3 already enrolled in CompreFace — skipping.
2026-06-23 10:22:57  INFO      [recognition.py:57]  Student 683 already enrolled in CompreFace — skipping.
2026-06-23 10:22:57  INFO      [recognition.py:98]  Enrollment complete — 0/2 student(s) enrolled.
2026-06-23 10:22:57  INFO      [detector.py:17]  Starting detection for calendar 2109 in room 7...
2026-06-23 10:22:59  INFO      [detector.py:76]  Starting webcam process — device: /dev/video0
2026-06-23 10:22:59  INFO      [detector.py:106]  Started 2 process(es) for calendar 2109 (1 camera(s) + 1 recognition worker).
2026-06-23 10:23:00  INFO      [main.py:132]  Calendar 2109 started — 2 process(es) running.
2026-06-23 10:23:00  INFO      [main.py:87]  Calendar 2109 already started — skipping.
2026-06-23 10:23:00  INFO      [main.py:194]  Calendar 2109 still running (6m 2s remaining).
2026-06-23 10:23:00  INFO      [main.py:206]  Active calendars: [2109]
2026-06-23 10:23:02  INFO      [recognition_worker.py:38]  Recognition worker started for calendar 2109 — 2 student(s) to recognize.
2026-06-23 10:23:02  INFO      [camera.py:126]  CUDA is available — using GPU.
2026-06-23 10:23:02  INFO      [camera.py:135]  YOLO model loaded successfully.
2026-06-23 10:23:02  INFO      [session.py:29]  Created dataset folders for calendar 2109.
2026-06-23 10:23:02  INFO      [camera.py:182]  Connecting to webcam: /dev/video0
2026-06-23 10:23:02  INFO      [camera.py:207]  Connected to webcam — running face detection...
2026-06-23 10:23:04  INFO      [camera.py:47]  Initializing InsightFace quality checker...
2026-06-23 10:23:05  INFO      [camera.py:51]  InsightFace ready on GPU.
2026-06-23 10:23:08  DEBUG     [camera.py:96]  Rejected — InsightFace found no face.
2026-06-23 10:23:08  INFO      [camera.py:265]  Face detected — YOLO conf: 0.887 — quality score: 0.0 — good: False
2026-06-23 10:23:08  DEBUG     [camera.py:96]  Rejected — InsightFace found no face.
2026-06-23 10:23:08  INFO      [camera.py:265]  Face detected — YOLO conf: 0.866 — quality score: 0.0 — good: False
2026-06-23 10:23:09  DEBUG     [camera.py:96]  Rejected — InsightFace found no face.
2026-06-23 10:23:09  INFO      [camera.py:265]  Face detected — YOLO conf: 0.868 — quality score: 0.0 — good: False
2026-06-23 10:23:09  DEBUG     [camera.py:96]  Rejected — InsightFace found no face.
2026-06-23 10:23:09  INFO      [camera.py:265]  Face detected — YOLO conf: 0.876 — quality score: 0.0 — good: False
2026-06-23 10:23:10  DEBUG     [camera.py:96]  Rejected — InsightFace found no face.
2026-06-23 10:23:10  INFO      [camera.py:265]  Face detected — YOLO conf: 0.874 — quality score: 0.0 — good: False
2026-06-23 10:23:10  INFO      [main.py:53]  Checking calendars at 10:23:10
2026-06-23 10:23:10  DEBUG     [client.py:31]  GET https://192.168.1.249:5004/scl/get-all-calender
2026-06-23 10:23:10  INFO      [calendar_service.py:44]  Fetched 4 valid session(s).
2026-06-23 10:23:10  INFO      [main.py:67]  Calendar 2108 already ended — skipping.
2026-06-23 10:23:10  INFO      [main.py:67]  Calendar 2108 already ended — skipping.
2026-06-23 10:23:10  INFO      [main.py:87]  Calendar 2109 already started — skipping.
2026-06-23 10:23:10  INFO      [main.py:87]  Calendar 2109 already started — skipping.
2026-06-23 10:23:10  INFO      [main.py:194]  Calendar 2109 still running (5m 49s remaining).
2026-06-23 10:23:10  INFO      [main.py:206]  Active calendars: [2109]
2026-06-23 10:23:10  DEBUG     [camera.py:96]  Rejected — InsightFace found no face.
2026-06-23 10:23:10  INFO      [camera.py:265]  Face detected — YOLO conf: 0.880 — quality score: 0.0 — good: False
2026-06-23 10:23:11  DEBUG     [camera.py:96]  Rejected — InsightFace found no face.
2026-06-23 10:23:11  INFO      [camera.py:265]  Face detected — YOLO conf: 0.879 — quality score: 0.0 — good: False
2026-06-23 10:23:11  DEBUG     [camera.py:96]  Rejected — InsightFace found no face.
2026-06-23 10:23:11  INFO      [camera.py:265]  Face detected — YOLO conf: 0.880 — quality score: 0.0 — good: False
2026-06-23 10:23:12  DEBUG     [camera.py:96]  Rejected — InsightFace found no face.
2026-06-23 10:23:12  INFO      [camera.py:265]  Face detected — YOLO conf: 0.877 — quality score: 0.0 — good: False
2026-06-23 10:23:12  DEBUG     [camera.py:96]  Rejected — InsightFace found no face.
2026-06-23 10:23:12  INFO      [camera.py:265]  Face detected — YOLO conf: 0.886 — quality score: 0.0 — good: False
2026-06-23 10:23:13  DEBUG     [camera.py:96]  Rejected — InsightFace found no face.
2026-06-23 10:23:13  INFO      [camera.py:265]  Face detected — YOLO conf: 0.886 — quality score: 0.0 — good: False
2026-06-23 10:23:13  DEBUG     [camera.py:96]  Rejected — InsightFace found no face.
2026-06-23 10:23:13  INFO      [camera.py:265]  Face detected — YOLO conf: 0.881 — quality score: 0.0 — good: False
2026-06-23 10:23:14  DEBUG     [camera.py:96]  Rejected — InsightFace found no face.
2026-06-23 10:23:14  INFO      [camera.py:265]  Face detected — YOLO conf: 0.874 — quality score: 0.0 — good: False
2026-06-23 10:23:14  DEBUG     [camera.py:96]  Rejected — InsightFace found no face.
2026-06-23 10:23:14  INFO      [camera.py:265]  Face detected — YOLO conf: 0.859 — quality score: 0.0 — good: False
2026-06-23 10:23:15  DEBUG     [camera.py:96]  Rejected — InsightFace found no face.
2026-06-23 10:23:15  INFO      [camera.py:265]  Face detected — YOLO conf: 0.873 — quality score: 0.0 — good: False
2026-06-23 10:23:15  DEBUG     [camera.py:96]  Rejected — InsightFace found no face.
2026-06-23 10:23:15  INFO      [camera.py:265]  Face detected — YOLO conf: 0.882 — quality score: 0.0 — good: False
2026-06-23 10:23:16  DEBUG     [camera.py:96]  Rejected — InsightFace found no face.
2026-06-23 10:23:16  INFO      [camera.py:265]  Face detected — YOLO conf: 0.883 — quality score: 0.0 — good: False
2026-06-23 10:23:16  DEBUG     [camera.py:96]  Rejected — InsightFace found no face.
2026-06-23 10:23:16  INFO      [camera.py:265]  Face detected — YOLO conf: 0.882 — quality score: 0.0 — good: False
2026-06-23 10:23:17  DEBUG     [camera.py:96]  Rejected — InsightFace found no face.
2026-06-23 10:23:17  INFO      [camera.py:265]  Face detected — YOLO conf: 0.879 — quality score: 0.0 — good: False
2026-06-23 10:23:17  DEBUG     [camera.py:96]  Rejected — InsightFace found no face.
2026-06-23 10:23:17  INFO      [camera.py:265]  Face detected — YOLO conf: 0.878 — quality score: 0.0 — good: False
2026-06-23 10:23:18  DEBUG     [camera.py:96]  Rejected — InsightFace found no face.
2026-06-23 10:23:18  INFO      [camera.py:265]  Face detected — YOLO conf: 0.882 — quality score: 0.0 — good: False
2026-06-23 10:23:18  DEBUG     [camera.py:96]  Rejected — InsightFace found no face.
2026-06-23 10:23:18  INFO      [camera.py:265]  Face detected — YOLO conf: 0.864 — quality score: 0.0 — good: False
2026-06-23 10:23:19  DEBUG     [camera.py:96]  Rejected — InsightFace found no face.
2026-06-23 10:23:19  INFO      [camera.py:265]  Face detected — YOLO conf: 0.865 — quality score: 0.0 — good: False
2026-06-23 10:23:19  DEBUG     [camera.py:96]  Rejected — InsightFace found no face.
2026-06-23 10:23:19  INFO      [camera.py:265]  Face detected — YOLO conf: 0.867 — quality score: 0.0 — good: False
2026-06-23 10:23:20  INFO      [main.py:53]  Checking calendars at 10:23:20
2026-06-23 10:23:20  DEBUG     [client.py:31]  GET https://192.168.1.249:5004/scl/get-all-calender
2026-06-23 10:23:20  INFO      [calendar_service.py:44]  Fetched 4 valid session(s).
2026-06-23 10:23:20  INFO      [main.py:67]  Calendar 2108 already ended — skipping.
2026-06-23 10:23:20  INFO      [main.py:67]  Calendar 2108 already ended — skipping.
2026-06-23 10:23:20  INFO      [main.py:87]  Calendar 2109 already started — skipping.
2026-06-23 10:23:20  INFO      [main.py:87]  Calendar 2109 already started — skipping.
2026-06-23 10:23:20  INFO      [main.py:194]  Calendar 2109 still running (5m 39s remaining).
2026-06-23 10:23:20  INFO      [main.py:206]  Active calendars: [2109]
2026-06-23 10:23:20  DEBUG     [camera.py:96]  Rejected — InsightFace found no face.
2026-06-23 10:23:20  INFO      [camera.py:265]  Face detected — YOLO conf: 0.865 — quality score: 0.0 — good: False
2026-06-23 10:23:20  DEBUG     [camera.py:96]  Rejected — InsightFace found no face.
2026-06-23 10:23:20  INFO      [camera.py:265]  Face detected — YOLO conf: 0.869 — quality score: 0.0 — good: False
2026-06-23 10:23:21  DEBUG     [camera.py:96]  Rejected — InsightFace found no face.
2026-06-23 10:23:21  INFO      [camera.py:265]  Face detected — YOLO conf: 0.884 — quality score: 0.0 — good: False
2026-06-23 10:23:21  DEBUG     [camera.py:96]  Rejected — InsightFace found no face.
2026-06-23 10:23:21  INFO      [camera.py:265]  Face detected — YOLO conf: 0.867 — quality score: 0.0 — good: False
2026-06-23 10:23:22  DEBUG     [camera.py:96]  Rejected — InsightFace found no face.
2026-06-23 10:23:22  INFO      [camera.py:265]  Face detected — YOLO conf: 0.871 — quality score: 0.0 — good: False
2026-06-23 10:23:22  DEBUG     [camera.py:96]  Rejected — InsightFace found no face.
2026-06-23 10:23:22  INFO      [camera.py:265]  Face detected — YOLO conf: 0.871 — quality score: 0.0 — good: False
2026-06-23 10:23:23  DEBUG     [camera.py:96]  Rejected — InsightFace found no face.
2026-06-23 10:23:23  INFO      [camera.py:265]  Face detected — YOLO conf: 0.863 — quality score: 0.0 — good: False
2026-06-23 10:23:23  DEBUG     [camera.py:96]  Rejected — InsightFace found no face.
2026-06-23 10:23:23  INFO      [camera.py:265]  Face detected — YOLO conf: 0.868 — quality score: 0.0 — good: False
2026-06-23 10:23:24  DEBUG     [camera.py:96]  Rejected — InsightFace found no face.
2026-06-23 10:23:24  INFO      [camera.py:265]  Face detected — YOLO conf: 0.873 — quality score: 0.0 — good: False
2026-06-23 10:23:25  DEBUG     [camera.py:96]  Rejected — InsightFace found no face.
2026-06-23 10:23:25  INFO      [camera.py:265]  Face detected — YOLO conf: 0.869 — quality score: 0.0 — good: False
2026-06-23 10:23:25  DEBUG     [camera.py:96]  Rejected — InsightFace found no face.
2026-06-23 10:23:25  INFO      [camera.py:265]  Face detected — YOLO conf: 0.869 — quality score: 0.0 — good: False
2026-06-23 10:23:26  DEBUG     [camera.py:96]  Rejected — InsightFace found no face.
2026-06-23 10:23:26  INFO      [camera.py:265]  Face detected — YOLO conf: 0.860 — quality score: 0.0 — good: False
2026-06-23 10:23:26  DEBUG     [camera.py:96]  Rejected — InsightFace found no face.
2026-06-23 10:23:26  INFO      [camera.py:265]  Face detected — YOLO conf: 0.867 — quality score: 0.0 — good: False
2026-06-23 10:23:27  DEBUG     [camera.py:96]  Rejected — InsightFace found no face.
2026-06-23 10:23:27  INFO      [camera.py:265]  Face detected — YOLO conf: 0.871 — quality score: 0.0 — good: False
2026-06-23 10:23:27  DEBUG     [camera.py:96]  Rejected — InsightFace found no face.
2026-06-23 10:23:27  INFO      [camera.py:265]  Face detected — YOLO conf: 0.859 — quality score: 0.0 — good: False
2026-06-23 10:23:28  DEBUG     [camera.py:96]  Rejected — InsightFace found no face.
2026-06-23 10:23:28  INFO      [camera.py:265]  Face detected — YOLO conf: 0.868 — quality score: 0.0 — good: False
2026-06-23 10:23:28  DEBUG     [camera.py:96]  Rejected — InsightFace found no face.
2026-06-23 10:23:28  INFO      [camera.py:265]  Face detected — YOLO conf: 0.864 — quality score: 0.0 — good: False
2026-06-23 10:23:29  DEBUG     [camera.py:96]  Rejected — InsightFace found no face.
2026-06-23 10:23:29  INFO      [camera.py:265]  Face detected — YOLO conf: 0.859 — quality score: 0.0 — good: False
2026-06-23 10:23:29  DEBUG     [camera.py:96]  Rejected — InsightFace found no face.
2026-06-23 10:23:29  INFO      [camera.py:265]  Face detected — YOLO conf: 0.858 — quality score: 0.0 — good: False
2026-06-23 10:23:30  INFO      [main.py:53]  Checking calendars at 10:23:30
2026-06-23 10:23:30  DEBUG     [client.py:31]  GET https://192.168.1.249:5004/scl/get-all-calender
2026-06-23 10:23:30  INFO      [calendar_service.py:44]  Fetched 4 valid session(s).
2026-06-23 10:23:30  INFO      [main.py:67]  Calendar 2108 already ended — skipping.
2026-06-23 10:23:30  INFO      [main.py:67]  Calendar 2108 already ended — skipping.
2026-06-23 10:23:30  INFO      [main.py:87]  Calendar 2109 already started — skipping.
2026-06-23 10:23:30  INFO      [main.py:87]  Calendar 2109 already started — skipping.
2026-06-23 10:23:30  INFO      [main.py:194]  Calendar 2109 still running (5m 29s remaining).
2026-06-23 10:23:30  INFO      [main.py:206]  Active calendars: [2109]
2026-06-23 10:23:30  DEBUG     [camera.py:96]  Rejected — InsightFace found no face.
2026-06-23 10:23:30  INFO      [camera.py:265]  Face detected — YOLO conf: 0.862 — quality score: 0.0 — good: False
2026-06-23 10:23:30  DEBUG     [camera.py:96]  Rejected — InsightFace found no face.
2026-06-23 10:23:30  INFO      [camera.py:265]  Face detected — YOLO conf: 0.855 — quality score: 0.0 — good: False
2026-06-23 10:23:31  DEBUG     [camera.py:96]  Rejected — InsightFace found no face.
2026-06-23 10:23:31  INFO      [camera.py:265]  Face detected — YOLO conf: 0.858 — quality score: 0.0 — good: False
2026-06-23 10:23:31  DEBUG     [camera.py:96]  Rejected — InsightFace found no face.
2026-06-23 10:23:31  INFO      [camera.py:265]  Face detected — YOLO conf: 0.863 — quality score: 0.0 — good: False
2026-06-23 10:23:32  DEBUG     [camera.py:96]  Rejected — InsightFace found no face.
2026-06-23 10:23:32  INFO      [camera.py:265]  Face detected — YOLO conf: 0.857 — quality score: 0.0 — good: False
2026-06-23 10:23:32  DEBUG     [camera.py:96]  Rejected — InsightFace found no face.
2026-06-23 10:23:32  INFO      [camera.py:265]  Face detected — YOLO conf: 0.862 — quality score: 0.0 — good: False
2026-06-23 10:23:33  DEBUG     [camera.py:96]  Rejected — InsightFace found no face.
2026-06-23 10:23:33  INFO      [camera.py:265]  Face detected — YOLO conf: 0.874 — quality score: 0.0 — good: False
2026-06-23 10:23:33  DEBUG     [camera.py:96]  Rejected — InsightFace found no face.
2026-06-23 10:23:33  INFO      [camera.py:265]  Face detected — YOLO conf: 0.867 — quality score: 0.0 — good: False
2026-06-23 10:23:34  DEBUG     [camera.py:96]  Rejected — InsightFace found no face.
2026-06-23 10:23:34  INFO      [camera.py:265]  Face detected — YOLO conf: 0.861 — quality score: 0.0 — good: False
2026-06-23 10:23:34  DEBUG     [camera.py:96]  Rejected — InsightFace found no face.
2026-06-23 10:23:34  INFO      [camera.py:265]  Face detected — YOLO conf: 0.866 — quality score: 0.0 — good: False
2026-06-23 10:23:35  DEBUG     [camera.py:96]  Rejected — InsightFace found no face.
2026-06-23 10:23:35  INFO      [camera.py:265]  Face detected — YOLO conf: 0.860 — quality score: 0.0 — good: False
2026-06-23 10:23:35  DEBUG     [camera.py:96]  Rejected — InsightFace found no face.
2026-06-23 10:23:35  INFO      [camera.py:265]  Face detected — YOLO conf: 0.873 — quality score: 0.0 — good: False
2026-06-23 10:23:36  DEBUG     [camera.py:96]  Rejected — InsightFace found no face.
2026-06-23 10:23:36  INFO      [camera.py:265]  Face detected — YOLO conf: 0.878 — quality score: 0.0 — good: False
2026-06-23 10:23:36  DEBUG     [camera.py:96]  Rejected — InsightFace found no face.
2026-06-23 10:23:36  INFO      [camera.py:265]  Face detected — YOLO conf: 0.874 — quality score: 0.0 — good: False
2026-06-23 10:23:37  DEBUG     [camera.py:96]  Rejected — InsightFace found no face.
2026-06-23 10:23:37  INFO      [camera.py:265]  Face detected — YOLO conf: 0.880 — quality score: 0.0 — good: False
2026-06-23 10:23:37  DEBUG     [camera.py:96]  Rejected — InsightFace found no face.
2026-06-23 10:23:37  INFO      [camera.py:265]  Face detected — YOLO conf: 0.883 — quality score: 0.0 — good: False
2026-06-23 10:23:38  DEBUG     [camera.py:96]  Rejected — InsightFace found no face.
2026-06-23 10:23:38  INFO      [camera.py:265]  Face detected — YOLO conf: 0.863 — quality score: 0.0 — good: False
2026-06-23 10:23:38  DEBUG     [camera.py:96]  Rejected — InsightFace found no face.
2026-06-23 10:23:38  INFO      [camera.py:265]  Face detected — YOLO conf: 0.861 — quality score: 0.0 — good: False
2026-06-23 10:23:39  DEBUG     [camera.py:96]  Rejected — InsightFace found no face.
2026-06-23 10:23:39  INFO      [camera.py:265]  Face detected — YOLO conf: 0.865 — quality score: 0.0 — good: False
2026-06-23 10:23:39  DEBUG     [camera.py:96]  Rejected — InsightFace found no face.
2026-06-23 10:23:39  INFO      [camera.py:265]  Face detected — YOLO conf: 0.867 — quality score: 0.0 — good: False
2026-06-23 10:23:40  INFO      [main.py:53]  Checking calendars at 10:23:40
2026-06-23 10:23:40  DEBUG     [client.py:31]  GET https://192.168.1.249:5004/scl/get-all-calender
2026-06-23 10:23:40  INFO      [calendar_service.py:44]  Fetched 4 valid session(s).
2026-06-23 10:23:40  INFO      [main.py:67]  Calendar 2108 already ended — skipping.
2026-06-23 10:23:40  INFO      [main.py:67]  Calendar 2108 already ended — skipping.
2026-06-23 10:23:40  INFO      [main.py:87]  Calendar 2109 already started — skipping.
2026-06-23 10:23:40  INFO      [main.py:87]  Calendar 2109 already started — skipping.
2026-06-23 10:23:40  INFO      [main.py:194]  Calendar 2109 still running (5m 19s remaining).
2026-06-23 10:23:40  INFO      [main.py:206]  Active calendars: [2109]
2026-06-23 10:23:40  DEBUG     [camera.py:96]  Rejected — InsightFace found no face.
2026-06-23 10:23:40  INFO      [camera.py:265]  Face detected — YOLO conf: 0.866 — quality score: 0.0 — good: False
2026-06-23 10:23:40  DEBUG     [camera.py:96]  Rejected — InsightFace found no face.
2026-06-23 10:23:40  INFO      [camera.py:265]  Face detected — YOLO conf: 0.870 — quality score: 0.0 — good: False
2026-06-23 10:23:41  DEBUG     [camera.py:96]  Rejected — InsightFace found no face.
2026-06-23 10:23:41  INFO      [camera.py:265]  Face detected — YOLO conf: 0.877 — quality score: 0.0 — good: False
2026-06-23 10:23:41  DEBUG     [camera.py:96]  Rejected — InsightFace found no face.
2026-06-23 10:23:41  INFO      [camera.py:265]  Face detected — YOLO conf: 0.872 — quality score: 0.0 — good: False
2026-06-23 10:23:42  DEBUG     [camera.py:96]  Rejected — InsightFace found no face.
2026-06-23 10:23:42  INFO      [camera.py:265]  Face detected — YOLO conf: 0.872 — quality score: 0.0 — good: False
2026-06-23 10:23:42  DEBUG     [camera.py:96]  Rejected — InsightFace found no face.
2026-06-23 10:23:42  INFO      [camera.py:265]  Face detected — YOLO conf: 0.857 — quality score: 0.0 — good: False
2026-06-23 10:23:43  DEBUG     [camera.py:96]  Rejected — InsightFace found no face.
2026-06-23 10:23:43  INFO      [camera.py:265]  Face detected — YOLO conf: 0.843 — quality score: 0.0 — good: False
2026-06-23 10:23:46  DEBUG     [camera.py:111]  Quality — score: 0.673 blur: 397.1 brightness: 79.0
2026-06-23 10:23:46  INFO      [camera.py:265]  Face detected — YOLO conf: 0.833 — quality score: 0.673 — good: True
2026-06-23 10:23:56  INFO      [main.py:33]  Server is starting...
2026-06-23 10:23:56  INFO      [auth_service.py:23]  Login successful.
2026-06-23 10:23:56  INFO      [main.py:53]  Checking calendars at 10:23:56
2026-06-23 10:23:56  DEBUG     [client.py:31]  GET https://192.168.1.249:5004/scl/get-all-calender
2026-06-23 10:23:56  INFO      [calendar_service.py:44]  Fetched 4 valid session(s).
2026-06-23 10:23:56  INFO      [main.py:67]  Calendar 2108 already ended — skipping.
2026-06-23 10:23:56  INFO      [main.py:67]  Calendar 2108 already ended — skipping.
2026-06-23 10:23:56  INFO      [main.py:90]  Processing calendar 2109 in room 7...
2026-06-23 10:23:56  DEBUG     [client.py:31]  GET https://192.168.1.249:5004/scl/get-all-camera-room/7
2026-06-23 10:23:56  INFO      [camera_service.py:11]  Fond 1 camera(s) in room7.
2026-06-23 10:23:56  DEBUG     [client.py:31]  GET https://192.168.1.249:5004/scl/get-attendance/2109
2026-06-23 10:23:56  INFO      [student_service.py:11]  Found 2 student(s) for calendar 2109
2026-06-23 10:23:56  INFO      [main.py:103]  Enrolling students for calendar 2109...
2026-06-23 10:23:56  INFO      [recognition.py:42]  Found 2 subject(s) already enrolled in CompreFace.
2026-06-23 10:23:56  INFO      [recognition.py:57]  Student 3 already enrolled in CompreFace — skipping.
2026-06-23 10:23:56  INFO      [recognition.py:57]  Student 683 already enrolled in CompreFace — skipping.
2026-06-23 10:23:56  INFO      [recognition.py:98]  Enrollment complete — 0/2 student(s) enrolled.
2026-06-23 10:23:56  INFO      [detector.py:17]  Starting detection for calendar 2109 in room 7...
2026-06-23 10:23:56  INFO      [detector.py:75]  Starting webcam process — device: /dev/video0
2026-06-23 10:23:56  INFO      [detector.py:105]  Started 2 process(es) for calendar 2109 (1 camera(s) + 1 recognition worker).
2026-06-23 10:23:56  INFO      [main.py:132]  Calendar 2109 started — 2 process(es) running.
2026-06-23 10:23:56  INFO      [main.py:87]  Calendar 2109 already started — skipping.
2026-06-23 10:23:56  INFO      [main.py:194]  Calendar 2109 still running (5m 3s remaining).
2026-06-23 10:23:56  INFO      [main.py:206]  Active calendars: [2109]
2026-06-23 10:24:06  INFO      [main.py:53]  Checking calendars at 10:24:06
2026-06-23 10:24:06  DEBUG     [client.py:31]  GET https://192.168.1.249:5004/scl/get-all-calender
2026-06-23 10:24:06  INFO      [calendar_service.py:44]  Fetched 4 valid session(s).
2026-06-23 10:24:06  INFO      [main.py:67]  Calendar 2108 already ended — skipping.
2026-06-23 10:24:06  INFO      [main.py:67]  Calendar 2108 already ended — skipping.
2026-06-23 10:24:06  INFO      [main.py:87]  Calendar 2109 already started — skipping.
2026-06-23 10:24:06  INFO      [main.py:87]  Calendar 2109 already started — skipping.
2026-06-23 10:24:06  INFO      [main.py:194]  Calendar 2109 still running (4m 53s remaining).
2026-06-23 10:24:06  INFO      [main.py:206]  Active calendars: [2109]
2026-06-23 10:24:16  INFO      [main.py:53]  Checking calendars at 10:24:16
2026-06-23 10:24:16  DEBUG     [client.py:31]  GET https://192.168.1.249:5004/scl/get-all-calender
2026-06-23 10:24:16  INFO      [calendar_service.py:44]  Fetched 4 valid session(s).
2026-06-23 10:24:16  INFO      [main.py:67]  Calendar 2108 already ended — skipping.
2026-06-23 10:24:16  INFO      [main.py:67]  Calendar 2108 already ended — skipping.
2026-06-23 10:24:16  INFO      [main.py:87]  Calendar 2109 already started — skipping.
2026-06-23 10:24:16  INFO      [main.py:87]  Calendar 2109 already started — skipping.
2026-06-23 10:24:16  INFO      [main.py:194]  Calendar 2109 still running (4m 43s remaining).
2026-06-23 10:24:16  INFO      [main.py:206]  Active calendars: [2109]
2026-06-23 10:24:26  INFO      [main.py:53]  Checking calendars at 10:24:26
2026-06-23 10:24:26  DEBUG     [client.py:31]  GET https://192.168.1.249:5004/scl/get-all-calender
2026-06-23 10:24:26  INFO      [calendar_service.py:44]  Fetched 4 valid session(s).
2026-06-23 10:24:26  INFO      [main.py:67]  Calendar 2108 already ended — skipping.
2026-06-23 10:24:26  INFO      [main.py:67]  Calendar 2108 already ended — skipping.
2026-06-23 10:24:26  INFO      [main.py:87]  Calendar 2109 already started — skipping.
2026-06-23 10:24:26  INFO      [main.py:87]  Calendar 2109 already started — skipping.
2026-06-23 10:24:26  INFO      [main.py:194]  Calendar 2109 still running (4m 33s remaining).
2026-06-23 10:24:26  INFO      [main.py:206]  Active calendars: [2109]
2026-06-23 10:24:36  INFO      [main.py:53]  Checking calendars at 10:24:36
2026-06-23 10:24:36  DEBUG     [client.py:31]  GET https://192.168.1.249:5004/scl/get-all-calender
2026-06-23 10:24:36  INFO      [calendar_service.py:44]  Fetched 4 valid session(s).
2026-06-23 10:24:36  INFO      [main.py:67]  Calendar 2108 already ended — skipping.
2026-06-23 10:24:36  INFO      [main.py:67]  Calendar 2108 already ended — skipping.
2026-06-23 10:24:36  INFO      [main.py:87]  Calendar 2109 already started — skipping.
2026-06-23 10:24:36  INFO      [main.py:87]  Calendar 2109 already started — skipping.
2026-06-23 10:24:36  INFO      [main.py:194]  Calendar 2109 still running (4m 23s remaining).
2026-06-23 10:24:36  INFO      [main.py:206]  Active calendars: [2109]
2026-06-23 10:24:42  INFO      [main.py:33]  Server is starting...
2026-06-23 10:24:42  INFO      [auth_service.py:23]  Login successful.
2026-06-23 10:24:42  INFO      [main.py:53]  Checking calendars at 10:24:42
2026-06-23 10:24:42  DEBUG     [client.py:31]  GET https://192.168.1.249:5004/scl/get-all-calender
2026-06-23 10:24:43  INFO      [calendar_service.py:44]  Fetched 4 valid session(s).
2026-06-23 10:24:43  INFO      [main.py:67]  Calendar 2108 already ended — skipping.
2026-06-23 10:24:43  INFO      [main.py:67]  Calendar 2108 already ended — skipping.
2026-06-23 10:24:43  INFO      [main.py:90]  Processing calendar 2109 in room 7...
2026-06-23 10:24:43  DEBUG     [client.py:31]  GET https://192.168.1.249:5004/scl/get-all-camera-room/7
2026-06-23 10:24:43  INFO      [camera_service.py:11]  Fond 1 camera(s) in room7.
2026-06-23 10:24:43  DEBUG     [client.py:31]  GET https://192.168.1.249:5004/scl/get-attendance/2109
2026-06-23 10:24:43  INFO      [student_service.py:11]  Found 2 student(s) for calendar 2109
2026-06-23 10:24:43  INFO      [main.py:103]  Enrolling students for calendar 2109...
2026-06-23 10:24:43  INFO      [recognition.py:42]  Found 2 subject(s) already enrolled in CompreFace.
2026-06-23 10:24:43  INFO      [recognition.py:57]  Student 3 already enrolled in CompreFace — skipping.
2026-06-23 10:24:43  INFO      [recognition.py:57]  Student 683 already enrolled in CompreFace — skipping.
2026-06-23 10:24:43  INFO      [recognition.py:98]  Enrollment complete — 0/2 student(s) enrolled.
2026-06-23 10:24:43  INFO      [detector.py:17]  Starting detection for calendar 2109 in room 7...
2026-06-23 10:24:43  INFO      [detector.py:75]  Starting webcam process — device: /dev/video0
2026-06-23 10:24:43  INFO      [detector.py:105]  Started 2 process(es) for calendar 2109 (1 camera(s) + 1 recognition worker).
2026-06-23 10:24:43  INFO      [main.py:132]  Calendar 2109 started — 2 process(es) running.
2026-06-23 10:24:43  INFO      [main.py:87]  Calendar 2109 already started — skipping.
2026-06-23 10:24:43  INFO      [main.py:194]  Calendar 2109 still running (4m 17s remaining).
2026-06-23 10:24:43  INFO      [main.py:206]  Active calendars: [2109]
2026-06-23 10:24:43  INFO      [recognition_worker.py:38]  Recognition worker started for calendar 2109 — 2 student(s) to recognize.
2026-06-23 10:24:43  INFO      [camera.py:126]  CUDA is available — using GPU.
2026-06-23 10:24:43  INFO      [camera.py:135]  YOLO model loaded successfully.
2026-06-23 10:24:43  INFO      [session.py:29]  Created dataset folders for calendar 2109.
2026-06-23 10:24:43  INFO      [camera.py:182]  Connecting to webcam: /dev/video0
2026-06-23 10:24:43  INFO      [camera.py:207]  Connected to webcam — running face detection...
2026-06-23 10:24:44  INFO      [camera.py:47]  Initializing InsightFace quality checker...
2026-06-23 10:24:46  INFO      [camera.py:51]  InsightFace ready on GPU.
2026-06-23 10:24:49  DEBUG     [camera.py:96]  Rejected — InsightFace found no face.
2026-06-23 10:24:49  INFO      [camera.py:265]  Face detected — YOLO conf: 0.872 — quality score: 0.0 — good: False
2026-06-23 10:24:50  DEBUG     [camera.py:96]  Rejected — InsightFace found no face.
2026-06-23 10:24:50  INFO      [camera.py:265]  Face detected — YOLO conf: 0.852 — quality score: 0.0 — good: False
2026-06-23 10:24:50  DEBUG     [camera.py:96]  Rejected — InsightFace found no face.
2026-06-23 10:24:50  INFO      [camera.py:265]  Face detected — YOLO conf: 0.851 — quality score: 0.0 — good: False
2026-06-23 10:24:51  DEBUG     [camera.py:96]  Rejected — InsightFace found no face.
2026-06-23 10:24:51  INFO      [camera.py:265]  Face detected — YOLO conf: 0.843 — quality score: 0.0 — good: False
2026-06-23 10:24:51  DEBUG     [camera.py:96]  Rejected — InsightFace found no face.
2026-06-23 10:24:51  INFO      [camera.py:265]  Face detected — YOLO conf: 0.849 — quality score: 0.0 — good: False
2026-06-23 10:24:52  DEBUG     [camera.py:96]  Rejected — InsightFace found no face.
2026-06-23 10:24:52  INFO      [camera.py:265]  Face detected — YOLO conf: 0.877 — quality score: 0.0 — good: False
2026-06-23 10:24:53  INFO      [main.py:53]  Checking calendars at 10:24:53
2026-06-23 10:24:53  DEBUG     [client.py:31]  GET https://192.168.1.249:5004/scl/get-all-calender
2026-06-23 10:24:53  INFO      [calendar_service.py:44]  Fetched 4 valid session(s).
2026-06-23 10:24:53  INFO      [main.py:67]  Calendar 2108 already ended — skipping.
2026-06-23 10:24:53  INFO      [main.py:67]  Calendar 2108 already ended — skipping.
2026-06-23 10:24:53  INFO      [main.py:87]  Calendar 2109 already started — skipping.
2026-06-23 10:24:53  INFO      [main.py:87]  Calendar 2109 already started — skipping.
2026-06-23 10:24:53  INFO      [main.py:194]  Calendar 2109 still running (4m 6s remaining).
2026-06-23 10:24:53  INFO      [main.py:206]  Active calendars: [2109]
2026-06-23 10:24:55  DEBUG     [camera.py:111]  Quality — score: 0.590 blur: 561.3 brightness: 79.0
2026-06-23 10:24:55  INFO      [camera.py:265]  Face detected — YOLO conf: 0.844 — quality score: 0.59 — good: True
2026-06-23 10:24:55  INFO      [camera.py:281]  Face queued for recognition: face_20260623_102455_440.jpg
2026-06-23 10:24:55  DEBUG     [camera.py:96]  Rejected — InsightFace found no face.
2026-06-23 10:24:55  INFO      [camera.py:265]  Face detected — YOLO conf: 0.879 — quality score: 0.0 — good: False
2026-06-23 10:24:55  DEBUG     [client.py:48]  POST https://192.168.1.249:5004/scl/update-attendance-student/9565
2026-06-23 10:24:55  INFO      [attendance_service.py:13]  Attendance 9565 updated - present: True.
2026-06-23 10:24:55  INFO      [recognition_worker.py:110]  ✅ Student 683 recognized (similarity=0.9989) — attendance updated.
2026-06-23 10:24:55  INFO      [recognition_worker.py:122]  Unenrolled student 683 from CompreFace.
2026-06-23 10:24:56  DEBUG     [camera.py:96]  Rejected — InsightFace found no face.
2026-06-23 10:24:56  INFO      [camera.py:265]  Face detected — YOLO conf: 0.882 — quality score: 0.0 — good: False
2026-06-23 10:24:56  DEBUG     [camera.py:96]  Rejected — InsightFace found no face.
2026-06-23 10:24:56  INFO      [camera.py:265]  Face detected — YOLO conf: 0.872 — quality score: 0.0 — good: False
2026-06-23 10:24:57  DEBUG     [camera.py:96]  Rejected — InsightFace found no face.
2026-06-23 10:24:57  INFO      [camera.py:265]  Face detected — YOLO conf: 0.871 — quality score: 0.0 — good: False
2026-06-23 10:24:57  DEBUG     [camera.py:96]  Rejected — InsightFace found no face.
2026-06-23 10:24:57  INFO      [camera.py:265]  Face detected — YOLO conf: 0.866 — quality score: 0.0 — good: False
2026-06-23 10:24:58  DEBUG     [camera.py:96]  Rejected — InsightFace found no face.
2026-06-23 10:24:58  INFO      [camera.py:265]  Face detected — YOLO conf: 0.860 — quality score: 0.0 — good: False
2026-06-23 10:24:58  DEBUG     [camera.py:96]  Rejected — InsightFace found no face.
2026-06-23 10:24:58  INFO      [camera.py:265]  Face detected — YOLO conf: 0.876 — quality score: 0.0 — good: False
2026-06-23 10:24:59  DEBUG     [camera.py:96]  Rejected — InsightFace found no face.
2026-06-23 10:24:59  INFO      [camera.py:265]  Face detected — YOLO conf: 0.868 — quality score: 0.0 — good: False
2026-06-23 10:24:59  DEBUG     [camera.py:96]  Rejected — InsightFace found no face.
2026-06-23 10:24:59  INFO      [camera.py:265]  Face detected — YOLO conf: 0.856 — quality score: 0.0 — good: False
2026-06-23 10:25:00  DEBUG     [camera.py:96]  Rejected — InsightFace found no face.
2026-06-23 10:25:00  INFO      [camera.py:265]  Face detected — YOLO conf: 0.847 — quality score: 0.0 — good: False
2026-06-23 10:25:00  DEBUG     [camera.py:96]  Rejected — InsightFace found no face.
2026-06-23 10:25:00  INFO      [camera.py:265]  Face detected — YOLO conf: 0.851 — quality score: 0.0 — good: False
2026-06-23 10:25:01  DEBUG     [camera.py:96]  Rejected — InsightFace found no face.
2026-06-23 10:25:01  INFO      [camera.py:265]  Face detected — YOLO conf: 0.840 — quality score: 0.0 — good: False
2026-06-23 10:25:01  DEBUG     [camera.py:96]  Rejected — InsightFace found no face.
2026-06-23 10:25:01  INFO      [camera.py:265]  Face detected — YOLO conf: 0.861 — quality score: 0.0 — good: False
2026-06-23 10:25:02  DEBUG     [camera.py:96]  Rejected — InsightFace found no face.
2026-06-23 10:25:02  INFO      [camera.py:265]  Face detected — YOLO conf: 0.858 — quality score: 0.0 — good: False
2026-06-23 10:25:02  DEBUG     [camera.py:96]  Rejected — InsightFace found no face.
2026-06-23 10:25:02  INFO      [camera.py:265]  Face detected — YOLO conf: 0.856 — quality score: 0.0 — good: False
2026-06-23 10:25:03  INFO      [main.py:53]  Checking calendars at 10:25:03
2026-06-23 10:25:03  DEBUG     [client.py:31]  GET https://192.168.1.249:5004/scl/get-all-calender
2026-06-23 10:25:03  INFO      [calendar_service.py:44]  Fetched 4 valid session(s).
2026-06-23 10:25:03  INFO      [main.py:67]  Calendar 2108 already ended — skipping.
2026-06-23 10:25:03  INFO      [main.py:67]  Calendar 2108 already ended — skipping.
2026-06-23 10:25:03  INFO      [main.py:87]  Calendar 2109 already started — skipping.
2026-06-23 10:25:03  INFO      [main.py:87]  Calendar 2109 already started — skipping.
2026-06-23 10:25:03  INFO      [main.py:194]  Calendar 2109 still running (3m 56s remaining).
2026-06-23 10:25:03  INFO      [main.py:206]  Active calendars: [2109]
2026-06-23 10:25:03  DEBUG     [camera.py:96]  Rejected — InsightFace found no face.
2026-06-23 10:25:03  INFO      [camera.py:265]  Face detected — YOLO conf: 0.867 — quality score: 0.0 — good: False
2026-06-23 10:25:03  DEBUG     [camera.py:96]  Rejected — InsightFace found no face.
2026-06-23 10:25:03  INFO      [camera.py:265]  Face detected — YOLO conf: 0.858 — quality score: 0.0 — good: False
2026-06-23 10:25:04  DEBUG     [camera.py:96]  Rejected — InsightFace found no face.
2026-06-23 10:25:04  INFO      [camera.py:265]  Face detected — YOLO conf: 0.857 — quality score: 0.0 — good: False
2026-06-23 10:25:04  DEBUG     [camera.py:96]  Rejected — InsightFace found no face.
2026-06-23 10:25:04  INFO      [camera.py:265]  Face detected — YOLO conf: 0.874 — quality score: 0.0 — good: False
2026-06-23 10:25:05  DEBUG     [camera.py:96]  Rejected — InsightFace found no face.
2026-06-23 10:25:05  INFO      [camera.py:265]  Face detected — YOLO conf: 0.875 — quality score: 0.0 — good: False
2026-06-23 10:25:05  DEBUG     [camera.py:96]  Rejected — InsightFace found no face.
2026-06-23 10:25:05  INFO      [camera.py:265]  Face detected — YOLO conf: 0.848 — quality score: 0.0 — good: False
2026-06-23 10:25:06  DEBUG     [camera.py:96]  Rejected — InsightFace found no face.
2026-06-23 10:25:06  INFO      [camera.py:265]  Face detected — YOLO conf: 0.852 — quality score: 0.0 — good: False
2026-06-23 10:25:06  DEBUG     [camera.py:96]  Rejected — InsightFace found no face.
2026-06-23 10:25:06  INFO      [camera.py:265]  Face detected — YOLO conf: 0.868 — quality score: 0.0 — good: False
2026-06-23 10:25:07  DEBUG     [camera.py:96]  Rejected — InsightFace found no face.
2026-06-23 10:25:07  INFO      [camera.py:265]  Face detected — YOLO conf: 0.871 — quality score: 0.0 — good: False
2026-06-23 10:25:07  DEBUG     [camera.py:96]  Rejected — InsightFace found no face.
2026-06-23 10:25:07  INFO      [camera.py:265]  Face detected — YOLO conf: 0.861 — quality score: 0.0 — good: False
2026-06-23 10:25:08  DEBUG     [camera.py:96]  Rejected — InsightFace found no face.
2026-06-23 10:25:08  INFO      [camera.py:265]  Face detected — YOLO conf: 0.798 — quality score: 0.0 — good: False
2026-06-23 10:25:08  DEBUG     [camera.py:96]  Rejected — InsightFace found no face.
2026-06-23 10:25:08  INFO      [camera.py:265]  Face detected — YOLO conf: 0.781 — quality score: 0.0 — good: False
2026-06-23 10:25:09  DEBUG     [camera.py:96]  Rejected — InsightFace found no face.
2026-06-23 10:25:09  INFO      [camera.py:265]  Face detected — YOLO conf: 0.813 — quality score: 0.0 — good: False
2026-06-23 10:25:10  DEBUG     [camera.py:96]  Rejected — InsightFace found no face.
2026-06-23 10:25:10  INFO      [camera.py:265]  Face detected — YOLO conf: 0.791 — quality score: 0.0 — good: False
2026-06-23 10:25:10  DEBUG     [camera.py:96]  Rejected — InsightFace found no face.
2026-06-23 10:25:10  INFO      [camera.py:265]  Face detected — YOLO conf: 0.865 — quality score: 0.0 — good: False
2026-06-23 10:25:11  DEBUG     [camera.py:96]  Rejected — InsightFace found no face.
2026-06-23 10:25:11  INFO      [camera.py:265]  Face detected — YOLO conf: 0.860 — quality score: 0.0 — good: False
2026-06-23 10:25:11  DEBUG     [camera.py:96]  Rejected — InsightFace found no face.
2026-06-23 10:25:11  INFO      [camera.py:265]  Face detected — YOLO conf: 0.845 — quality score: 0.0 — good: False
2026-06-23 10:25:12  DEBUG     [camera.py:96]  Rejected — InsightFace found no face.
2026-06-23 10:25:12  INFO      [camera.py:265]  Face detected — YOLO conf: 0.847 — quality score: 0.0 — good: False
2026-06-23 10:25:12  DEBUG     [camera.py:96]  Rejected — InsightFace found no face.
2026-06-23 10:25:12  INFO      [camera.py:265]  Face detected — YOLO conf: 0.865 — quality score: 0.0 — good: False
2026-06-23 10:25:13  DEBUG     [camera.py:96]  Rejected — InsightFace found no face.
2026-06-23 10:25:13  INFO      [camera.py:265]  Face detected — YOLO conf: 0.863 — quality score: 0.0 — good: False
2026-06-23 10:25:13  INFO      [main.py:53]  Checking calendars at 10:25:13
2026-06-23 10:25:13  DEBUG     [client.py:31]  GET https://192.168.1.249:5004/scl/get-all-calender
2026-06-23 10:25:13  INFO      [calendar_service.py:44]  Fetched 4 valid session(s).
2026-06-23 10:25:13  INFO      [main.py:67]  Calendar 2108 already ended — skipping.
2026-06-23 10:25:13  INFO      [main.py:67]  Calendar 2108 already ended — skipping.
2026-06-23 10:25:13  INFO      [main.py:87]  Calendar 2109 already started — skipping.
2026-06-23 10:25:13  INFO      [main.py:87]  Calendar 2109 already started — skipping.
2026-06-23 10:25:13  INFO      [main.py:194]  Calendar 2109 still running (3m 46s remaining).
2026-06-23 10:25:13  INFO      [main.py:206]  Active calendars: [2109]
2026-06-23 10:25:13  DEBUG     [camera.py:96]  Rejected — InsightFace found no face.
2026-06-23 10:25:13  INFO      [camera.py:265]  Face detected — YOLO conf: 0.857 — quality score: 0.0 — good: False
2026-06-23 10:25:14  DEBUG     [camera.py:96]  Rejected — InsightFace found no face.
2026-06-23 10:25:14  INFO      [camera.py:265]  Face detected — YOLO conf: 0.859 — quality score: 0.0 — good: False
2026-06-23 10:25:14  DEBUG     [camera.py:96]  Rejected — InsightFace found no face.
2026-06-23 10:25:14  INFO      [camera.py:265]  Face detected — YOLO conf: 0.848 — quality score: 0.0 — good: False
2026-06-23 10:25:15  DEBUG     [camera.py:96]  Rejected — InsightFace found no face.
2026-06-23 10:25:15  INFO      [camera.py:265]  Face detected — YOLO conf: 0.844 — quality score: 0.0 — good: False
2026-06-23 10:25:15  DEBUG     [camera.py:96]  Rejected — InsightFace found no face.
2026-06-23 10:25:15  INFO      [camera.py:265]  Face detected — YOLO conf: 0.844 — quality score: 0.0 — good: False
2026-06-23 10:25:16  DEBUG     [camera.py:96]  Rejected — InsightFace found no face.
2026-06-23 10:25:16  INFO      [camera.py:265]  Face detected — YOLO conf: 0.881 — quality score: 0.0 — good: False
2026-06-23 10:25:16  DEBUG     [camera.py:96]  Rejected — InsightFace found no face.
2026-06-23 10:25:16  INFO      [camera.py:265]  Face detected — YOLO conf: 0.858 — quality score: 0.0 — good: False
2026-06-23 10:25:17  DEBUG     [camera.py:96]  Rejected — InsightFace found no face.
2026-06-23 10:25:17  INFO      [camera.py:265]  Face detected — YOLO conf: 0.866 — quality score: 0.0 — good: False
2026-06-23 10:25:17  DEBUG     [camera.py:96]  Rejected — InsightFace found no face.
2026-06-23 10:25:17  INFO      [camera.py:265]  Face detected — YOLO conf: 0.868 — quality score: 0.0 — good: False
2026-06-23 10:25:18  DEBUG     [camera.py:96]  Rejected — InsightFace found no face.
2026-06-23 10:25:18  INFO      [camera.py:265]  Face detected — YOLO conf: 0.868 — quality score: 0.0 — good: False
2026-06-23 10:25:18  DEBUG     [camera.py:96]  Rejected — InsightFace found no face.
2026-06-23 10:25:18  INFO      [camera.py:265]  Face detected — YOLO conf: 0.860 — quality score: 0.0 — good: False
2026-06-23 10:25:19  DEBUG     [camera.py:96]  Rejected — InsightFace found no face.
2026-06-23 10:25:19  INFO      [camera.py:265]  Face detected — YOLO conf: 0.872 — quality score: 0.0 — good: False
2026-06-23 10:25:19  DEBUG     [camera.py:96]  Rejected — InsightFace found no face.
2026-06-23 10:25:19  INFO      [camera.py:265]  Face detected — YOLO conf: 0.873 — quality score: 0.0 — good: False
2026-06-23 10:25:20  DEBUG     [camera.py:96]  Rejected — InsightFace found no face.
2026-06-23 10:25:20  INFO      [camera.py:265]  Face detected — YOLO conf: 0.875 — quality score: 0.0 — good: False
2026-06-23 10:25:20  DEBUG     [camera.py:96]  Rejected — InsightFace found no face.
2026-06-23 10:25:20  INFO      [camera.py:265]  Face detected — YOLO conf: 0.874 — quality score: 0.0 — good: False
2026-06-23 10:25:21  DEBUG     [camera.py:96]  Rejected — InsightFace found no face.
2026-06-23 10:25:21  INFO      [camera.py:265]  Face detected — YOLO conf: 0.872 — quality score: 0.0 — good: False
2026-06-23 10:25:21  DEBUG     [camera.py:96]  Rejected — InsightFace found no face.
2026-06-23 10:25:21  INFO      [camera.py:265]  Face detected — YOLO conf: 0.874 — quality score: 0.0 — good: False
2026-06-23 10:25:22  DEBUG     [camera.py:96]  Rejected — InsightFace found no face.
2026-06-23 10:25:22  INFO      [camera.py:265]  Face detected — YOLO conf: 0.870 — quality score: 0.0 — good: False
2026-06-23 10:25:22  DEBUG     [camera.py:96]  Rejected — InsightFace found no face.
2026-06-23 10:25:22  INFO      [camera.py:265]  Face detected — YOLO conf: 0.869 — quality score: 0.0 — good: False
2026-06-23 10:25:23  INFO      [main.py:53]  Checking calendars at 10:25:23
2026-06-23 10:25:23  DEBUG     [client.py:31]  GET https://192.168.1.249:5004/scl/get-all-calender
2026-06-23 10:25:23  DEBUG     [camera.py:96]  Rejected — InsightFace found no face.
2026-06-23 10:25:23  INFO      [camera.py:265]  Face detected — YOLO conf: 0.867 — quality score: 0.0 — good: False
2026-06-23 10:25:23  INFO      [calendar_service.py:44]  Fetched 4 valid session(s).
2026-06-23 10:25:23  INFO      [main.py:67]  Calendar 2108 already ended — skipping.
2026-06-23 10:25:23  INFO      [main.py:67]  Calendar 2108 already ended — skipping.
2026-06-23 10:25:23  INFO      [main.py:87]  Calendar 2109 already started — skipping.
2026-06-23 10:25:23  INFO      [main.py:87]  Calendar 2109 already started — skipping.
2026-06-23 10:25:23  INFO      [main.py:194]  Calendar 2109 still running (3m 36s remaining).
2026-06-23 10:25:23  INFO      [main.py:206]  Active calendars: [2109]
2026-06-23 10:25:23  DEBUG     [camera.py:96]  Rejected — InsightFace found no face.
2026-06-23 10:25:23  INFO      [camera.py:265]  Face detected — YOLO conf: 0.865 — quality score: 0.0 — good: False
2026-06-23 10:25:24  DEBUG     [camera.py:96]  Rejected — InsightFace found no face.
2026-06-23 10:25:24  INFO      [camera.py:265]  Face detected — YOLO conf: 0.877 — quality score: 0.0 — good: False
2026-06-23 10:25:24  DEBUG     [camera.py:96]  Rejected — InsightFace found no face.
2026-06-23 10:25:24  INFO      [camera.py:265]  Face detected — YOLO conf: 0.860 — quality score: 0.0 — good: False
2026-06-23 10:25:25  DEBUG     [camera.py:96]  Rejected — InsightFace found no face.
2026-06-23 10:25:25  INFO      [camera.py:265]  Face detected — YOLO conf: 0.869 — quality score: 0.0 — good: False
2026-06-23 10:25:25  DEBUG     [camera.py:96]  Rejected — InsightFace found no face.
2026-06-23 10:25:25  INFO      [camera.py:265]  Face detected — YOLO conf: 0.860 — quality score: 0.0 — good: False
2026-06-23 10:25:26  DEBUG     [camera.py:96]  Rejected — InsightFace found no face.
2026-06-23 10:25:26  INFO      [camera.py:265]  Face detected — YOLO conf: 0.863 — quality score: 0.0 — good: False
2026-06-23 10:25:26  DEBUG     [camera.py:96]  Rejected — InsightFace found no face.
2026-06-23 10:25:26  INFO      [camera.py:265]  Face detected — YOLO conf: 0.855 — quality score: 0.0 — good: False
2026-06-23 10:25:27  DEBUG     [camera.py:96]  Rejected — InsightFace found no face.
2026-06-23 10:25:27  INFO      [camera.py:265]  Face detected — YOLO conf: 0.878 — quality score: 0.0 — good: False
2026-06-23 10:25:27  DEBUG     [camera.py:96]  Rejected — InsightFace found no face.
2026-06-23 10:25:27  INFO      [camera.py:265]  Face detected — YOLO conf: 0.881 — quality score: 0.0 — good: False
2026-06-23 10:25:28  DEBUG     [camera.py:111]  Quality — score: 0.627 blur: 452.3 brightness: 81.8
2026-06-23 10:25:28  INFO      [camera.py:265]  Face detected — YOLO conf: 0.850 — quality score: 0.627 — good: True
2026-06-23 10:25:28  INFO      [camera.py:281]  Face queued for recognition: face_20260623_102528_257.jpg
2026-06-23 10:25:28  DEBUG     [client.py:48]  POST https://192.168.1.249:5004/scl/update-attendance-student/9564
2026-06-23 10:25:28  INFO      [attendance_service.py:13]  Attendance 9564 updated - present: True.
2026-06-23 10:25:28  INFO      [recognition_worker.py:110]  ✅ Student 3 recognized (similarity=0.8676) — attendance updated.
2026-06-23 10:25:28  INFO      [recognition_worker.py:122]  Unenrolled student 3 from CompreFace.
2026-06-23 10:25:28  INFO      [recognition_worker.py:44]  All 2 students recognized — worker stopping early.
2026-06-23 10:25:28  INFO      [recognition_worker.py:136]  Recognition worker finished for calendar 2109 — 2 student(s) recognized.
2026-06-23 10:25:28  DEBUG     [camera.py:111]  Quality — score: 0.645 blur: 560.7 brightness: 81.3
2026-06-23 10:25:28  INFO      [camera.py:265]  Face detected — YOLO conf: 0.851 — quality score: 0.645 — good: True
2026-06-23 10:25:28  INFO      [camera.py:281]  Face queued for recognition: face_20260623_102528_749.jpg
2026-06-23 10:25:29  DEBUG     [camera.py:111]  Quality — score: 0.646 blur: 567.7 brightness: 81.4
2026-06-23 10:25:29  INFO      [camera.py:265]  Face detected — YOLO conf: 0.859 — quality score: 0.646 — good: True
2026-06-23 10:25:29  INFO      [camera.py:281]  Face queued for recognition: face_20260623_102529_254.jpg
2026-06-23 10:25:29  DEBUG     [camera.py:111]  Quality — score: 0.527 blur: 579.3 brightness: 80.7
2026-06-23 10:25:29  INFO      [camera.py:265]  Face detected — YOLO conf: 0.861 — quality score: 0.527 — good: True
2026-06-23 10:25:29  INFO      [camera.py:281]  Face queued for recognition: face_20260623_102529_750.jpg
2026-06-23 10:25:30  DEBUG     [camera.py:111]  Quality — score: 0.511 blur: 571.3 brightness: 81.6
2026-06-23 10:25:30  INFO      [camera.py:265]  Face detected — YOLO conf: 0.865 — quality score: 0.511 — good: True
2026-06-23 10:25:30  INFO      [camera.py:281]  Face queued for recognition: face_20260623_102530_251.jpg
2026-06-23 10:25:30  DEBUG     [camera.py:111]  Quality — score: 0.599 blur: 567.9 brightness: 83.5
2026-06-23 10:25:30  INFO      [camera.py:265]  Face detected — YOLO conf: 0.868 — quality score: 0.599 — good: True
2026-06-23 10:25:30  INFO      [camera.py:281]  Face queued for recognition: face_20260623_102530_752.jpg
2026-06-23 10:25:31  DEBUG     [camera.py:96]  Rejected — InsightFace found no face.
2026-06-23 10:25:31  INFO      [camera.py:265]  Face detected — YOLO conf: 0.852 — quality score: 0.0 — good: False
2026-06-23 10:25:31  DEBUG     [camera.py:96]  Rejected — InsightFace found no face.
2026-06-23 10:25:31  INFO      [camera.py:265]  Face detected — YOLO conf: 0.860 — quality score: 0.0 — good: False
2026-06-23 10:25:32  DEBUG     [camera.py:96]  Rejected — InsightFace found no face.
2026-06-23 10:25:32  INFO      [camera.py:265]  Face detected — YOLO conf: 0.863 — quality score: 0.0 — good: False
2026-06-23 10:25:32  DEBUG     [camera.py:96]  Rejected — InsightFace found no face.
2026-06-23 10:25:32  INFO      [camera.py:265]  Face detected — YOLO conf: 0.881 — quality score: 0.0 — good: False
2026-06-23 10:25:33  DEBUG     [camera.py:96]  Rejected — InsightFace found no face.
2026-06-23 10:25:33  INFO      [camera.py:265]  Face detected — YOLO conf: 0.870 — quality score: 0.0 — good: False
2026-06-23 10:25:33  INFO      [main.py:53]  Checking calendars at 10:25:33
2026-06-23 10:25:33  DEBUG     [client.py:31]  GET https://192.168.1.249:5004/scl/get-all-calender
2026-06-23 10:25:33  INFO      [calendar_service.py:44]  Fetched 4 valid session(s).
2026-06-23 10:25:33  INFO      [main.py:67]  Calendar 2108 already ended — skipping.
2026-06-23 10:25:33  INFO      [main.py:67]  Calendar 2108 already ended — skipping.
2026-06-23 10:25:33  INFO      [main.py:87]  Calendar 2109 already started — skipping.
2026-06-23 10:25:33  INFO      [main.py:87]  Calendar 2109 already started — skipping.
2026-06-23 10:25:33  INFO      [main.py:194]  Calendar 2109 still running (3m 26s remaining).
2026-06-23 10:25:33  INFO      [main.py:206]  Active calendars: [2109]
2026-06-23 10:25:33  DEBUG     [camera.py:96]  Rejected — InsightFace found no face.
2026-06-23 10:25:33  INFO      [camera.py:265]  Face detected — YOLO conf: 0.854 — quality score: 0.0 — good: False
2026-06-23 10:25:34  DEBUG     [camera.py:96]  Rejected — InsightFace found no face.
2026-06-23 10:25:34  INFO      [camera.py:265]  Face detected — YOLO conf: 0.845 — quality score: 0.0 — good: False
2026-06-23 10:25:34  DEBUG     [camera.py:96]  Rejected — InsightFace found no face.
2026-06-23 10:25:34  INFO      [camera.py:265]  Face detected — YOLO conf: 0.851 — quality score: 0.0 — good: False
2026-06-23 10:25:35  DEBUG     [camera.py:96]  Rejected — InsightFace found no face.
2026-06-23 10:25:35  INFO      [camera.py:265]  Face detected — YOLO conf: 0.861 — quality score: 0.0 — good: False
2026-06-23 10:25:35  DEBUG     [camera.py:96]  Rejected — InsightFace found no face.
2026-06-23 10:25:35  INFO      [camera.py:265]  Face detected — YOLO conf: 0.872 — quality score: 0.0 — good: False
2026-06-23 10:25:36  DEBUG     [camera.py:96]  Rejected — InsightFace found no face.
2026-06-23 10:25:36  INFO      [camera.py:265]  Face detected — YOLO conf: 0.874 — quality score: 0.0 — good: False
2026-06-23 10:25:36  DEBUG     [camera.py:96]  Rejected — InsightFace found no face.
2026-06-23 10:25:36  INFO      [camera.py:265]  Face detected — YOLO conf: 0.856 — quality score: 0.0 — good: False
2026-06-23 10:25:37  DEBUG     [camera.py:96]  Rejected — InsightFace found no face.
2026-06-23 10:25:37  INFO      [camera.py:265]  Face detected — YOLO conf: 0.843 — quality score: 0.0 — good: False
2026-06-23 10:25:37  DEBUG     [camera.py:96]  Rejected — InsightFace found no face.
2026-06-23 10:25:37  INFO      [camera.py:265]  Face detected — YOLO conf: 0.863 — quality score: 0.0 — good: False
2026-06-23 10:25:38  DEBUG     [camera.py:96]  Rejected — InsightFace found no face.
2026-06-23 10:25:38  INFO      [camera.py:265]  Face detected — YOLO conf: 0.873 — quality score: 0.0 — good: False
2026-06-23 10:25:38  DEBUG     [camera.py:96]  Rejected — InsightFace found no face.
2026-06-23 10:25:38  INFO      [camera.py:265]  Face detected — YOLO conf: 0.878 — quality score: 0.0 — good: False
2026-06-23 10:25:39  DEBUG     [camera.py:96]  Rejected — InsightFace found no face.
2026-06-23 10:25:39  INFO      [camera.py:265]  Face detected — YOLO conf: 0.881 — quality score: 0.0 — good: False
2026-06-23 10:25:39  DEBUG     [camera.py:96]  Rejected — InsightFace found no face.
2026-06-23 10:25:39  INFO      [camera.py:265]  Face detected — YOLO conf: 0.867 — quality score: 0.0 — good: False
2026-06-23 10:25:40  DEBUG     [camera.py:96]  Rejected — InsightFace found no face.
2026-06-23 10:25:40  INFO      [camera.py:265]  Face detected — YOLO conf: 0.884 — quality score: 0.0 — good: False
2026-06-23 10:25:40  DEBUG     [camera.py:96]  Rejected — InsightFace found no face.
2026-06-23 10:25:40  INFO      [camera.py:265]  Face detected — YOLO conf: 0.876 — quality score: 0.0 — good: False
2026-06-23 10:25:41  DEBUG     [camera.py:96]  Rejected — InsightFace found no face.
2026-06-23 10:25:41  INFO      [camera.py:265]  Face detected — YOLO conf: 0.849 — quality score: 0.0 — good: False
2026-06-23 10:25:41  DEBUG     [camera.py:96]  Rejected — InsightFace found no face.
2026-06-23 10:25:41  INFO      [camera.py:265]  Face detected — YOLO conf: 0.891 — quality score: 0.0 — good: False
2026-06-23 10:25:42  DEBUG     [camera.py:96]  Rejected — InsightFace found no face.
2026-06-23 10:25:42  INFO      [camera.py:265]  Face detected — YOLO conf: 0.884 — quality score: 0.0 — good: False
2026-06-23 10:25:42  DEBUG     [camera.py:96]  Rejected — InsightFace found no face.
2026-06-23 10:25:42  INFO      [camera.py:265]  Face detected — YOLO conf: 0.885 — quality score: 0.0 — good: False
2026-06-23 10:25:43  DEBUG     [camera.py:96]  Rejected — InsightFace found no face.
2026-06-23 10:25:43  INFO      [camera.py:265]  Face detected — YOLO conf: 0.882 — quality score: 0.0 — good: False
2026-06-23 10:25:43  INFO      [main.py:53]  Checking calendars at 10:25:43
2026-06-23 10:25:43  DEBUG     [client.py:31]  GET https://192.168.1.249:5004/scl/get-all-calender
2026-06-23 10:25:43  INFO      [calendar_service.py:44]  Fetched 4 valid session(s).
2026-06-23 10:25:43  INFO      [main.py:67]  Calendar 2108 already ended — skipping.
2026-06-23 10:25:43  INFO      [main.py:67]  Calendar 2108 already ended — skipping.
2026-06-23 10:25:43  INFO      [main.py:87]  Calendar 2109 already started — skipping.
2026-06-23 10:25:43  INFO      [main.py:87]  Calendar 2109 already started — skipping.
2026-06-23 10:25:43  INFO      [main.py:194]  Calendar 2109 still running (3m 16s remaining).
2026-06-23 10:25:43  INFO      [main.py:206]  Active calendars: [2109]
2026-06-23 10:25:43  DEBUG     [camera.py:96]  Rejected — InsightFace found no face.
2026-06-23 10:25:43  INFO      [camera.py:265]  Face detected — YOLO conf: 0.901 — quality score: 0.0 — good: False
2026-06-23 10:25:44  DEBUG     [camera.py:96]  Rejected — InsightFace found no face.
2026-06-23 10:25:44  INFO      [camera.py:265]  Face detected — YOLO conf: 0.907 — quality score: 0.0 — good: False
2026-06-23 10:25:44  DEBUG     [camera.py:96]  Rejected — InsightFace found no face.
2026-06-23 10:25:44  INFO      [camera.py:265]  Face detected — YOLO conf: 0.905 — quality score: 0.0 — good: False
2026-06-23 10:25:45  DEBUG     [camera.py:96]  Rejected — InsightFace found no face.
2026-06-23 10:25:45  INFO      [camera.py:265]  Face detected — YOLO conf: 0.889 — quality score: 0.0 — good: False
2026-06-23 10:25:45  DEBUG     [camera.py:96]  Rejected — InsightFace found no face.
2026-06-23 10:25:45  INFO      [camera.py:265]  Face detected — YOLO conf: 0.903 — quality score: 0.0 — good: False
2026-06-23 10:25:46  DEBUG     [camera.py:96]  Rejected — InsightFace found no face.
2026-06-23 10:25:46  INFO      [camera.py:265]  Face detected — YOLO conf: 0.896 — quality score: 0.0 — good: False
2026-06-23 10:25:46  DEBUG     [camera.py:96]  Rejected — InsightFace found no face.
2026-06-23 10:25:46  INFO      [camera.py:265]  Face detected — YOLO conf: 0.886 — quality score: 0.0 — good: False
2026-06-23 10:25:47  DEBUG     [camera.py:96]  Rejected — InsightFace found no face.
2026-06-23 10:25:47  INFO      [camera.py:265]  Face detected — YOLO conf: 0.866 — quality score: 0.0 — good: False
2026-06-23 10:25:47  DEBUG     [camera.py:96]  Rejected — InsightFace found no face.
2026-06-23 10:25:47  INFO      [camera.py:265]  Face detected — YOLO conf: 0.883 — quality score: 0.0 — good: False
2026-06-23 10:25:48  DEBUG     [camera.py:96]  Rejected — InsightFace found no face.
2026-06-23 10:25:48  INFO      [camera.py:265]  Face detected — YOLO conf: 0.870 — quality score: 0.0 — good: False
2026-06-23 10:25:48  DEBUG     [camera.py:96]  Rejected — InsightFace found no face.
2026-06-23 10:25:48  INFO      [camera.py:265]  Face detected — YOLO conf: 0.877 — quality score: 0.0 — good: False
2026-06-23 10:25:49  DEBUG     [camera.py:96]  Rejected — InsightFace found no face.
2026-06-23 10:25:49  INFO      [camera.py:265]  Face detected — YOLO conf: 0.878 — quality score: 0.0 — good: False
2026-06-23 10:25:49  DEBUG     [camera.py:96]  Rejected — InsightFace found no face.
2026-06-23 10:25:49  INFO      [camera.py:265]  Face detected — YOLO conf: 0.882 — quality score: 0.0 — good: False
2026-06-23 10:25:50  DEBUG     [camera.py:96]  Rejected — InsightFace found no face.
2026-06-23 10:25:50  INFO      [camera.py:265]  Face detected — YOLO conf: 0.882 — quality score: 0.0 — good: False
2026-06-23 10:25:50  DEBUG     [camera.py:96]  Rejected — InsightFace found no face.
2026-06-23 10:25:50  INFO      [camera.py:265]  Face detected — YOLO conf: 0.874 — quality score: 0.0 — good: False
2026-06-23 10:25:51  DEBUG     [camera.py:96]  Rejected — InsightFace found no face.
2026-06-23 10:25:51  INFO      [camera.py:265]  Face detected — YOLO conf: 0.879 — quality score: 0.0 — good: False
2026-06-23 10:25:51  DEBUG     [camera.py:96]  Rejected — InsightFace found no face.
2026-06-23 10:25:51  INFO      [camera.py:265]  Face detected — YOLO conf: 0.881 — quality score: 0.0 — good: False
2026-06-23 10:25:52  DEBUG     [camera.py:96]  Rejected — InsightFace found no face.
2026-06-23 10:25:52  INFO      [camera.py:265]  Face detected — YOLO conf: 0.879 — quality score: 0.0 — good: False
2026-06-23 10:25:52  DEBUG     [camera.py:96]  Rejected — InsightFace found no face.
2026-06-23 10:25:52  INFO      [camera.py:265]  Face detected — YOLO conf: 0.872 — quality score: 0.0 — good: False
2026-06-23 10:25:53  DEBUG     [camera.py:96]  Rejected — InsightFace found no face.
2026-06-23 10:25:53  INFO      [camera.py:265]  Face detected — YOLO conf: 0.877 — quality score: 0.0 — good: False
2026-06-23 10:25:53  INFO      [main.py:53]  Checking calendars at 10:25:53
2026-06-23 10:25:53  DEBUG     [client.py:31]  GET https://192.168.1.249:5004/scl/get-all-calender
2026-06-23 10:25:53  INFO      [calendar_service.py:44]  Fetched 4 valid session(s).
2026-06-23 10:25:53  INFO      [main.py:67]  Calendar 2108 already ended — skipping.
2026-06-23 10:25:53  INFO      [main.py:67]  Calendar 2108 already ended — skipping.
2026-06-23 10:25:53  INFO      [main.py:87]  Calendar 2109 already started — skipping.
2026-06-23 10:25:53  INFO      [main.py:87]  Calendar 2109 already started — skipping.
2026-06-23 10:25:53  INFO      [main.py:194]  Calendar 2109 still running (3m 6s remaining).
2026-06-23 10:25:53  INFO      [main.py:206]  Active calendars: [2109]
2026-06-23 10:25:53  DEBUG     [camera.py:96]  Rejected — InsightFace found no face.
2026-06-23 10:25:53  INFO      [camera.py:265]  Face detected — YOLO conf: 0.876 — quality score: 0.0 — good: False
2026-06-23 10:25:54  DEBUG     [camera.py:96]  Rejected — InsightFace found no face.
2026-06-23 10:25:54  INFO      [camera.py:265]  Face detected — YOLO conf: 0.868 — quality score: 0.0 — good: False
2026-06-23 10:25:54  DEBUG     [camera.py:96]  Rejected — InsightFace found no face.
2026-06-23 10:25:54  INFO      [camera.py:265]  Face detected — YOLO conf: 0.876 — quality score: 0.0 — good: False
2026-06-23 10:25:55  DEBUG     [camera.py:96]  Rejected — InsightFace found no face.
2026-06-23 10:25:55  INFO      [camera.py:265]  Face detected — YOLO conf: 0.875 — quality score: 0.0 — good: False
2026-06-23 10:25:55  DEBUG     [camera.py:96]  Rejected — InsightFace found no face.
2026-06-23 10:25:55  INFO      [camera.py:265]  Face detected — YOLO conf: 0.881 — quality score: 0.0 — good: False
2026-06-23 10:25:56  DEBUG     [camera.py:96]  Rejected — InsightFace found no face.
2026-06-23 10:25:56  INFO      [camera.py:265]  Face detected — YOLO conf: 0.876 — quality score: 0.0 — good: False
2026-06-23 10:25:56  DEBUG     [camera.py:96]  Rejected — InsightFace found no face.
2026-06-23 10:25:56  INFO      [camera.py:265]  Face detected — YOLO conf: 0.871 — quality score: 0.0 — good: False
2026-06-23 10:25:57  DEBUG     [camera.py:96]  Rejected — InsightFace found no face.
2026-06-23 10:25:57  INFO      [camera.py:265]  Face detected — YOLO conf: 0.873 — quality score: 0.0 — good: False
2026-06-23 10:25:57  DEBUG     [camera.py:96]  Rejected — InsightFace found no face.
2026-06-23 10:25:57  INFO      [camera.py:265]  Face detected — YOLO conf: 0.875 — quality score: 0.0 — good: False
2026-06-23 10:25:58  DEBUG     [camera.py:96]  Rejected — InsightFace found no face.
2026-06-23 10:25:58  INFO      [camera.py:265]  Face detected — YOLO conf: 0.864 — quality score: 0.0 — good: False
2026-06-23 10:25:58  DEBUG     [camera.py:96]  Rejected — InsightFace found no face.
2026-06-23 10:25:58  INFO      [camera.py:265]  Face detected — YOLO conf: 0.859 — quality score: 0.0 — good: False
2026-06-23 10:25:59  DEBUG     [camera.py:96]  Rejected — InsightFace found no face.
2026-06-23 10:25:59  INFO      [camera.py:265]  Face detected — YOLO conf: 0.873 — quality score: 0.0 — good: False
2026-06-23 10:25:59  DEBUG     [camera.py:96]  Rejected — InsightFace found no face.
2026-06-23 10:25:59  INFO      [camera.py:265]  Face detected — YOLO conf: 0.873 — quality score: 0.0 — good: False
2026-06-23 10:26:00  DEBUG     [camera.py:96]  Rejected — InsightFace found no face.
2026-06-23 10:26:00  INFO      [camera.py:265]  Face detected — YOLO conf: 0.866 — quality score: 0.0 — good: False
2026-06-23 10:26:00  DEBUG     [camera.py:96]  Rejected — InsightFace found no face.
2026-06-23 10:26:00  INFO      [camera.py:265]  Face detected — YOLO conf: 0.869 — quality score: 0.0 — good: False
2026-06-23 10:26:01  DEBUG     [camera.py:96]  Rejected — InsightFace found no face.
2026-06-23 10:26:01  INFO      [camera.py:265]  Face detected — YOLO conf: 0.870 — quality score: 0.0 — good: False
2026-06-23 10:26:01  DEBUG     [camera.py:96]  Rejected — InsightFace found no face.
2026-06-23 10:26:01  INFO      [camera.py:265]  Face detected — YOLO conf: 0.867 — quality score: 0.0 — good: False
2026-06-23 10:26:02  DEBUG     [camera.py:96]  Rejected — InsightFace found no face.
2026-06-23 10:26:02  INFO      [camera.py:265]  Face detected — YOLO conf: 0.874 — quality score: 0.0 — good: False
2026-06-23 10:26:02  DEBUG     [camera.py:96]  Rejected — InsightFace found no face.
2026-06-23 10:26:02  INFO      [camera.py:265]  Face detected — YOLO conf: 0.862 — quality score: 0.0 — good: False
2026-06-23 10:26:03  DEBUG     [camera.py:96]  Rejected — InsightFace found no face.
2026-06-23 10:26:03  INFO      [camera.py:265]  Face detected — YOLO conf: 0.869 — quality score: 0.0 — good: False
2026-06-23 10:26:03  INFO      [main.py:53]  Checking calendars at 10:26:03
2026-06-23 10:26:03  DEBUG     [client.py:31]  GET https://192.168.1.249:5004/scl/get-all-calender
2026-06-23 10:26:03  INFO      [calendar_service.py:44]  Fetched 4 valid session(s).
2026-06-23 10:26:03  INFO      [main.py:67]  Calendar 2108 already ended — skipping.
2026-06-23 10:26:03  INFO      [main.py:67]  Calendar 2108 already ended — skipping.
2026-06-23 10:26:03  INFO      [main.py:87]  Calendar 2109 already started — skipping.
2026-06-23 10:26:03  INFO      [main.py:87]  Calendar 2109 already started — skipping.
2026-06-23 10:26:03  INFO      [main.py:194]  Calendar 2109 still running (2m 56s remaining).
2026-06-23 10:26:03  INFO      [main.py:206]  Active calendars: [2109]
2026-06-23 10:26:03  DEBUG     [camera.py:96]  Rejected — InsightFace found no face.
2026-06-23 10:26:03  INFO      [camera.py:265]  Face detected — YOLO conf: 0.871 — quality score: 0.0 — good: False
2026-06-23 10:26:04  DEBUG     [camera.py:96]  Rejected — InsightFace found no face.
2026-06-23 10:26:04  INFO      [camera.py:265]  Face detected — YOLO conf: 0.873 — quality score: 0.0 — good: False
2026-06-23 10:26:04  DEBUG     [camera.py:96]  Rejected — InsightFace found no face.
2026-06-23 10:26:04  INFO      [camera.py:265]  Face detected — YOLO conf: 0.871 — quality score: 0.0 — good: False
2026-06-23 10:26:05  DEBUG     [camera.py:96]  Rejected — InsightFace found no face.
2026-06-23 10:26:05  INFO      [camera.py:265]  Face detected — YOLO conf: 0.871 — quality score: 0.0 — good: False
2026-06-23 10:26:05  DEBUG     [camera.py:96]  Rejected — InsightFace found no face.
2026-06-23 10:26:05  INFO      [camera.py:265]  Face detected — YOLO conf: 0.852 — quality score: 0.0 — good: False
2026-06-23 10:26:06  DEBUG     [camera.py:96]  Rejected — InsightFace found no face.
2026-06-23 10:26:06  INFO      [camera.py:265]  Face detected — YOLO conf: 0.857 — quality score: 0.0 — good: False
2026-06-23 10:26:06  DEBUG     [camera.py:96]  Rejected — InsightFace found no face.
2026-06-23 10:26:06  INFO      [camera.py:265]  Face detected — YOLO conf: 0.874 — quality score: 0.0 — good: False
2026-06-23 10:26:07  DEBUG     [camera.py:96]  Rejected — InsightFace found no face.
2026-06-23 10:26:07  INFO      [camera.py:265]  Face detected — YOLO conf: 0.866 — quality score: 0.0 — good: False
2026-06-23 10:26:07  DEBUG     [camera.py:96]  Rejected — InsightFace found no face.
2026-06-23 10:26:07  INFO      [camera.py:265]  Face detected — YOLO conf: 0.867 — quality score: 0.0 — good: False
2026-06-23 10:26:08  DEBUG     [camera.py:96]  Rejected — InsightFace found no face.
2026-06-23 10:26:08  INFO      [camera.py:265]  Face detected — YOLO conf: 0.868 — quality score: 0.0 — good: False
2026-06-23 10:26:08  DEBUG     [camera.py:96]  Rejected — InsightFace found no face.
2026-06-23 10:26:08  INFO      [camera.py:265]  Face detected — YOLO conf: 0.868 — quality score: 0.0 — good: False
2026-06-23 10:26:09  DEBUG     [camera.py:96]  Rejected — InsightFace found no face.
2026-06-23 10:26:09  INFO      [camera.py:265]  Face detected — YOLO conf: 0.870 — quality score: 0.0 — good: False
2026-06-23 10:26:10  DEBUG     [camera.py:96]  Rejected — InsightFace found no face.
2026-06-23 10:26:10  INFO      [camera.py:265]  Face detected — YOLO conf: 0.865 — quality score: 0.0 — good: False
2026-06-23 10:26:10  DEBUG     [camera.py:111]  Quality — score: 0.550 blur: 520.1 brightness: 87.2
2026-06-23 10:26:10  INFO      [camera.py:265]  Face detected — YOLO conf: 0.863 — quality score: 0.55 — good: True
2026-06-23 10:26:10  INFO      [camera.py:281]  Face queued for recognition: face_20260623_102610_613.jpg
2026-06-23 10:26:11  DEBUG     [camera.py:111]  Quality — score: 0.685 blur: 581.0 brightness: 89.2
2026-06-23 10:26:11  INFO      [camera.py:265]  Face detected — YOLO conf: 0.850 — quality score: 0.685 — good: True
2026-06-23 10:26:11  INFO      [camera.py:281]  Face queued for recognition: face_20260623_102611_113.jpg
2026-06-23 10:26:11  DEBUG     [camera.py:111]  Quality — score: 0.706 blur: 562.1 brightness: 89.2
2026-06-23 10:26:11  INFO      [camera.py:265]  Face detected — YOLO conf: 0.850 — quality score: 0.706 — good: True
2026-06-23 10:26:11  INFO      [camera.py:281]  Face queued for recognition: face_20260623_102611_618.jpg
2026-06-23 10:26:12  DEBUG     [camera.py:96]  Rejected — InsightFace found no face.
2026-06-23 10:26:12  INFO      [camera.py:265]  Face detected — YOLO conf: 0.855 — quality score: 0.0 — good: False
2026-06-23 10:26:12  DEBUG     [camera.py:96]  Rejected — InsightFace found no face.
2026-06-23 10:26:12  INFO      [camera.py:265]  Face detected — YOLO conf: 0.869 — quality score: 0.0 — good: False
2026-06-23 10:26:13  DEBUG     [camera.py:96]  Rejected — InsightFace found no face.
2026-06-23 10:26:13  INFO      [camera.py:265]  Face detected — YOLO conf: 0.866 — quality score: 0.0 — good: False
2026-06-23 10:26:13  INFO      [main.py:53]  Checking calendars at 10:26:13
2026-06-23 10:26:13  DEBUG     [client.py:31]  GET https://192.168.1.249:5004/scl/get-all-calender
2026-06-23 10:26:13  INFO      [calendar_service.py:44]  Fetched 4 valid session(s).
2026-06-23 10:26:13  INFO      [main.py:67]  Calendar 2108 already ended — skipping.
2026-06-23 10:26:13  INFO      [main.py:67]  Calendar 2108 already ended — skipping.
2026-06-23 10:26:13  INFO      [main.py:87]  Calendar 2109 already started — skipping.
2026-06-23 10:26:13  INFO      [main.py:87]  Calendar 2109 already started — skipping.
2026-06-23 10:26:13  INFO      [main.py:194]  Calendar 2109 still running (2m 46s remaining).
2026-06-23 10:26:13  INFO      [main.py:206]  Active calendars: [2109]
2026-06-23 10:26:13  DEBUG     [camera.py:96]  Rejected — InsightFace found no face.
2026-06-23 10:26:13  INFO      [camera.py:265]  Face detected — YOLO conf: 0.870 — quality score: 0.0 — good: False
2026-06-23 10:26:14  DEBUG     [camera.py:96]  Rejected — InsightFace found no face.
2026-06-23 10:26:14  INFO      [camera.py:265]  Face detected — YOLO conf: 0.866 — quality score: 0.0 — good: False
2026-06-23 10:26:14  DEBUG     [camera.py:96]  Rejected — InsightFace found no face.
2026-06-23 10:26:14  INFO      [camera.py:265]  Face detected — YOLO conf: 0.871 — quality score: 0.0 — good: False
2026-06-23 10:26:15  DEBUG     [camera.py:96]  Rejected — InsightFace found no face.
2026-06-23 10:26:15  INFO      [camera.py:265]  Face detected — YOLO conf: 0.887 — quality score: 0.0 — good: False
2026-06-23 10:26:15  DEBUG     [camera.py:96]  Rejected — InsightFace found no face.
2026-06-23 10:26:15  INFO      [camera.py:265]  Face detected — YOLO conf: 0.878 — quality score: 0.0 — good: False
2026-06-23 10:26:16  DEBUG     [camera.py:96]  Rejected — InsightFace found no face.
2026-06-23 10:26:16  INFO      [camera.py:265]  Face detected — YOLO conf: 0.863 — quality score: 0.0 — good: False
2026-06-23 10:26:16  DEBUG     [camera.py:96]  Rejected — InsightFace found no face.
2026-06-23 10:26:16  INFO      [camera.py:265]  Face detected — YOLO conf: 0.873 — quality score: 0.0 — good: False
2026-06-23 10:26:17  DEBUG     [camera.py:96]  Rejected — InsightFace found no face.
2026-06-23 10:26:17  INFO      [camera.py:265]  Face detected — YOLO conf: 0.875 — quality score: 0.0 — good: False
2026-06-23 10:26:17  DEBUG     [camera.py:96]  Rejected — InsightFace found no face.
2026-06-23 10:26:17  INFO      [camera.py:265]  Face detected — YOLO conf: 0.877 — quality score: 0.0 — good: False
2026-06-23 10:26:18  DEBUG     [camera.py:96]  Rejected — InsightFace found no face.
2026-06-23 10:26:18  INFO      [camera.py:265]  Face detected — YOLO conf: 0.869 — quality score: 0.0 — good: False
2026-06-23 10:26:18  DEBUG     [camera.py:96]  Rejected — InsightFace found no face.
2026-06-23 10:26:18  INFO      [camera.py:265]  Face detected — YOLO conf: 0.864 — quality score: 0.0 — good: False
2026-06-23 10:26:19  DEBUG     [camera.py:96]  Rejected — InsightFace found no face.
2026-06-23 10:26:19  INFO      [camera.py:265]  Face detected — YOLO conf: 0.871 — quality score: 0.0 — good: False
2026-06-23 10:26:19  DEBUG     [camera.py:96]  Rejected — InsightFace found no face.
2026-06-23 10:26:19  INFO      [camera.py:265]  Face detected — YOLO conf: 0.863 — quality score: 0.0 — good: False
2026-06-23 10:26:20  DEBUG     [camera.py:96]  Rejected — InsightFace found no face.
2026-06-23 10:26:20  INFO      [camera.py:265]  Face detected — YOLO conf: 0.871 — quality score: 0.0 — good: False
2026-06-23 10:26:20  DEBUG     [camera.py:96]  Rejected — InsightFace found no face.
2026-06-23 10:26:20  INFO      [camera.py:265]  Face detected — YOLO conf: 0.870 — quality score: 0.0 — good: False
2026-06-23 10:26:21  DEBUG     [camera.py:96]  Rejected — InsightFace found no face.
2026-06-23 10:26:21  INFO      [camera.py:265]  Face detected — YOLO conf: 0.874 — quality score: 0.0 — good: False
2026-06-23 10:26:21  DEBUG     [camera.py:96]  Rejected — InsightFace found no face.
2026-06-23 10:26:21  INFO      [camera.py:265]  Face detected — YOLO conf: 0.879 — quality score: 0.0 — good: False
2026-06-23 10:26:22  DEBUG     [camera.py:96]  Rejected — InsightFace found no face.
2026-06-23 10:26:22  INFO      [camera.py:265]  Face detected — YOLO conf: 0.881 — quality score: 0.0 — good: False
2026-06-23 10:26:22  DEBUG     [camera.py:96]  Rejected — InsightFace found no face.
2026-06-23 10:26:22  INFO      [camera.py:265]  Face detected — YOLO conf: 0.885 — quality score: 0.0 — good: False
2026-06-23 10:26:23  DEBUG     [camera.py:96]  Rejected — InsightFace found no face.
2026-06-23 10:26:23  INFO      [camera.py:265]  Face detected — YOLO conf: 0.885 — quality score: 0.0 — good: False
2026-06-23 10:26:23  INFO      [main.py:53]  Checking calendars at 10:26:23
2026-06-23 10:26:23  DEBUG     [client.py:31]  GET https://192.168.1.249:5004/scl/get-all-calender
2026-06-23 10:26:23  INFO      [calendar_service.py:44]  Fetched 4 valid session(s).
2026-06-23 10:26:23  INFO      [main.py:67]  Calendar 2108 already ended — skipping.
2026-06-23 10:26:23  INFO      [main.py:67]  Calendar 2108 already ended — skipping.
2026-06-23 10:26:23  INFO      [main.py:87]  Calendar 2109 already started — skipping.
2026-06-23 10:26:23  INFO      [main.py:87]  Calendar 2109 already started — skipping.
2026-06-23 10:26:23  INFO      [main.py:194]  Calendar 2109 still running (2m 36s remaining).
2026-06-23 10:26:23  INFO      [main.py:206]  Active calendars: [2109]
2026-06-23 10:26:23  DEBUG     [camera.py:96]  Rejected — InsightFace found no face.
2026-06-23 10:26:23  INFO      [camera.py:265]  Face detected — YOLO conf: 0.887 — quality score: 0.0 — good: False
2026-06-23 10:26:24  DEBUG     [camera.py:96]  Rejected — InsightFace found no face.
2026-06-23 10:26:24  INFO      [camera.py:265]  Face detected — YOLO conf: 0.887 — quality score: 0.0 — good: False
2026-06-23 10:26:24  DEBUG     [camera.py:96]  Rejected — InsightFace found no face.
2026-06-23 10:26:24  INFO      [camera.py:265]  Face detected — YOLO conf: 0.882 — quality score: 0.0 — good: False
2026-06-23 10:26:25  DEBUG     [camera.py:96]  Rejected — InsightFace found no face.
2026-06-23 10:26:25  INFO      [camera.py:265]  Face detected — YOLO conf: 0.888 — quality score: 0.0 — good: False
2026-06-23 10:26:25  DEBUG     [camera.py:96]  Rejected — InsightFace found no face.
2026-06-23 10:26:25  INFO      [camera.py:265]  Face detected — YOLO conf: 0.889 — quality score: 0.0 — good: False
2026-06-23 10:26:26  DEBUG     [camera.py:96]  Rejected — InsightFace found no face.
2026-06-23 10:26:26  INFO      [camera.py:265]  Face detected — YOLO conf: 0.890 — quality score: 0.0 — good: False
2026-06-23 10:26:27  DEBUG     [camera.py:96]  Rejected — InsightFace found no face.
2026-06-23 10:26:27  INFO      [camera.py:265]  Face detected — YOLO conf: 0.883 — quality score: 0.0 — good: False
2026-06-23 10:26:27  DEBUG     [camera.py:96]  Rejected — InsightFace found no face.
2026-06-23 10:26:27  INFO      [camera.py:265]  Face detected — YOLO conf: 0.887 — quality score: 0.0 — good: False
2026-06-23 10:26:28  DEBUG     [camera.py:96]  Rejected — InsightFace found no face.
2026-06-23 10:26:28  INFO      [camera.py:265]  Face detected — YOLO conf: 0.893 — quality score: 0.0 — good: False
2026-06-23 10:26:28  DEBUG     [camera.py:96]  Rejected — InsightFace found no face.
2026-06-23 10:26:28  INFO      [camera.py:265]  Face detected — YOLO conf: 0.886 — quality score: 0.0 — good: False
2026-06-23 10:26:29  DEBUG     [camera.py:96]  Rejected — InsightFace found no face.
2026-06-23 10:26:29  INFO      [camera.py:265]  Face detected — YOLO conf: 0.881 — quality score: 0.0 — good: False
2026-06-23 10:26:29  DEBUG     [camera.py:96]  Rejected — InsightFace found no face.
2026-06-23 10:26:29  INFO      [camera.py:265]  Face detected — YOLO conf: 0.888 — quality score: 0.0 — good: False
2026-06-23 10:26:30  DEBUG     [camera.py:96]  Rejected — InsightFace found no face.
2026-06-23 10:26:30  INFO      [camera.py:265]  Face detected — YOLO conf: 0.876 — quality score: 0.0 — good: False
2026-06-23 10:26:30  DEBUG     [camera.py:96]  Rejected — InsightFace found no face.
2026-06-23 10:26:30  INFO      [camera.py:265]  Face detected — YOLO conf: 0.881 — quality score: 0.0 — good: False
2026-06-23 10:26:31  DEBUG     [camera.py:96]  Rejected — InsightFace found no face.
2026-06-23 10:26:31  INFO      [camera.py:265]  Face detected — YOLO conf: 0.874 — quality score: 0.0 — good: False
2026-06-23 10:26:31  DEBUG     [camera.py:96]  Rejected — InsightFace found no face.
2026-06-23 10:26:31  INFO      [camera.py:265]  Face detected — YOLO conf: 0.875 — quality score: 0.0 — good: False
2026-06-23 10:26:32  DEBUG     [camera.py:96]  Rejected — InsightFace found no face.
2026-06-23 10:26:32  INFO      [camera.py:265]  Face detected — YOLO conf: 0.881 — quality score: 0.0 — good: False
2026-06-23 10:26:32  DEBUG     [camera.py:96]  Rejected — InsightFace found no face.
2026-06-23 10:26:32  INFO      [camera.py:265]  Face detected — YOLO conf: 0.879 — quality score: 0.0 — good: False
2026-06-23 10:26:33  DEBUG     [camera.py:96]  Rejected — InsightFace found no face.
2026-06-23 10:26:33  INFO      [camera.py:265]  Face detected — YOLO conf: 0.897 — quality score: 0.0 — good: False
2026-06-23 10:26:33  INFO      [main.py:53]  Checking calendars at 10:26:33
2026-06-23 10:26:33  DEBUG     [client.py:31]  GET https://192.168.1.249:5004/scl/get-all-calender
2026-06-23 10:26:33  INFO      [calendar_service.py:44]  Fetched 4 valid session(s).
2026-06-23 10:26:33  INFO      [main.py:67]  Calendar 2108 already ended — skipping.
2026-06-23 10:26:33  INFO      [main.py:67]  Calendar 2108 already ended — skipping.
2026-06-23 10:26:33  INFO      [main.py:87]  Calendar 2109 already started — skipping.
2026-06-23 10:26:33  INFO      [main.py:87]  Calendar 2109 already started — skipping.
2026-06-23 10:26:33  INFO      [main.py:194]  Calendar 2109 still running (2m 26s remaining).
2026-06-23 10:26:33  INFO      [main.py:206]  Active calendars: [2109]
2026-06-23 10:26:33  DEBUG     [camera.py:96]  Rejected — InsightFace found no face.
2026-06-23 10:26:33  INFO      [camera.py:265]  Face detected — YOLO conf: 0.871 — quality score: 0.0 — good: False
2026-06-23 10:26:34  DEBUG     [camera.py:96]  Rejected — InsightFace found no face.
2026-06-23 10:26:34  INFO      [camera.py:265]  Face detected — YOLO conf: 0.862 — quality score: 0.0 — good: False
2026-06-23 10:26:34  DEBUG     [camera.py:96]  Rejected — InsightFace found no face.
2026-06-23 10:26:34  INFO      [camera.py:265]  Face detected — YOLO conf: 0.861 — quality score: 0.0 — good: False
2026-06-23 10:26:35  DEBUG     [camera.py:96]  Rejected — InsightFace found no face.
2026-06-23 10:26:35  INFO      [camera.py:265]  Face detected — YOLO conf: 0.873 — quality score: 0.0 — good: False
2026-06-23 10:26:35  DEBUG     [camera.py:96]  Rejected — InsightFace found no face.
2026-06-23 10:26:35  INFO      [camera.py:265]  Face detected — YOLO conf: 0.878 — quality score: 0.0 — good: False
2026-06-23 10:26:36  DEBUG     [camera.py:96]  Rejected — InsightFace found no face.
2026-06-23 10:26:36  INFO      [camera.py:265]  Face detected — YOLO conf: 0.874 — quality score: 0.0 — good: False
2026-06-23 10:26:36  DEBUG     [camera.py:96]  Rejected — InsightFace found no face.
2026-06-23 10:26:36  INFO      [camera.py:265]  Face detected — YOLO conf: 0.869 — quality score: 0.0 — good: False
2026-06-23 10:26:37  DEBUG     [camera.py:96]  Rejected — InsightFace found no face.
2026-06-23 10:26:37  INFO      [camera.py:265]  Face detected — YOLO conf: 0.873 — quality score: 0.0 — good: False
2026-06-23 10:26:37  DEBUG     [camera.py:96]  Rejected — InsightFace found no face.
2026-06-23 10:26:37  INFO      [camera.py:265]  Face detected — YOLO conf: 0.872 — quality score: 0.0 — good: False
2026-06-23 10:26:38  DEBUG     [camera.py:96]  Rejected — InsightFace found no face.
2026-06-23 10:26:38  INFO      [camera.py:265]  Face detected — YOLO conf: 0.878 — quality score: 0.0 — good: False
2026-06-23 10:26:38  DEBUG     [camera.py:96]  Rejected — InsightFace found no face.
2026-06-23 10:26:38  INFO      [camera.py:265]  Face detected — YOLO conf: 0.878 — quality score: 0.0 — good: False
2026-06-23 10:26:39  DEBUG     [camera.py:96]  Rejected — InsightFace found no face.
2026-06-23 10:26:39  INFO      [camera.py:265]  Face detected — YOLO conf: 0.870 — quality score: 0.0 — good: False
2026-06-23 10:26:39  DEBUG     [camera.py:96]  Rejected — InsightFace found no face.
2026-06-23 10:26:39  INFO      [camera.py:265]  Face detected — YOLO conf: 0.865 — quality score: 0.0 — good: False
2026-06-23 10:26:40  DEBUG     [camera.py:96]  Rejected — InsightFace found no face.
2026-06-23 10:26:40  INFO      [camera.py:265]  Face detected — YOLO conf: 0.873 — quality score: 0.0 — good: False
2026-06-23 10:26:40  DEBUG     [camera.py:96]  Rejected — InsightFace found no face.
2026-06-23 10:26:40  INFO      [camera.py:265]  Face detected — YOLO conf: 0.877 — quality score: 0.0 — good: False
2026-06-23 10:26:41  DEBUG     [camera.py:96]  Rejected — InsightFace found no face.
2026-06-23 10:26:41  INFO      [camera.py:265]  Face detected — YOLO conf: 0.871 — quality score: 0.0 — good: False
2026-06-23 10:26:41  DEBUG     [camera.py:96]  Rejected — InsightFace found no face.
2026-06-23 10:26:41  INFO      [camera.py:265]  Face detected — YOLO conf: 0.872 — quality score: 0.0 — good: False
2026-06-23 10:26:42  DEBUG     [camera.py:96]  Rejected — InsightFace found no face.
2026-06-23 10:26:42  INFO      [camera.py:265]  Face detected — YOLO conf: 0.872 — quality score: 0.0 — good: False
2026-06-23 10:26:42  DEBUG     [camera.py:96]  Rejected — InsightFace found no face.
2026-06-23 10:26:42  INFO      [camera.py:265]  Face detected — YOLO conf: 0.870 — quality score: 0.0 — good: False
2026-06-23 10:26:43  DEBUG     [camera.py:96]  Rejected — InsightFace found no face.
2026-06-23 10:26:43  INFO      [camera.py:265]  Face detected — YOLO conf: 0.873 — quality score: 0.0 — good: False
2026-06-23 10:26:43  INFO      [main.py:53]  Checking calendars at 10:26:43
2026-06-23 10:26:43  DEBUG     [client.py:31]  GET https://192.168.1.249:5004/scl/get-all-calender
2026-06-23 10:26:43  INFO      [calendar_service.py:44]  Fetched 4 valid session(s).
2026-06-23 10:26:43  INFO      [main.py:67]  Calendar 2108 already ended — skipping.
2026-06-23 10:26:43  INFO      [main.py:67]  Calendar 2108 already ended — skipping.
2026-06-23 10:26:43  INFO      [main.py:87]  Calendar 2109 already started — skipping.
2026-06-23 10:26:43  INFO      [main.py:87]  Calendar 2109 already started — skipping.
2026-06-23 10:26:43  INFO      [main.py:194]  Calendar 2109 still running (2m 16s remaining).
2026-06-23 10:26:43  INFO      [main.py:206]  Active calendars: [2109]
2026-06-23 10:26:43  DEBUG     [camera.py:96]  Rejected — InsightFace found no face.
2026-06-23 10:26:43  INFO      [camera.py:265]  Face detected — YOLO conf: 0.875 — quality score: 0.0 — good: False
2026-06-23 10:26:44  DEBUG     [camera.py:96]  Rejected — InsightFace found no face.
2026-06-23 10:26:44  INFO      [camera.py:265]  Face detected — YOLO conf: 0.869 — quality score: 0.0 — good: False
2026-06-23 10:26:44  DEBUG     [camera.py:96]  Rejected — InsightFace found no face.
2026-06-23 10:26:44  INFO      [camera.py:265]  Face detected — YOLO conf: 0.870 — quality score: 0.0 — good: False
2026-06-23 10:26:45  DEBUG     [camera.py:96]  Rejected — InsightFace found no face.
2026-06-23 10:26:45  INFO      [camera.py:265]  Face detected — YOLO conf: 0.863 — quality score: 0.0 — good: False
2026-06-23 10:26:45  DEBUG     [camera.py:96]  Rejected — InsightFace found no face.
2026-06-23 10:26:45  INFO      [camera.py:265]  Face detected — YOLO conf: 0.870 — quality score: 0.0 — good: False
2026-06-23 10:26:46  DEBUG     [camera.py:96]  Rejected — InsightFace found no face.
2026-06-23 10:26:46  INFO      [camera.py:265]  Face detected — YOLO conf: 0.868 — quality score: 0.0 — good: False
2026-06-23 10:26:46  DEBUG     [camera.py:96]  Rejected — InsightFace found no face.
2026-06-23 10:26:46  INFO      [camera.py:265]  Face detected — YOLO conf: 0.874 — quality score: 0.0 — good: False
2026-06-23 10:26:47  DEBUG     [camera.py:96]  Rejected — InsightFace found no face.
2026-06-23 10:26:47  INFO      [camera.py:265]  Face detected — YOLO conf: 0.868 — quality score: 0.0 — good: False
2026-06-23 10:26:48  DEBUG     [camera.py:96]  Rejected — InsightFace found no face.
2026-06-23 10:26:48  INFO      [camera.py:265]  Face detected — YOLO conf: 0.880 — quality score: 0.0 — good: False
2026-06-23 10:26:48  DEBUG     [camera.py:96]  Rejected — InsightFace found no face.
2026-06-23 10:26:48  INFO      [camera.py:265]  Face detected — YOLO conf: 0.871 — quality score: 0.0 — good: False
2026-06-23 10:26:49  DEBUG     [camera.py:96]  Rejected — InsightFace found no face.
2026-06-23 10:26:49  INFO      [camera.py:265]  Face detected — YOLO conf: 0.867 — quality score: 0.0 — good: False
2026-06-23 10:26:49  DEBUG     [camera.py:96]  Rejected — InsightFace found no face.
2026-06-23 10:26:49  INFO      [camera.py:265]  Face detected — YOLO conf: 0.872 — quality score: 0.0 — good: False
2026-06-23 10:26:50  DEBUG     [camera.py:96]  Rejected — InsightFace found no face.
2026-06-23 10:26:50  INFO      [camera.py:265]  Face detected — YOLO conf: 0.872 — quality score: 0.0 — good: False
2026-06-23 10:26:50  DEBUG     [camera.py:96]  Rejected — InsightFace found no face.
2026-06-23 10:26:50  INFO      [camera.py:265]  Face detected — YOLO conf: 0.870 — quality score: 0.0 — good: False
2026-06-23 10:26:51  DEBUG     [camera.py:96]  Rejected — InsightFace found no face.
2026-06-23 10:26:51  INFO      [camera.py:265]  Face detected — YOLO conf: 0.863 — quality score: 0.0 — good: False
2026-06-23 10:26:51  DEBUG     [camera.py:96]  Rejected — InsightFace found no face.
2026-06-23 10:26:51  INFO      [camera.py:265]  Face detected — YOLO conf: 0.871 — quality score: 0.0 — good: False
2026-06-23 10:26:52  DEBUG     [camera.py:96]  Rejected — InsightFace found no face.
2026-06-23 10:26:52  INFO      [camera.py:265]  Face detected — YOLO conf: 0.865 — quality score: 0.0 — good: False
2026-06-23 10:26:52  DEBUG     [camera.py:96]  Rejected — InsightFace found no face.
2026-06-23 10:26:52  INFO      [camera.py:265]  Face detected — YOLO conf: 0.864 — quality score: 0.0 — good: False
2026-06-23 10:26:53  DEBUG     [camera.py:96]  Rejected — InsightFace found no face.
2026-06-23 10:26:53  INFO      [camera.py:265]  Face detected — YOLO conf: 0.869 — quality score: 0.0 — good: False
2026-06-23 10:26:53  INFO      [main.py:53]  Checking calendars at 10:26:53
2026-06-23 10:26:53  DEBUG     [client.py:31]  GET https://192.168.1.249:5004/scl/get-all-calender
2026-06-23 10:26:53  INFO      [calendar_service.py:44]  Fetched 4 valid session(s).
2026-06-23 10:26:53  INFO      [main.py:67]  Calendar 2108 already ended — skipping.
2026-06-23 10:26:53  INFO      [main.py:67]  Calendar 2108 already ended — skipping.
2026-06-23 10:26:53  INFO      [main.py:87]  Calendar 2109 already started — skipping.
2026-06-23 10:26:53  INFO      [main.py:87]  Calendar 2109 already started — skipping.
2026-06-23 10:26:53  INFO      [main.py:194]  Calendar 2109 still running (2m 6s remaining).
2026-06-23 10:26:53  INFO      [main.py:206]  Active calendars: [2109]
2026-06-23 10:26:53  DEBUG     [camera.py:96]  Rejected — InsightFace found no face.
2026-06-23 10:26:53  INFO      [camera.py:265]  Face detected — YOLO conf: 0.868 — quality score: 0.0 — good: False
2026-06-23 10:26:54  DEBUG     [camera.py:96]  Rejected — InsightFace found no face.
2026-06-23 10:26:54  INFO      [camera.py:265]  Face detected — YOLO conf: 0.876 — quality score: 0.0 — good: False
2026-06-23 10:26:54  DEBUG     [camera.py:96]  Rejected — InsightFace found no face.
2026-06-23 10:26:54  INFO      [camera.py:265]  Face detected — YOLO conf: 0.872 — quality score: 0.0 — good: False
2026-06-23 10:26:55  DEBUG     [camera.py:96]  Rejected — InsightFace found no face.
2026-06-23 10:26:55  INFO      [camera.py:265]  Face detected — YOLO conf: 0.873 — quality score: 0.0 — good: False
2026-06-23 10:26:55  DEBUG     [camera.py:96]  Rejected — InsightFace found no face.
2026-06-23 10:26:55  INFO      [camera.py:265]  Face detected — YOLO conf: 0.870 — quality score: 0.0 — good: False
2026-06-23 10:26:56  DEBUG     [camera.py:96]  Rejected — InsightFace found no face.
2026-06-23 10:26:56  INFO      [camera.py:265]  Face detected — YOLO conf: 0.862 — quality score: 0.0 — good: False
2026-06-23 10:26:56  DEBUG     [camera.py:96]  Rejected — InsightFace found no face.
2026-06-23 10:26:56  INFO      [camera.py:265]  Face detected — YOLO conf: 0.861 — quality score: 0.0 — good: False
2026-06-23 10:26:57  DEBUG     [camera.py:96]  Rejected — InsightFace found no face.
2026-06-23 10:26:57  INFO      [camera.py:265]  Face detected — YOLO conf: 0.880 — quality score: 0.0 — good: False
2026-06-23 10:26:57  DEBUG     [camera.py:96]  Rejected — InsightFace found no face.
2026-06-23 10:26:57  INFO      [camera.py:265]  Face detected — YOLO conf: 0.877 — quality score: 0.0 — good: False
2026-06-23 10:26:58  DEBUG     [camera.py:96]  Rejected — InsightFace found no face.
2026-06-23 10:26:58  INFO      [camera.py:265]  Face detected — YOLO conf: 0.866 — quality score: 0.0 — good: False
2026-06-23 10:26:58  DEBUG     [camera.py:96]  Rejected — InsightFace found no face.
2026-06-23 10:26:58  INFO      [camera.py:265]  Face detected — YOLO conf: 0.875 — quality score: 0.0 — good: False
2026-06-23 10:26:59  DEBUG     [camera.py:96]  Rejected — InsightFace found no face.
2026-06-23 10:26:59  INFO      [camera.py:265]  Face detected — YOLO conf: 0.868 — quality score: 0.0 — good: False
2026-06-23 10:26:59  DEBUG     [camera.py:96]  Rejected — InsightFace found no face.
2026-06-23 10:26:59  INFO      [camera.py:265]  Face detected — YOLO conf: 0.871 — quality score: 0.0 — good: False
2026-06-23 10:27:00  DEBUG     [camera.py:96]  Rejected — InsightFace found no face.
2026-06-23 10:27:00  INFO      [camera.py:265]  Face detected — YOLO conf: 0.876 — quality score: 0.0 — good: False
2026-06-23 10:27:00  DEBUG     [camera.py:96]  Rejected — InsightFace found no face.
2026-06-23 10:27:00  INFO      [camera.py:265]  Face detected — YOLO conf: 0.858 — quality score: 0.0 — good: False
2026-06-23 10:27:01  DEBUG     [camera.py:96]  Rejected — InsightFace found no face.
2026-06-23 10:27:01  INFO      [camera.py:265]  Face detected — YOLO conf: 0.860 — quality score: 0.0 — good: False
2026-06-23 10:27:01  DEBUG     [camera.py:96]  Rejected — InsightFace found no face.
2026-06-23 10:27:01  INFO      [camera.py:265]  Face detected — YOLO conf: 0.858 — quality score: 0.0 — good: False
2026-06-23 10:27:02  DEBUG     [camera.py:96]  Rejected — InsightFace found no face.
2026-06-23 10:27:02  INFO      [camera.py:265]  Face detected — YOLO conf: 0.869 — quality score: 0.0 — good: False
2026-06-23 10:27:02  DEBUG     [camera.py:96]  Rejected — InsightFace found no face.
2026-06-23 10:27:02  INFO      [camera.py:265]  Face detected — YOLO conf: 0.873 — quality score: 0.0 — good: False
2026-06-23 10:27:03  DEBUG     [camera.py:96]  Rejected — InsightFace found no face.
2026-06-23 10:27:03  INFO      [camera.py:265]  Face detected — YOLO conf: 0.867 — quality score: 0.0 — good: False
2026-06-23 10:27:03  INFO      [main.py:53]  Checking calendars at 10:27:03
2026-06-23 10:27:03  DEBUG     [client.py:31]  GET https://192.168.1.249:5004/scl/get-all-calender
2026-06-23 10:27:03  INFO      [calendar_service.py:44]  Fetched 4 valid session(s).
2026-06-23 10:27:03  INFO      [main.py:67]  Calendar 2108 already ended — skipping.
2026-06-23 10:27:03  INFO      [main.py:67]  Calendar 2108 already ended — skipping.
2026-06-23 10:27:03  INFO      [main.py:87]  Calendar 2109 already started — skipping.
2026-06-23 10:27:03  INFO      [main.py:87]  Calendar 2109 already started — skipping.
2026-06-23 10:27:03  INFO      [main.py:194]  Calendar 2109 still running (1m 56s remaining).
2026-06-23 10:27:03  INFO      [main.py:206]  Active calendars: [2109]
2026-06-23 10:27:04  DEBUG     [camera.py:96]  Rejected — InsightFace found no face.
2026-06-23 10:27:04  INFO      [camera.py:265]  Face detected — YOLO conf: 0.857 — quality score: 0.0 — good: False
2026-06-23 10:27:04  DEBUG     [camera.py:96]  Rejected — InsightFace found no face.
2026-06-23 10:27:04  INFO      [camera.py:265]  Face detected — YOLO conf: 0.861 — quality score: 0.0 — good: False
2026-06-23 10:27:05  DEBUG     [camera.py:96]  Rejected — InsightFace found no face.
2026-06-23 10:27:05  INFO      [camera.py:265]  Face detected — YOLO conf: 0.862 — quality score: 0.0 — good: False
2026-06-23 10:27:05  DEBUG     [camera.py:96]  Rejected — InsightFace found no face.
2026-06-23 10:27:05  INFO      [camera.py:265]  Face detected — YOLO conf: 0.870 — quality score: 0.0 — good: False
2026-06-23 10:27:06  DEBUG     [camera.py:96]  Rejected — InsightFace found no face.
2026-06-23 10:27:06  INFO      [camera.py:265]  Face detected — YOLO conf: 0.862 — quality score: 0.0 — good: False
2026-06-23 10:27:06  DEBUG     [camera.py:96]  Rejected — InsightFace found no face.
2026-06-23 10:27:06  INFO      [camera.py:265]  Face detected — YOLO conf: 0.862 — quality score: 0.0 — good: False
2026-06-23 10:27:07  DEBUG     [camera.py:96]  Rejected — InsightFace found no face.
2026-06-23 10:27:07  INFO      [camera.py:265]  Face detected — YOLO conf: 0.863 — quality score: 0.0 — good: False
2026-06-23 10:27:07  DEBUG     [camera.py:96]  Rejected — InsightFace found no face.
2026-06-23 10:27:07  INFO      [camera.py:265]  Face detected — YOLO conf: 0.864 — quality score: 0.0 — good: False
2026-06-23 10:27:08  DEBUG     [camera.py:96]  Rejected — InsightFace found no face.
2026-06-23 10:27:08  INFO      [camera.py:265]  Face detected — YOLO conf: 0.861 — quality score: 0.0 — good: False
2026-06-23 10:27:08  DEBUG     [camera.py:96]  Rejected — InsightFace found no face.
2026-06-23 10:27:08  INFO      [camera.py:265]  Face detected — YOLO conf: 0.857 — quality score: 0.0 — good: False
2026-06-23 10:27:09  DEBUG     [camera.py:96]  Rejected — InsightFace found no face.
2026-06-23 10:27:09  INFO      [camera.py:265]  Face detected — YOLO conf: 0.860 — quality score: 0.0 — good: False
2026-06-23 10:27:09  DEBUG     [camera.py:96]  Rejected — InsightFace found no face.
2026-06-23 10:27:09  INFO      [camera.py:265]  Face detected — YOLO conf: 0.854 — quality score: 0.0 — good: False
2026-06-23 10:27:10  DEBUG     [camera.py:96]  Rejected — InsightFace found no face.
2026-06-23 10:27:10  INFO      [camera.py:265]  Face detected — YOLO conf: 0.868 — quality score: 0.0 — good: False
2026-06-23 10:27:10  DEBUG     [camera.py:96]  Rejected — InsightFace found no face.
2026-06-23 10:27:10  INFO      [camera.py:265]  Face detected — YOLO conf: 0.862 — quality score: 0.0 — good: False
2026-06-23 10:27:11  DEBUG     [camera.py:96]  Rejected — InsightFace found no face.
2026-06-23 10:27:11  INFO      [camera.py:265]  Face detected — YOLO conf: 0.856 — quality score: 0.0 — good: False
2026-06-23 10:27:11  DEBUG     [camera.py:96]  Rejected — InsightFace found no face.
2026-06-23 10:27:11  INFO      [camera.py:265]  Face detected — YOLO conf: 0.864 — quality score: 0.0 — good: False
2026-06-23 10:27:12  DEBUG     [camera.py:96]  Rejected — InsightFace found no face.
2026-06-23 10:27:12  INFO      [camera.py:265]  Face detected — YOLO conf: 0.867 — quality score: 0.0 — good: False
2026-06-23 10:27:12  DEBUG     [camera.py:96]  Rejected — InsightFace found no face.
2026-06-23 10:27:12  INFO      [camera.py:265]  Face detected — YOLO conf: 0.870 — quality score: 0.0 — good: False
2026-06-23 10:27:13  DEBUG     [camera.py:96]  Rejected — InsightFace found no face.
2026-06-23 10:27:13  INFO      [camera.py:265]  Face detected — YOLO conf: 0.862 — quality score: 0.0 — good: False
2026-06-23 10:27:13  DEBUG     [camera.py:96]  Rejected — InsightFace found no face.
2026-06-23 10:27:13  INFO      [camera.py:265]  Face detected — YOLO conf: 0.865 — quality score: 0.0 — good: False
2026-06-23 10:27:13  INFO      [main.py:53]  Checking calendars at 10:27:13
2026-06-23 10:27:13  DEBUG     [client.py:31]  GET https://192.168.1.249:5004/scl/get-all-calender
2026-06-23 10:27:13  INFO      [calendar_service.py:44]  Fetched 4 valid session(s).
2026-06-23 10:27:13  INFO      [main.py:67]  Calendar 2108 already ended — skipping.
2026-06-23 10:27:13  INFO      [main.py:67]  Calendar 2108 already ended — skipping.
2026-06-23 10:27:13  INFO      [main.py:87]  Calendar 2109 already started — skipping.
2026-06-23 10:27:13  INFO      [main.py:87]  Calendar 2109 already started — skipping.
2026-06-23 10:27:13  INFO      [main.py:194]  Calendar 2109 still running (1m 46s remaining).
2026-06-23 10:27:13  INFO      [main.py:206]  Active calendars: [2109]
2026-06-23 10:27:14  DEBUG     [camera.py:96]  Rejected — InsightFace found no face.
2026-06-23 10:27:14  INFO      [camera.py:265]  Face detected — YOLO conf: 0.863 — quality score: 0.0 — good: False
2026-06-23 10:27:14  DEBUG     [camera.py:96]  Rejected — InsightFace found no face.
2026-06-23 10:27:14  INFO      [camera.py:265]  Face detected — YOLO conf: 0.869 — quality score: 0.0 — good: False
2026-06-23 10:27:15  DEBUG     [camera.py:96]  Rejected — InsightFace found no face.
2026-06-23 10:27:15  INFO      [camera.py:265]  Face detected — YOLO conf: 0.865 — quality score: 0.0 — good: False
2026-06-23 10:27:15  DEBUG     [camera.py:96]  Rejected — InsightFace found no face.
2026-06-23 10:27:15  INFO      [camera.py:265]  Face detected — YOLO conf: 0.862 — quality score: 0.0 — good: False
2026-06-23 10:27:16  DEBUG     [camera.py:96]  Rejected — InsightFace found no face.
2026-06-23 10:27:16  INFO      [camera.py:265]  Face detected — YOLO conf: 0.858 — quality score: 0.0 — good: False
2026-06-23 10:27:16  DEBUG     [camera.py:96]  Rejected — InsightFace found no face.
2026-06-23 10:27:16  INFO      [camera.py:265]  Face detected — YOLO conf: 0.872 — quality score: 0.0 — good: False
2026-06-23 10:27:17  DEBUG     [camera.py:96]  Rejected — InsightFace found no face.
2026-06-23 10:27:17  INFO      [camera.py:265]  Face detected — YOLO conf: 0.859 — quality score: 0.0 — good: False
2026-06-23 10:27:17  DEBUG     [camera.py:96]  Rejected — InsightFace found no face.
2026-06-23 10:27:17  INFO      [camera.py:265]  Face detected — YOLO conf: 0.875 — quality score: 0.0 — good: False
2026-06-23 10:27:18  DEBUG     [camera.py:96]  Rejected — InsightFace found no face.
2026-06-23 10:27:18  INFO      [camera.py:265]  Face detected — YOLO conf: 0.865 — quality score: 0.0 — good: False
2026-06-23 10:27:18  DEBUG     [camera.py:96]  Rejected — InsightFace found no face.
2026-06-23 10:27:18  INFO      [camera.py:265]  Face detected — YOLO conf: 0.878 — quality score: 0.0 — good: False
2026-06-23 10:27:19  DEBUG     [camera.py:96]  Rejected — InsightFace found no face.
2026-06-23 10:27:19  INFO      [camera.py:265]  Face detected — YOLO conf: 0.870 — quality score: 0.0 — good: False
2026-06-23 10:27:19  DEBUG     [camera.py:96]  Rejected — InsightFace found no face.
2026-06-23 10:27:19  INFO      [camera.py:265]  Face detected — YOLO conf: 0.869 — quality score: 0.0 — good: False
2026-06-23 10:27:20  DEBUG     [camera.py:96]  Rejected — InsightFace found no face.
2026-06-23 10:27:20  INFO      [camera.py:265]  Face detected — YOLO conf: 0.871 — quality score: 0.0 — good: False
2026-06-23 10:27:20  DEBUG     [camera.py:96]  Rejected — InsightFace found no face.
2026-06-23 10:27:20  INFO      [camera.py:265]  Face detected — YOLO conf: 0.873 — quality score: 0.0 — good: False
2026-06-23 10:27:21  DEBUG     [camera.py:96]  Rejected — InsightFace found no face.
2026-06-23 10:27:21  INFO      [camera.py:265]  Face detected — YOLO conf: 0.875 — quality score: 0.0 — good: False
2026-06-23 10:27:21  DEBUG     [camera.py:96]  Rejected — InsightFace found no face.
2026-06-23 10:27:21  INFO      [camera.py:265]  Face detected — YOLO conf: 0.869 — quality score: 0.0 — good: False
2026-06-23 10:27:22  DEBUG     [camera.py:96]  Rejected — InsightFace found no face.
2026-06-23 10:27:22  INFO      [camera.py:265]  Face detected — YOLO conf: 0.870 — quality score: 0.0 — good: False
2026-06-23 10:27:22  DEBUG     [camera.py:96]  Rejected — InsightFace found no face.
2026-06-23 10:27:22  INFO      [camera.py:265]  Face detected — YOLO conf: 0.871 — quality score: 0.0 — good: False
2026-06-23 10:27:23  DEBUG     [camera.py:96]  Rejected — InsightFace found no face.
2026-06-23 10:27:23  INFO      [camera.py:265]  Face detected — YOLO conf: 0.872 — quality score: 0.0 — good: False
2026-06-23 10:27:23  INFO      [main.py:53]  Checking calendars at 10:27:23
2026-06-23 10:27:23  DEBUG     [client.py:31]  GET https://192.168.1.249:5004/scl/get-all-calender
2026-06-23 10:27:23  INFO      [calendar_service.py:44]  Fetched 4 valid session(s).
2026-06-23 10:27:23  INFO      [main.py:67]  Calendar 2108 already ended — skipping.
2026-06-23 10:27:23  INFO      [main.py:67]  Calendar 2108 already ended — skipping.
2026-06-23 10:27:23  INFO      [main.py:87]  Calendar 2109 already started — skipping.
2026-06-23 10:27:23  INFO      [main.py:87]  Calendar 2109 already started — skipping.
2026-06-23 10:27:23  INFO      [main.py:194]  Calendar 2109 still running (1m 36s remaining).
2026-06-23 10:27:23  INFO      [main.py:206]  Active calendars: [2109]
2026-06-23 10:27:23  DEBUG     [camera.py:96]  Rejected — InsightFace found no face.
2026-06-23 10:27:23  INFO      [camera.py:265]  Face detected — YOLO conf: 0.874 — quality score: 0.0 — good: False
2026-06-23 10:27:24  DEBUG     [camera.py:96]  Rejected — InsightFace found no face.
2026-06-23 10:27:24  INFO      [camera.py:265]  Face detected — YOLO conf: 0.876 — quality score: 0.0 — good: False
2026-06-23 10:27:24  DEBUG     [camera.py:96]  Rejected — InsightFace found no face.
2026-06-23 10:27:24  INFO      [camera.py:265]  Face detected — YOLO conf: 0.876 — quality score: 0.0 — good: False
2026-06-23 10:27:25  DEBUG     [camera.py:96]  Rejected — InsightFace found no face.
2026-06-23 10:27:25  INFO      [camera.py:265]  Face detected — YOLO conf: 0.874 — quality score: 0.0 — good: False
2026-06-23 10:27:25  DEBUG     [camera.py:96]  Rejected — InsightFace found no face.
2026-06-23 10:27:25  INFO      [camera.py:265]  Face detected — YOLO conf: 0.877 — quality score: 0.0 — good: False
2026-06-23 10:27:26  DEBUG     [camera.py:96]  Rejected — InsightFace found no face.
2026-06-23 10:27:26  INFO      [camera.py:265]  Face detected — YOLO conf: 0.870 — quality score: 0.0 — good: False
2026-06-23 10:27:26  DEBUG     [camera.py:96]  Rejected — InsightFace found no face.
2026-06-23 10:27:26  INFO      [camera.py:265]  Face detected — YOLO conf: 0.876 — quality score: 0.0 — good: False
2026-06-23 10:27:27  DEBUG     [camera.py:96]  Rejected — InsightFace found no face.
2026-06-23 10:27:27  INFO      [camera.py:265]  Face detected — YOLO conf: 0.869 — quality score: 0.0 — good: False
2026-06-23 10:27:27  DEBUG     [camera.py:96]  Rejected — InsightFace found no face.
2026-06-23 10:27:27  INFO      [camera.py:265]  Face detected — YOLO conf: 0.874 — quality score: 0.0 — good: False
2026-06-23 10:27:28  DEBUG     [camera.py:96]  Rejected — InsightFace found no face.
2026-06-23 10:27:28  INFO      [camera.py:265]  Face detected — YOLO conf: 0.873 — quality score: 0.0 — good: False
2026-06-23 10:27:28  DEBUG     [camera.py:96]  Rejected — InsightFace found no face.
2026-06-23 10:27:28  INFO      [camera.py:265]  Face detected — YOLO conf: 0.877 — quality score: 0.0 — good: False
2026-06-23 10:27:29  DEBUG     [camera.py:96]  Rejected — InsightFace found no face.
2026-06-23 10:27:29  INFO      [camera.py:265]  Face detected — YOLO conf: 0.879 — quality score: 0.0 — good: False
2026-06-23 10:27:30  DEBUG     [camera.py:96]  Rejected — InsightFace found no face.
2026-06-23 10:27:30  INFO      [camera.py:265]  Face detected — YOLO conf: 0.875 — quality score: 0.0 — good: False
2026-06-23 10:27:30  DEBUG     [camera.py:96]  Rejected — InsightFace found no face.
2026-06-23 10:27:30  INFO      [camera.py:265]  Face detected — YOLO conf: 0.876 — quality score: 0.0 — good: False
2026-06-23 10:27:31  DEBUG     [camera.py:96]  Rejected — InsightFace found no face.
2026-06-23 10:27:31  INFO      [camera.py:265]  Face detected — YOLO conf: 0.880 — quality score: 0.0 — good: False
2026-06-23 10:27:31  DEBUG     [camera.py:96]  Rejected — InsightFace found no face.
2026-06-23 10:27:31  INFO      [camera.py:265]  Face detected — YOLO conf: 0.878 — quality score: 0.0 — good: False
2026-06-23 10:27:32  DEBUG     [camera.py:96]  Rejected — InsightFace found no face.
2026-06-23 10:27:32  INFO      [camera.py:265]  Face detected — YOLO conf: 0.877 — quality score: 0.0 — good: False
2026-06-23 10:27:32  DEBUG     [camera.py:96]  Rejected — InsightFace found no face.
2026-06-23 10:27:32  INFO      [camera.py:265]  Face detected — YOLO conf: 0.874 — quality score: 0.0 — good: False
2026-06-23 10:27:33  DEBUG     [camera.py:96]  Rejected — InsightFace found no face.
2026-06-23 10:27:33  INFO      [camera.py:265]  Face detected — YOLO conf: 0.877 — quality score: 0.0 — good: False
2026-06-23 10:27:33  DEBUG     [camera.py:96]  Rejected — InsightFace found no face.
2026-06-23 10:27:33  INFO      [camera.py:265]  Face detected — YOLO conf: 0.874 — quality score: 0.0 — good: False
2026-06-23 10:27:33  INFO      [main.py:53]  Checking calendars at 10:27:33
2026-06-23 10:27:33  DEBUG     [client.py:31]  GET https://192.168.1.249:5004/scl/get-all-calender
2026-06-23 10:27:33  INFO      [calendar_service.py:44]  Fetched 4 valid session(s).
2026-06-23 10:27:33  INFO      [main.py:67]  Calendar 2108 already ended — skipping.
2026-06-23 10:27:33  INFO      [main.py:67]  Calendar 2108 already ended — skipping.
2026-06-23 10:27:33  INFO      [main.py:87]  Calendar 2109 already started — skipping.
2026-06-23 10:27:33  INFO      [main.py:87]  Calendar 2109 already started — skipping.
2026-06-23 10:27:33  INFO      [main.py:194]  Calendar 2109 still running (1m 26s remaining).
2026-06-23 10:27:33  INFO      [main.py:206]  Active calendars: [2109]
2026-06-23 10:27:34  DEBUG     [camera.py:96]  Rejected — InsightFace found no face.
2026-06-23 10:27:34  INFO      [camera.py:265]  Face detected — YOLO conf: 0.876 — quality score: 0.0 — good: False
2026-06-23 10:27:34  DEBUG     [camera.py:96]  Rejected — InsightFace found no face.
2026-06-23 10:27:34  INFO      [camera.py:265]  Face detected — YOLO conf: 0.869 — quality score: 0.0 — good: False
2026-06-23 10:27:35  DEBUG     [camera.py:96]  Rejected — InsightFace found no face.
2026-06-23 10:27:35  INFO      [camera.py:265]  Face detected — YOLO conf: 0.870 — quality score: 0.0 — good: False
2026-06-23 10:27:35  DEBUG     [camera.py:96]  Rejected — InsightFace found no face.
2026-06-23 10:27:35  INFO      [camera.py:265]  Face detected — YOLO conf: 0.876 — quality score: 0.0 — good: False
2026-06-23 10:27:36  DEBUG     [camera.py:96]  Rejected — InsightFace found no face.
2026-06-23 10:27:36  INFO      [camera.py:265]  Face detected — YOLO conf: 0.872 — quality score: 0.0 — good: False
2026-06-23 10:27:36  DEBUG     [camera.py:96]  Rejected — InsightFace found no face.
2026-06-23 10:27:36  INFO      [camera.py:265]  Face detected — YOLO conf: 0.872 — quality score: 0.0 — good: False
2026-06-23 10:27:37  DEBUG     [camera.py:96]  Rejected — InsightFace found no face.
2026-06-23 10:27:37  INFO      [camera.py:265]  Face detected — YOLO conf: 0.881 — quality score: 0.0 — good: False
2026-06-23 10:27:37  DEBUG     [camera.py:96]  Rejected — InsightFace found no face.
2026-06-23 10:27:37  INFO      [camera.py:265]  Face detected — YOLO conf: 0.879 — quality score: 0.0 — good: False
2026-06-23 10:27:38  DEBUG     [camera.py:96]  Rejected — InsightFace found no face.
2026-06-23 10:27:38  INFO      [camera.py:265]  Face detected — YOLO conf: 0.879 — quality score: 0.0 — good: False
2026-06-23 10:27:38  DEBUG     [camera.py:96]  Rejected — InsightFace found no face.
2026-06-23 10:27:38  INFO      [camera.py:265]  Face detected — YOLO conf: 0.878 — quality score: 0.0 — good: False
2026-06-23 10:27:39  DEBUG     [camera.py:96]  Rejected — InsightFace found no face.
2026-06-23 10:27:39  INFO      [camera.py:265]  Face detected — YOLO conf: 0.876 — quality score: 0.0 — good: False
2026-06-23 10:27:39  DEBUG     [camera.py:96]  Rejected — InsightFace found no face.
2026-06-23 10:27:39  INFO      [camera.py:265]  Face detected — YOLO conf: 0.883 — quality score: 0.0 — good: False
2026-06-23 10:27:40  DEBUG     [camera.py:96]  Rejected — InsightFace found no face.
2026-06-23 10:27:40  INFO      [camera.py:265]  Face detected — YOLO conf: 0.874 — quality score: 0.0 — good: False
2026-06-23 10:27:40  DEBUG     [camera.py:96]  Rejected — InsightFace found no face.
2026-06-23 10:27:40  INFO      [camera.py:265]  Face detected — YOLO conf: 0.897 — quality score: 0.0 — good: False
2026-06-23 10:27:41  DEBUG     [camera.py:96]  Rejected — InsightFace found no face.
2026-06-23 10:27:41  INFO      [camera.py:265]  Face detected — YOLO conf: 0.873 — quality score: 0.0 — good: False
2026-06-23 10:27:41  DEBUG     [camera.py:96]  Rejected — InsightFace found no face.
2026-06-23 10:27:41  INFO      [camera.py:265]  Face detected — YOLO conf: 0.871 — quality score: 0.0 — good: False
2026-06-23 10:27:42  DEBUG     [camera.py:96]  Rejected — InsightFace found no face.
2026-06-23 10:27:42  INFO      [camera.py:265]  Face detected — YOLO conf: 0.861 — quality score: 0.0 — good: False
2026-06-23 10:27:42  DEBUG     [camera.py:96]  Rejected — InsightFace found no face.
2026-06-23 10:27:42  INFO      [camera.py:265]  Face detected — YOLO conf: 0.864 — quality score: 0.0 — good: False
2026-06-23 10:27:43  DEBUG     [camera.py:96]  Rejected — InsightFace found no face.
2026-06-23 10:27:43  INFO      [camera.py:265]  Face detected — YOLO conf: 0.877 — quality score: 0.0 — good: False
2026-06-23 10:27:43  DEBUG     [camera.py:96]  Rejected — InsightFace found no face.
2026-06-23 10:27:43  INFO      [camera.py:265]  Face detected — YOLO conf: 0.831 — quality score: 0.0 — good: False
2026-06-23 10:27:43  INFO      [main.py:53]  Checking calendars at 10:27:43
2026-06-23 10:27:43  DEBUG     [client.py:31]  GET https://192.168.1.249:5004/scl/get-all-calender
2026-06-23 10:27:43  INFO      [calendar_service.py:44]  Fetched 4 valid session(s).
2026-06-23 10:27:43  INFO      [main.py:67]  Calendar 2108 already ended — skipping.
2026-06-23 10:27:43  INFO      [main.py:67]  Calendar 2108 already ended — skipping.
2026-06-23 10:27:43  INFO      [main.py:87]  Calendar 2109 already started — skipping.
2026-06-23 10:27:43  INFO      [main.py:87]  Calendar 2109 already started — skipping.
2026-06-23 10:27:43  INFO      [main.py:194]  Calendar 2109 still running (1m 16s remaining).
2026-06-23 10:27:43  INFO      [main.py:206]  Active calendars: [2109]
2026-06-23 10:27:45  DEBUG     [camera.py:96]  Rejected — InsightFace found no face.
2026-06-23 10:27:45  INFO      [camera.py:265]  Face detected — YOLO conf: 0.743 — quality score: 0.0 — good: False
2026-06-23 10:27:45  DEBUG     [camera.py:111]  Quality — score: 0.627 blur: 48.9 brightness: 62.5
2026-06-23 10:27:45  INFO      [camera.py:265]  Face detected — YOLO conf: 0.787 — quality score: 0.627 — good: True
2026-06-23 10:27:45  INFO      [camera.py:281]  Face queued for recognition: face_20260623_102745_750.jpg
2026-06-23 10:27:46  DEBUG     [camera.py:107]  Rejected — bad angle (yaw: 64.3, pitch: 14.0)
2026-06-23 10:27:46  INFO      [camera.py:265]  Face detected — YOLO conf: 0.857 — quality score: 0.711 — good: False
2026-06-23 10:27:46  DEBUG     [camera.py:96]  Rejected — InsightFace found no face.
2026-06-23 10:27:46  INFO      [camera.py:265]  Face detected — YOLO conf: 0.835 — quality score: 0.0 — good: False
2026-06-23 10:27:47  DEBUG     [camera.py:96]  Rejected — InsightFace found no face.
2026-06-23 10:27:47  INFO      [camera.py:265]  Face detected — YOLO conf: 0.774 — quality score: 0.0 — good: False
2026-06-23 10:27:48  DEBUG     [camera.py:107]  Rejected — bad angle (yaw: 23.6, pitch: 46.6)
2026-06-23 10:27:48  INFO      [camera.py:265]  Face detected — YOLO conf: 0.804 — quality score: 0.522 — good: False
2026-06-23 10:27:49  DEBUG     [camera.py:107]  Rejected — bad angle (yaw: 61.8, pitch: 26.7)
2026-06-23 10:27:49  INFO      [camera.py:265]  Face detected — YOLO conf: 0.846 — quality score: 0.69 — good: False
2026-06-23 10:27:49  DEBUG     [camera.py:96]  Rejected — InsightFace found no face.
2026-06-23 10:27:49  INFO      [camera.py:265]  Face detected — YOLO conf: 0.752 — quality score: 0.0 — good: False
2026-06-23 10:27:50  DEBUG     [camera.py:111]  Quality — score: 0.683 blur: 136.4 brightness: 110.3
2026-06-23 10:27:50  INFO      [camera.py:265]  Face detected — YOLO conf: 0.815 — quality score: 0.683 — good: True
2026-06-23 10:27:50  INFO      [camera.py:281]  Face queued for recognition: face_20260623_102750_241.jpg
2026-06-23 10:27:50  DEBUG     [camera.py:107]  Rejected — bad angle (yaw: 40.4, pitch: 15.3)
2026-06-23 10:27:50  INFO      [camera.py:265]  Face detected — YOLO conf: 0.799 — quality score: 0.747 — good: False
2026-06-23 10:27:51  DEBUG     [camera.py:107]  Rejected — bad angle (yaw: 39.5, pitch: 12.8)
2026-06-23 10:27:51  INFO      [camera.py:265]  Face detected — YOLO conf: 0.809 — quality score: 0.702 — good: False
2026-06-23 10:27:51  DEBUG     [camera.py:111]  Quality — score: 0.577 blur: 168.6 brightness: 88.1
2026-06-23 10:27:51  INFO      [camera.py:265]  Face detected — YOLO conf: 0.813 — quality score: 0.577 — good: True
2026-06-23 10:27:51  INFO      [camera.py:281]  Face queued for recognition: face_20260623_102751_840.jpg
2026-06-23 10:27:52  DEBUG     [camera.py:96]  Rejected — InsightFace found no face.
2026-06-23 10:27:52  INFO      [camera.py:265]  Face detected — YOLO conf: 0.800 — quality score: 0.0 — good: False
2026-06-23 10:27:52  DEBUG     [camera.py:107]  Rejected — bad angle (yaw: 56.4, pitch: 28.4)
2026-06-23 10:27:52  INFO      [camera.py:265]  Face detected — YOLO conf: 0.807 — quality score: 0.648 — good: False
2026-06-23 10:27:53  DEBUG     [camera.py:96]  Rejected — InsightFace found no face.
2026-06-23 10:27:53  INFO      [camera.py:265]  Face detected — YOLO conf: 0.844 — quality score: 0.0 — good: False
2026-06-23 10:27:53  INFO      [main.py:53]  Checking calendars at 10:27:53
2026-06-23 10:27:53  DEBUG     [client.py:31]  GET https://192.168.1.249:5004/scl/get-all-calender
2026-06-23 10:27:53  INFO      [calendar_service.py:44]  Fetched 4 valid session(s).
2026-06-23 10:27:53  INFO      [main.py:67]  Calendar 2108 already ended — skipping.
2026-06-23 10:27:53  INFO      [main.py:67]  Calendar 2108 already ended — skipping.
2026-06-23 10:27:53  INFO      [main.py:87]  Calendar 2109 already started — skipping.
2026-06-23 10:27:53  INFO      [main.py:87]  Calendar 2109 already started — skipping.
2026-06-23 10:27:53  INFO      [main.py:194]  Calendar 2109 still running (1m 6s remaining).
2026-06-23 10:27:53  INFO      [main.py:206]  Active calendars: [2109]
2026-06-23 10:27:55  DEBUG     [camera.py:111]  Quality — score: 0.559 blur: 142.6 brightness: 82.6
2026-06-23 10:27:55  INFO      [camera.py:265]  Face detected — YOLO conf: 0.808 — quality score: 0.559 — good: True
2026-06-23 10:27:55  INFO      [camera.py:281]  Face queued for recognition: face_20260623_102755_341.jpg
2026-06-23 10:27:55  DEBUG     [camera.py:107]  Rejected — bad angle (yaw: 15.1, pitch: 37.4)
2026-06-23 10:27:55  INFO      [camera.py:265]  Face detected — YOLO conf: 0.752 — quality score: 0.651 — good: False
2026-06-23 10:28:03  INFO      [main.py:53]  Checking calendars at 10:28:03
2026-06-23 10:28:03  DEBUG     [client.py:31]  GET https://192.168.1.249:5004/scl/get-all-calender
2026-06-23 10:28:04  INFO      [calendar_service.py:44]  Fetched 4 valid session(s).
2026-06-23 10:28:04  INFO      [main.py:67]  Calendar 2108 already ended — skipping.
2026-06-23 10:28:04  INFO      [main.py:67]  Calendar 2108 already ended — skipping.
2026-06-23 10:28:04  INFO      [main.py:87]  Calendar 2109 already started — skipping.
2026-06-23 10:28:04  INFO      [main.py:87]  Calendar 2109 already started — skipping.
2026-06-23 10:28:04  INFO      [main.py:194]  Calendar 2109 still running (0m 56s remaining).
2026-06-23 10:28:04  INFO      [main.py:206]  Active calendars: [2109]
2026-06-23 10:28:07  DEBUG     [camera.py:96]  Rejected — InsightFace found no face.
2026-06-23 10:28:07  INFO      [camera.py:265]  Face detected — YOLO conf: 0.744 — quality score: 0.0 — good: False
2026-06-23 10:28:09  DEBUG     [camera.py:96]  Rejected — InsightFace found no face.
2026-06-23 10:28:09  INFO      [camera.py:265]  Face detected — YOLO conf: 0.820 — quality score: 0.0 — good: False
2026-06-23 10:28:09  DEBUG     [camera.py:96]  Rejected — InsightFace found no face.
2026-06-23 10:28:09  INFO      [camera.py:265]  Face detected — YOLO conf: 0.727 — quality score: 0.0 — good: False
2026-06-23 10:28:11  DEBUG     [camera.py:111]  Quality — score: 0.557 blur: 136.1 brightness: 58.0
2026-06-23 10:28:11  INFO      [camera.py:265]  Face detected — YOLO conf: 0.836 — quality score: 0.557 — good: True
2026-06-23 10:28:11  INFO      [camera.py:281]  Face queued for recognition: face_20260623_102811_829.jpg
2026-06-23 10:28:12  DEBUG     [camera.py:107]  Rejected — bad angle (yaw: 40.3, pitch: 17.8)
2026-06-23 10:28:12  INFO      [camera.py:265]  Face detected — YOLO conf: 0.801 — quality score: 0.572 — good: False
2026-06-23 10:28:12  DEBUG     [camera.py:107]  Rejected — bad angle (yaw: 18.7, pitch: 38.1)
2026-06-23 10:28:12  INFO      [camera.py:265]  Face detected — YOLO conf: 0.812 — quality score: 0.601 — good: False
2026-06-23 10:28:13  DEBUG     [camera.py:107]  Rejected — bad angle (yaw: 63.0, pitch: 29.2)
2026-06-23 10:28:13  INFO      [camera.py:265]  Face detected — YOLO conf: 0.874 — quality score: 0.592 — good: False
2026-06-23 10:28:14  INFO      [main.py:53]  Checking calendars at 10:28:14
2026-06-23 10:28:14  DEBUG     [client.py:31]  GET https://192.168.1.249:5004/scl/get-all-calender
2026-06-23 10:28:14  INFO      [calendar_service.py:44]  Fetched 4 valid session(s).
2026-06-23 10:28:14  INFO      [main.py:67]  Calendar 2108 already ended — skipping.
2026-06-23 10:28:14  INFO      [main.py:67]  Calendar 2108 already ended — skipping.
2026-06-23 10:28:14  INFO      [main.py:87]  Calendar 2109 already started — skipping.
2026-06-23 10:28:14  INFO      [main.py:87]  Calendar 2109 already started — skipping.
2026-06-23 10:28:14  INFO      [main.py:194]  Calendar 2109 still running (0m 45s remaining).
2026-06-23 10:28:14  INFO      [main.py:206]  Active calendars: [2109]
2026-06-23 10:28:14  DEBUG     [camera.py:107]  Rejected — bad angle (yaw: 59.8, pitch: 14.7)
2026-06-23 10:28:14  INFO      [camera.py:265]  Face detected — YOLO conf: 0.831 — quality score: 0.628 — good: False
2026-06-23 10:28:14  DEBUG     [camera.py:107]  Rejected — bad angle (yaw: 57.4, pitch: 29.0)
2026-06-23 10:28:14  INFO      [camera.py:265]  Face detected — YOLO conf: 0.836 — quality score: 0.636 — good: False
2026-06-23 10:28:15  DEBUG     [camera.py:96]  Rejected — InsightFace found no face.
2026-06-23 10:28:15  INFO      [camera.py:265]  Face detected — YOLO conf: 0.792 — quality score: 0.0 — good: False
2026-06-23 10:28:17  DEBUG     [camera.py:96]  Rejected — InsightFace found no face.
2026-06-23 10:28:17  INFO      [camera.py:265]  Face detected — YOLO conf: 0.825 — quality score: 0.0 — good: False
2026-06-23 10:28:17  DEBUG     [camera.py:111]  Quality — score: 0.766 blur: 282.9 brightness: 105.6
2026-06-23 10:28:17  INFO      [camera.py:265]  Face detected — YOLO conf: 0.917 — quality score: 0.766 — good: True
2026-06-23 10:28:17  INFO      [camera.py:281]  Face queued for recognition: face_20260623_102817_827.jpg
2026-06-23 10:28:18  DEBUG     [camera.py:96]  Rejected — InsightFace found no face.
2026-06-23 10:28:18  INFO      [camera.py:265]  Face detected — YOLO conf: 0.826 — quality score: 0.0 — good: False
2026-06-23 10:28:18  DEBUG     [camera.py:96]  Rejected — InsightFace found no face.
2026-06-23 10:28:18  INFO      [camera.py:265]  Face detected — YOLO conf: 0.797 — quality score: 0.0 — good: False
2026-06-23 10:28:22  DEBUG     [camera.py:82]  Rejected — too blurry (blur score: 21.6)
2026-06-23 10:28:22  INFO      [camera.py:265]  Face detected — YOLO conf: 0.818 — quality score: 0.0 — good: False
2026-06-23 10:28:22  DEBUG     [camera.py:96]  Rejected — InsightFace found no face.
2026-06-23 10:28:22  INFO      [camera.py:265]  Face detected — YOLO conf: 0.854 — quality score: 0.0 — good: False
2026-06-23 10:28:23  DEBUG     [camera.py:96]  Rejected — InsightFace found no face.
2026-06-23 10:28:23  INFO      [camera.py:265]  Face detected — YOLO conf: 0.843 — quality score: 0.0 — good: False
2026-06-23 10:28:24  INFO      [main.py:53]  Checking calendars at 10:28:24
2026-06-23 10:28:24  DEBUG     [client.py:31]  GET https://192.168.1.249:5004/scl/get-all-calender
2026-06-23 10:28:24  INFO      [calendar_service.py:44]  Fetched 4 valid session(s).
2026-06-23 10:28:24  INFO      [main.py:67]  Calendar 2108 already ended — skipping.
2026-06-23 10:28:24  INFO      [main.py:67]  Calendar 2108 already ended — skipping.
2026-06-23 10:28:24  INFO      [main.py:87]  Calendar 2109 already started — skipping.
2026-06-23 10:28:24  INFO      [main.py:87]  Calendar 2109 already started — skipping.
2026-06-23 10:28:24  INFO      [main.py:194]  Calendar 2109 still running (0m 35s remaining).
2026-06-23 10:28:24  INFO      [main.py:206]  Active calendars: [2109]
2026-06-23 10:28:31  DEBUG     [camera.py:96]  Rejected — InsightFace found no face.
2026-06-23 10:28:31  INFO      [camera.py:265]  Face detected — YOLO conf: 0.709 — quality score: 0.0 — good: False
2026-06-23 10:28:34  INFO      [main.py:53]  Checking calendars at 10:28:34
2026-06-23 10:28:34  DEBUG     [client.py:31]  GET https://192.168.1.249:5004/scl/get-all-calender
2026-06-23 10:28:34  INFO      [calendar_service.py:44]  Fetched 4 valid session(s).
2026-06-23 10:28:34  INFO      [main.py:67]  Calendar 2108 already ended — skipping.
2026-06-23 10:28:34  INFO      [main.py:67]  Calendar 2108 already ended — skipping.
2026-06-23 10:28:34  INFO      [main.py:87]  Calendar 2109 already started — skipping.
2026-06-23 10:28:34  INFO      [main.py:87]  Calendar 2109 already started — skipping.
2026-06-23 10:28:34  INFO      [main.py:194]  Calendar 2109 still running (0m 25s remaining).
2026-06-23 10:28:34  INFO      [main.py:206]  Active calendars: [2109]
2026-06-23 10:28:34  DEBUG     [camera.py:96]  Rejected — InsightFace found no face.
2026-06-23 10:28:34  INFO      [camera.py:265]  Face detected — YOLO conf: 0.708 — quality score: 0.0 — good: False
2026-06-23 10:28:35  DEBUG     [camera.py:96]  Rejected — InsightFace found no face.
2026-06-23 10:28:35  INFO      [camera.py:265]  Face detected — YOLO conf: 0.703 — quality score: 0.0 — good: False
2026-06-23 10:28:36  DEBUG     [camera.py:96]  Rejected — InsightFace found no face.
2026-06-23 10:28:36  INFO      [camera.py:265]  Face detected — YOLO conf: 0.712 — quality score: 0.0 — good: False
2026-06-23 10:28:37  DEBUG     [camera.py:96]  Rejected — InsightFace found no face.
2026-06-23 10:28:37  INFO      [camera.py:265]  Face detected — YOLO conf: 0.736 — quality score: 0.0 — good: False
2026-06-23 10:28:44  INFO      [main.py:53]  Checking calendars at 10:28:44
2026-06-23 10:28:44  DEBUG     [client.py:31]  GET https://192.168.1.249:5004/scl/get-all-calender
2026-06-23 10:28:44  INFO      [calendar_service.py:44]  Fetched 4 valid session(s).
2026-06-23 10:28:44  INFO      [main.py:67]  Calendar 2108 already ended — skipping.
2026-06-23 10:28:44  INFO      [main.py:67]  Calendar 2108 already ended — skipping.
2026-06-23 10:28:44  INFO      [main.py:87]  Calendar 2109 already started — skipping.
2026-06-23 10:28:44  INFO      [main.py:87]  Calendar 2109 already started — skipping.
2026-06-23 10:28:44  INFO      [main.py:194]  Calendar 2109 still running (0m 15s remaining).
2026-06-23 10:28:44  INFO      [main.py:206]  Active calendars: [2109]
2026-06-23 10:28:52  DEBUG     [camera.py:96]  Rejected — InsightFace found no face.
2026-06-23 10:28:52  INFO      [camera.py:265]  Face detected — YOLO conf: 0.834 — quality score: 0.0 — good: False
2026-06-23 10:28:54  INFO      [main.py:53]  Checking calendars at 10:28:54
2026-06-23 10:28:54  DEBUG     [client.py:31]  GET https://192.168.1.249:5004/scl/get-all-calender
2026-06-23 10:28:54  INFO      [calendar_service.py:44]  Fetched 4 valid session(s).
2026-06-23 10:28:54  INFO      [main.py:67]  Calendar 2108 already ended — skipping.
2026-06-23 10:28:54  INFO      [main.py:67]  Calendar 2108 already ended — skipping.
2026-06-23 10:28:54  INFO      [main.py:87]  Calendar 2109 already started — skipping.
2026-06-23 10:28:54  INFO      [main.py:87]  Calendar 2109 already started — skipping.
2026-06-23 10:28:54  INFO      [main.py:194]  Calendar 2109 still running (0m 5s remaining).
2026-06-23 10:28:54  INFO      [main.py:206]  Active calendars: [2109]
2026-06-23 10:28:55  DEBUG     [camera.py:111]  Quality — score: 0.670 blur: 103.4 brightness: 100.9
2026-06-23 10:28:55  INFO      [camera.py:265]  Face detected — YOLO conf: 0.748 — quality score: 0.67 — good: True
2026-06-23 10:28:55  INFO      [camera.py:281]  Face queued for recognition: face_20260623_102855_098.jpg
2026-06-23 10:28:55  DEBUG     [camera.py:111]  Quality — score: 0.813 blur: 292.8 brightness: 95.0
2026-06-23 10:28:55  INFO      [camera.py:265]  Face detected — YOLO conf: 0.768 — quality score: 0.813 — good: True
2026-06-23 10:28:55  INFO      [camera.py:281]  Face queued for recognition: face_20260623_102855_603.jpg
2026-06-23 10:28:56  DEBUG     [camera.py:111]  Quality — score: 0.775 blur: 530.9 brightness: 93.5
2026-06-23 10:28:56  INFO      [camera.py:265]  Face detected — YOLO conf: 0.835 — quality score: 0.775 — good: True
2026-06-23 10:28:56  INFO      [camera.py:281]  Face queued for recognition: face_20260623_102856_095.jpg
2026-06-23 10:28:58  DEBUG     [camera.py:107]  Rejected — bad angle (yaw: 55.3, pitch: 27.3)
2026-06-23 10:28:58  INFO      [camera.py:265]  Face detected — YOLO conf: 0.854 — quality score: 0.64 — good: False
2026-06-23 10:29:00  DEBUG     [camera.py:96]  Rejected — InsightFace found no face.
2026-06-23 10:29:00  INFO      [camera.py:265]  Face detected — YOLO conf: 0.777 — quality score: 0.0 — good: False
2026-06-23 10:29:01  DEBUG     [camera.py:96]  Rejected — InsightFace found no face.
2026-06-23 10:29:01  INFO      [camera.py:265]  Face detected — YOLO conf: 0.842 — quality score: 0.0 — good: False
2026-06-23 10:29:02  DEBUG     [camera.py:96]  Rejected — InsightFace found no face.
2026-06-23 10:29:02  INFO      [camera.py:265]  Face detected — YOLO conf: 0.703 — quality score: 0.0 — good: False
2026-06-23 10:29:03  DEBUG     [camera.py:107]  Rejected — bad angle (yaw: 39.7, pitch: 4.3)
2026-06-23 10:29:03  INFO      [camera.py:265]  Face detected — YOLO conf: 0.837 — quality score: 0.617 — good: False
2026-06-23 10:29:03  DEBUG     [camera.py:111]  Quality — score: 0.566 blur: 254.3 brightness: 103.4
2026-06-23 10:29:03  INFO      [camera.py:265]  Face detected — YOLO conf: 0.817 — quality score: 0.566 — good: True
2026-06-23 10:29:03  INFO      [camera.py:281]  Face queued for recognition: face_20260623_102903_590.jpg
2026-06-23 10:29:04  DEBUG     [camera.py:111]  Quality — score: 0.750 blur: 117.8 brightness: 79.5
2026-06-23 10:29:04  INFO      [camera.py:265]  Face detected — YOLO conf: 0.806 — quality score: 0.75 — good: True
2026-06-23 10:29:04  INFO      [camera.py:281]  Face queued for recognition: face_20260623_102904_085.jpg
2026-06-23 10:29:04  INFO      [main.py:53]  Checking calendars at 10:29:04
2026-06-23 10:29:04  DEBUG     [client.py:31]  GET https://192.168.1.249:5004/scl/get-all-calender
2026-06-23 10:29:04  INFO      [calendar_service.py:44]  Fetched 4 valid session(s).
2026-06-23 10:29:04  INFO      [main.py:67]  Calendar 2108 already ended — skipping.
2026-06-23 10:29:04  INFO      [main.py:67]  Calendar 2108 already ended — skipping.
2026-06-23 10:29:04  INFO      [main.py:87]  Calendar 2109 already started — skipping.
2026-06-23 10:29:04  INFO      [main.py:87]  Calendar 2109 already started — skipping.
2026-06-23 10:29:04  INFO      [main.py:138]  Calendar 2109 ended — stopping cameras...
2026-06-23 10:29:04  INFO      [detector.py:111]  Stopping detection for calendar 2109...
2026-06-23 10:29:04  INFO      [detector.py:118]  All detection processes stopped for calendar 2109.
2026-06-23 10:29:04  INFO      [classification.py:78]  Starting classification for calendar 2109 — 22 image(s) found.
2026-06-23 10:29:04  INFO      [classification.py:91]  Created person_1 — reference: face_20260623_102755_341.jpg
2026-06-23 10:29:04  DEBUG     [classification.py:45]  face_20260623_102755_341.jpg ↔ face_20260623_102528_749.jpg → similarity: 0.2986
2026-06-23 10:29:04  DEBUG     [classification.py:45]  face_20260623_102755_341.jpg ↔ face_20260623_102611_618.jpg → similarity: 0.2228
2026-06-23 10:29:05  DEBUG     [classification.py:36]  No face match found: face_20260623_102755_341.jpg ↔ face_20260623_102811_829.jpg
2026-06-23 10:29:05  DEBUG     [classification.py:45]  face_20260623_102755_341.jpg ↔ face_20260623_102530_752.jpg → similarity: 0.2415
2026-06-23 10:29:05  DEBUG     [classification.py:45]  face_20260623_102755_341.jpg ↔ face_20260623_102750_241.jpg → similarity: 0.3950
2026-06-23 10:29:05  DEBUG     [classification.py:45]  face_20260623_102755_341.jpg ↔ face_20260623_102904_085.jpg → similarity: 0.8492
2026-06-23 10:29:05  DEBUG     [classification.py:45]  face_20260623_102755_341.jpg ↔ face_20260623_102141_445.jpg → similarity: 0.2294
2026-06-23 10:29:05  DEBUG     [classification.py:45]  face_20260623_102755_341.jpg ↔ face_20260623_102751_840.jpg → similarity: 0.1428
2026-06-23 10:29:05  DEBUG     [classification.py:45]  face_20260623_102755_341.jpg ↔ face_20260623_102611_113.jpg → similarity: 0.2610
2026-06-23 10:29:05  DEBUG     [classification.py:45]  face_20260623_102755_341.jpg ↔ face_20260623_102903_590.jpg → similarity: 0.0309
2026-06-23 10:29:05  DEBUG     [classification.py:45]  face_20260623_102755_341.jpg ↔ face_20260623_102529_254.jpg → similarity: 0.2279
2026-06-23 10:29:05  DEBUG     [classification.py:45]  face_20260623_102755_341.jpg ↔ face_20260623_102856_095.jpg → similarity: 0.8382
2026-06-23 10:29:05  DEBUG     [classification.py:45]  face_20260623_102755_341.jpg ↔ face_20260623_102530_251.jpg → similarity: 0.2350
2026-06-23 10:29:05  DEBUG     [classification.py:45]  face_20260623_102755_341.jpg ↔ face_20260623_102855_098.jpg → similarity: 0.6040
2026-06-23 10:29:06  DEBUG     [classification.py:45]  face_20260623_102755_341.jpg ↔ face_20260623_102610_613.jpg → similarity: 0.3408
2026-06-23 10:29:06  DEBUG     [classification.py:45]  face_20260623_102755_341.jpg ↔ face_20260623_102817_827.jpg → similarity: 0.9468
2026-06-23 10:29:06  DEBUG     [classification.py:45]  face_20260623_102755_341.jpg ↔ face_20260623_102346_545.jpg → similarity: 0.2351
2026-06-23 10:29:06  DEBUG     [classification.py:45]  face_20260623_102755_341.jpg ↔ face_20260623_102529_750.jpg → similarity: 0.3016
2026-06-23 10:29:06  DEBUG     [classification.py:45]  face_20260623_102755_341.jpg ↔ face_20260623_102855_603.jpg → similarity: 0.9337
2026-06-23 10:29:06  DEBUG     [classification.py:45]  face_20260623_102755_341.jpg ↔ face_20260623_102239_668.jpg → similarity: 0.2972
2026-06-23 10:29:06  DEBUG     [classification.py:45]  face_20260623_102755_341.jpg ↔ face_20260623_102745_750.jpg → similarity: 0.1265
2026-06-23 10:29:06  INFO      [classification.py:91]  Created person_2 — reference: face_20260623_102528_749.jpg
2026-06-23 10:29:06  DEBUG     [classification.py:45]  face_20260623_102528_749.jpg ↔ face_20260623_102611_618.jpg → similarity: 0.9998
2026-06-23 10:29:06  INFO      [classification.py:110]    ✔ Copied face_20260623_102611_618.jpg → person_2 (2/7)
2026-06-23 10:29:06  DEBUG     [classification.py:36]  No face match found: face_20260623_102528_749.jpg ↔ face_20260623_102811_829.jpg
2026-06-23 10:29:06  DEBUG     [classification.py:36]  No face match found: face_20260623_102611_618.jpg ↔ face_20260623_102811_829.jpg
2026-06-23 10:29:06  DEBUG     [classification.py:45]  face_20260623_102528_749.jpg ↔ face_20260623_102530_752.jpg → similarity: 0.9998
2026-06-23 10:29:06  INFO      [classification.py:110]    ✔ Copied face_20260623_102530_752.jpg → person_2 (3/7)
2026-06-23 10:29:07  DEBUG     [classification.py:45]  face_20260623_102528_749.jpg ↔ face_20260623_102750_241.jpg → similarity: 0.1889
2026-06-23 10:29:07  DEBUG     [classification.py:45]  face_20260623_102611_618.jpg ↔ face_20260623_102750_241.jpg → similarity: 0.3093
2026-06-23 10:29:07  DEBUG     [classification.py:45]  face_20260623_102530_752.jpg ↔ face_20260623_102750_241.jpg → similarity: 0.2560
2026-06-23 10:29:07  DEBUG     [classification.py:45]  face_20260623_102528_749.jpg ↔ face_20260623_102904_085.jpg → similarity: 0.3041
2026-06-23 10:29:07  DEBUG     [classification.py:45]  face_20260623_102611_618.jpg ↔ face_20260623_102904_085.jpg → similarity: 0.3397
2026-06-23 10:29:07  DEBUG     [classification.py:45]  face_20260623_102530_752.jpg ↔ face_20260623_102904_085.jpg → similarity: 0.3132
2026-06-23 10:29:07  DEBUG     [classification.py:45]  face_20260623_102528_749.jpg ↔ face_20260623_102141_445.jpg → similarity: 0.9980
2026-06-23 10:29:07  INFO      [classification.py:110]    ✔ Copied face_20260623_102141_445.jpg → person_2 (4/7)
2026-06-23 10:29:07  DEBUG     [classification.py:45]  face_20260623_102528_749.jpg ↔ face_20260623_102751_840.jpg → similarity: 0.0751
2026-06-23 10:29:07  DEBUG     [classification.py:45]  face_20260623_102611_618.jpg ↔ face_20260623_102751_840.jpg → similarity: 0.1136
2026-06-23 10:29:07  DEBUG     [classification.py:45]  face_20260623_102530_752.jpg ↔ face_20260623_102751_840.jpg → similarity: 0.0696
2026-06-23 10:29:07  DEBUG     [classification.py:45]  face_20260623_102141_445.jpg ↔ face_20260623_102751_840.jpg → similarity: 0.0649
2026-06-23 10:29:08  DEBUG     [classification.py:45]  face_20260623_102528_749.jpg ↔ face_20260623_102611_113.jpg → similarity: 0.9999
2026-06-23 10:29:08  INFO      [classification.py:110]    ✔ Copied face_20260623_102611_113.jpg → person_2 (5/7)
2026-06-23 10:29:08  DEBUG     [classification.py:45]  face_20260623_102528_749.jpg ↔ face_20260623_102903_590.jpg → similarity: 0.0260
2026-06-23 10:29:08  DEBUG     [classification.py:45]  face_20260623_102611_618.jpg ↔ face_20260623_102903_590.jpg → similarity: 0.0360
2026-06-23 10:29:08  DEBUG     [classification.py:45]  face_20260623_102530_752.jpg ↔ face_20260623_102903_590.jpg → similarity: 0.0169
2026-06-23 10:29:08  DEBUG     [classification.py:45]  face_20260623_102141_445.jpg ↔ face_20260623_102903_590.jpg → similarity: 0.0159
2026-06-23 10:29:08  DEBUG     [classification.py:45]  face_20260623_102611_113.jpg ↔ face_20260623_102903_590.jpg → similarity: 0.0426
2026-06-23 10:29:08  DEBUG     [classification.py:45]  face_20260623_102528_749.jpg ↔ face_20260623_102529_254.jpg → similarity: 1.0000
2026-06-23 10:29:08  INFO      [classification.py:110]    ✔ Copied face_20260623_102529_254.jpg → person_2 (6/7)
2026-06-23 10:29:08  DEBUG     [classification.py:45]  face_20260623_102528_749.jpg ↔ face_20260623_102856_095.jpg → similarity: 0.6567
2026-06-23 10:29:08  DEBUG     [classification.py:45]  face_20260623_102611_618.jpg ↔ face_20260623_102856_095.jpg → similarity: 0.5868
2026-06-23 10:29:08  DEBUG     [classification.py:45]  face_20260623_102530_752.jpg ↔ face_20260623_102856_095.jpg → similarity: 0.4553
2026-06-23 10:29:08  DEBUG     [classification.py:45]  face_20260623_102141_445.jpg ↔ face_20260623_102856_095.jpg → similarity: 0.4000
2026-06-23 10:29:09  DEBUG     [classification.py:45]  face_20260623_102611_113.jpg ↔ face_20260623_102856_095.jpg → similarity: 0.6735
2026-06-23 10:29:09  DEBUG     [classification.py:45]  face_20260623_102529_254.jpg ↔ face_20260623_102856_095.jpg → similarity: 0.7040
2026-06-23 10:29:09  DEBUG     [classification.py:45]  face_20260623_102528_749.jpg ↔ face_20260623_102530_251.jpg → similarity: 0.9999
2026-06-23 10:29:09  INFO      [classification.py:110]    ✔ Copied face_20260623_102530_251.jpg → person_2 (7/7)
2026-06-23 10:29:09  DEBUG     [classification.py:45]  face_20260623_102528_749.jpg ↔ face_20260623_102855_098.jpg → similarity: 0.2639
2026-06-23 10:29:09  DEBUG     [classification.py:45]  face_20260623_102611_618.jpg ↔ face_20260623_102855_098.jpg → similarity: 0.3228
2026-06-23 10:29:09  DEBUG     [classification.py:45]  face_20260623_102530_752.jpg ↔ face_20260623_102855_098.jpg → similarity: 0.2491
2026-06-23 10:29:09  DEBUG     [classification.py:45]  face_20260623_102141_445.jpg ↔ face_20260623_102855_098.jpg → similarity: 0.2159
2026-06-23 10:29:09  DEBUG     [classification.py:45]  face_20260623_102611_113.jpg ↔ face_20260623_102855_098.jpg → similarity: 0.3548
2026-06-23 10:29:09  DEBUG     [classification.py:45]  face_20260623_102529_254.jpg ↔ face_20260623_102855_098.jpg → similarity: 0.2739
2026-06-23 10:29:09  DEBUG     [classification.py:45]  face_20260623_102530_251.jpg ↔ face_20260623_102855_098.jpg → similarity: 0.2997
2026-06-23 10:29:09  DEBUG     [classification.py:45]  face_20260623_102528_749.jpg ↔ face_20260623_102610_613.jpg → similarity: 0.9998
2026-06-23 10:29:09  INFO      [classification.py:112]    ⏭ Matched face_20260623_102610_613.jpg → person_2 (limit reached, skipped copy)
2026-06-23 10:29:10  DEBUG     [classification.py:45]  face_20260623_102528_749.jpg ↔ face_20260623_102817_827.jpg → similarity: 0.6073
2026-06-23 10:29:10  DEBUG     [classification.py:45]  face_20260623_102611_618.jpg ↔ face_20260623_102817_827.jpg → similarity: 0.4626
2026-06-23 10:29:10  DEBUG     [classification.py:45]  face_20260623_102530_752.jpg ↔ face_20260623_102817_827.jpg → similarity: 0.3492
2026-06-23 10:29:10  DEBUG     [classification.py:45]  face_20260623_102141_445.jpg ↔ face_20260623_102817_827.jpg → similarity: 0.3865
2026-06-23 10:29:10  DEBUG     [classification.py:45]  face_20260623_102611_113.jpg ↔ face_20260623_102817_827.jpg → similarity: 0.5656
2026-06-23 10:29:10  DEBUG     [classification.py:45]  face_20260623_102529_254.jpg ↔ face_20260623_102817_827.jpg → similarity: 0.5166
2026-06-23 10:29:10  DEBUG     [classification.py:45]  face_20260623_102530_251.jpg ↔ face_20260623_102817_827.jpg → similarity: 0.4214
2026-06-23 10:29:10  DEBUG     [classification.py:45]  face_20260623_102610_613.jpg ↔ face_20260623_102817_827.jpg → similarity: 0.4616
2026-06-23 10:29:10  DEBUG     [classification.py:45]  face_20260623_102528_749.jpg ↔ face_20260623_102346_545.jpg → similarity: 0.9999
2026-06-23 10:29:10  INFO      [classification.py:112]    ⏭ Matched face_20260623_102346_545.jpg → person_2 (limit reached, skipped copy)
2026-06-23 10:29:10  DEBUG     [classification.py:45]  face_20260623_102528_749.jpg ↔ face_20260623_102529_750.jpg → similarity: 1.0000
2026-06-23 10:29:10  INFO      [classification.py:112]    ⏭ Matched face_20260623_102529_750.jpg → person_2 (limit reached, skipped copy)
2026-06-23 10:29:10  DEBUG     [classification.py:45]  face_20260623_102528_749.jpg ↔ face_20260623_102855_603.jpg → similarity: 0.4394
2026-06-23 10:29:11  DEBUG     [classification.py:45]  face_20260623_102611_618.jpg ↔ face_20260623_102855_603.jpg → similarity: 0.4720
2026-06-23 10:29:11  DEBUG     [classification.py:45]  face_20260623_102530_752.jpg ↔ face_20260623_102855_603.jpg → similarity: 0.4400
2026-06-23 10:29:11  DEBUG     [classification.py:45]  face_20260623_102141_445.jpg ↔ face_20260623_102855_603.jpg → similarity: 0.3692
2026-06-23 10:29:11  DEBUG     [classification.py:45]  face_20260623_102611_113.jpg ↔ face_20260623_102855_603.jpg → similarity: 0.5587
2026-06-23 10:29:11  DEBUG     [classification.py:45]  face_20260623_102529_254.jpg ↔ face_20260623_102855_603.jpg → similarity: 0.4703
2026-06-23 10:29:11  DEBUG     [classification.py:45]  face_20260623_102530_251.jpg ↔ face_20260623_102855_603.jpg → similarity: 0.4330
2026-06-23 10:29:11  DEBUG     [classification.py:45]  face_20260623_102610_613.jpg ↔ face_20260623_102855_603.jpg → similarity: 0.4814
2026-06-23 10:29:11  DEBUG     [classification.py:45]  face_20260623_102346_545.jpg ↔ face_20260623_102855_603.jpg → similarity: 0.3743
2026-06-23 10:29:11  DEBUG     [classification.py:45]  face_20260623_102529_750.jpg ↔ face_20260623_102855_603.jpg → similarity: 0.4357
2026-06-23 10:29:11  DEBUG     [classification.py:45]  face_20260623_102528_749.jpg ↔ face_20260623_102239_668.jpg → similarity: 0.4157
2026-06-23 10:29:11  DEBUG     [classification.py:45]  face_20260623_102611_618.jpg ↔ face_20260623_102239_668.jpg → similarity: 0.6214
2026-06-23 10:29:12  DEBUG     [classification.py:45]  face_20260623_102530_752.jpg ↔ face_20260623_102239_668.jpg → similarity: 0.6187
2026-06-23 10:29:12  DEBUG     [classification.py:45]  face_20260623_102141_445.jpg ↔ face_20260623_102239_668.jpg → similarity: 0.5744
2026-06-23 10:29:12  DEBUG     [classification.py:45]  face_20260623_102611_113.jpg ↔ face_20260623_102239_668.jpg → similarity: 0.5734
2026-06-23 10:29:12  DEBUG     [classification.py:45]  face_20260623_102529_254.jpg ↔ face_20260623_102239_668.jpg → similarity: 0.4410
2026-06-23 10:29:12  DEBUG     [classification.py:45]  face_20260623_102530_251.jpg ↔ face_20260623_102239_668.jpg → similarity: 0.6243
2026-06-23 10:29:12  DEBUG     [classification.py:45]  face_20260623_102610_613.jpg ↔ face_20260623_102239_668.jpg → similarity: 0.6703
2026-06-23 10:29:12  DEBUG     [classification.py:45]  face_20260623_102346_545.jpg ↔ face_20260623_102239_668.jpg → similarity: 0.5393
2026-06-23 10:29:12  DEBUG     [classification.py:45]  face_20260623_102529_750.jpg ↔ face_20260623_102239_668.jpg → similarity: 0.5074
2026-06-23 10:29:12  DEBUG     [classification.py:45]  face_20260623_102528_749.jpg ↔ face_20260623_102745_750.jpg → similarity: 0.0498
2026-06-23 10:29:13  DEBUG     [classification.py:45]  face_20260623_102611_618.jpg ↔ face_20260623_102745_750.jpg → similarity: 0.0802
2026-06-23 10:29:13  DEBUG     [classification.py:45]  face_20260623_102530_752.jpg ↔ face_20260623_102745_750.jpg → similarity: 0.0290
2026-06-23 10:29:13  DEBUG     [classification.py:45]  face_20260623_102141_445.jpg ↔ face_20260623_102745_750.jpg → similarity: 0.0289
2026-06-23 10:29:13  DEBUG     [classification.py:45]  face_20260623_102611_113.jpg ↔ face_20260623_102745_750.jpg → similarity: 0.0952
2026-06-23 10:29:13  DEBUG     [classification.py:45]  face_20260623_102529_254.jpg ↔ face_20260623_102745_750.jpg → similarity: 0.0522
2026-06-23 10:29:13  DEBUG     [classification.py:45]  face_20260623_102530_251.jpg ↔ face_20260623_102745_750.jpg → similarity: 0.0467
2026-06-23 10:29:13  DEBUG     [classification.py:45]  face_20260623_102610_613.jpg ↔ face_20260623_102745_750.jpg → similarity: 0.0744
2026-06-23 10:29:13  DEBUG     [classification.py:45]  face_20260623_102346_545.jpg ↔ face_20260623_102745_750.jpg → similarity: 0.0634
2026-06-23 10:29:13  DEBUG     [classification.py:45]  face_20260623_102529_750.jpg ↔ face_20260623_102745_750.jpg → similarity: 0.0399
2026-06-23 10:29:13  INFO      [classification.py:91]  Created person_3 — reference: face_20260623_102811_829.jpg
2026-06-23 10:29:13  DEBUG     [classification.py:36]  No face match found: face_20260623_102811_829.jpg ↔ face_20260623_102750_241.jpg
2026-06-23 10:29:13  DEBUG     [classification.py:36]  No face match found: face_20260623_102811_829.jpg ↔ face_20260623_102904_085.jpg
2026-06-23 10:29:13  DEBUG     [classification.py:36]  No face match found: face_20260623_102811_829.jpg ↔ face_20260623_102751_840.jpg
2026-06-23 10:29:13  DEBUG     [classification.py:36]  No face match found: face_20260623_102811_829.jpg ↔ face_20260623_102903_590.jpg
2026-06-23 10:29:13  DEBUG     [classification.py:36]  No face match found: face_20260623_102811_829.jpg ↔ face_20260623_102856_095.jpg
2026-06-23 10:29:13  DEBUG     [classification.py:36]  No face match found: face_20260623_102811_829.jpg ↔ face_20260623_102855_098.jpg
2026-06-23 10:29:13  DEBUG     [classification.py:36]  No face match found: face_20260623_102811_829.jpg ↔ face_20260623_102817_827.jpg
2026-06-23 10:29:13  DEBUG     [classification.py:36]  No face match found: face_20260623_102811_829.jpg ↔ face_20260623_102855_603.jpg
2026-06-23 10:29:13  DEBUG     [classification.py:36]  No face match found: face_20260623_102811_829.jpg ↔ face_20260623_102239_668.jpg
2026-06-23 10:29:13  DEBUG     [classification.py:36]  No face match found: face_20260623_102811_829.jpg ↔ face_20260623_102745_750.jpg
2026-06-23 10:29:13  INFO      [classification.py:91]  Created person_4 — reference: face_20260623_102750_241.jpg
2026-06-23 10:29:14  DEBUG     [classification.py:45]  face_20260623_102750_241.jpg ↔ face_20260623_102904_085.jpg → similarity: 0.8501
2026-06-23 10:29:14  DEBUG     [classification.py:45]  face_20260623_102750_241.jpg ↔ face_20260623_102751_840.jpg → similarity: 0.1425
2026-06-23 10:29:14  DEBUG     [classification.py:45]  face_20260623_102750_241.jpg ↔ face_20260623_102903_590.jpg → similarity: 0.0267
2026-06-23 10:29:14  DEBUG     [classification.py:45]  face_20260623_102750_241.jpg ↔ face_20260623_102856_095.jpg → similarity: 0.6895
2026-06-23 10:29:14  DEBUG     [classification.py:45]  face_20260623_102750_241.jpg ↔ face_20260623_102855_098.jpg → similarity: 0.3123
2026-06-23 10:29:14  DEBUG     [classification.py:45]  face_20260623_102750_241.jpg ↔ face_20260623_102817_827.jpg → similarity: 0.5111
2026-06-23 10:29:14  DEBUG     [classification.py:45]  face_20260623_102750_241.jpg ↔ face_20260623_102855_603.jpg → similarity: 0.7677
2026-06-23 10:29:14  DEBUG     [classification.py:45]  face_20260623_102750_241.jpg ↔ face_20260623_102239_668.jpg → similarity: 0.4592
2026-06-23 10:29:14  DEBUG     [classification.py:45]  face_20260623_102750_241.jpg ↔ face_20260623_102745_750.jpg → similarity: 0.0934
2026-06-23 10:29:14  INFO      [classification.py:91]  Created person_5 — reference: face_20260623_102904_085.jpg
2026-06-23 10:29:14  DEBUG     [classification.py:45]  face_20260623_102904_085.jpg ↔ face_20260623_102751_840.jpg → similarity: 0.1062
2026-06-23 10:29:14  DEBUG     [classification.py:45]  face_20260623_102904_085.jpg ↔ face_20260623_102903_590.jpg → similarity: 0.0506
2026-06-23 10:29:15  DEBUG     [classification.py:45]  face_20260623_102904_085.jpg ↔ face_20260623_102856_095.jpg → similarity: 0.9934
2026-06-23 10:29:15  INFO      [classification.py:110]    ✔ Copied face_20260623_102856_095.jpg → person_5 (2/7)
2026-06-23 10:29:15  DEBUG     [classification.py:45]  face_20260623_102904_085.jpg ↔ face_20260623_102855_098.jpg → similarity: 0.7428
2026-06-23 10:29:15  DEBUG     [classification.py:45]  face_20260623_102856_095.jpg ↔ face_20260623_102855_098.jpg → similarity: 0.5076
2026-06-23 10:29:15  DEBUG     [classification.py:45]  face_20260623_102904_085.jpg ↔ face_20260623_102817_827.jpg → similarity: 0.9427
2026-06-23 10:29:15  DEBUG     [classification.py:45]  face_20260623_102856_095.jpg ↔ face_20260623_102817_827.jpg → similarity: 0.9861
2026-06-23 10:29:15  INFO      [classification.py:110]    ✔ Copied face_20260623_102817_827.jpg → person_5 (3/7)
2026-06-23 10:29:15  DEBUG     [classification.py:45]  face_20260623_102904_085.jpg ↔ face_20260623_102855_603.jpg → similarity: 0.9849
2026-06-23 10:29:15  INFO      [classification.py:110]    ✔ Copied face_20260623_102855_603.jpg → person_5 (4/7)
2026-06-23 10:29:15  DEBUG     [classification.py:45]  face_20260623_102904_085.jpg ↔ face_20260623_102239_668.jpg → similarity: 0.5600
2026-06-23 10:29:15  DEBUG     [classification.py:45]  face_20260623_102856_095.jpg ↔ face_20260623_102239_668.jpg → similarity: 0.4002
2026-06-23 10:29:15  DEBUG     [classification.py:45]  face_20260623_102817_827.jpg ↔ face_20260623_102239_668.jpg → similarity: 0.5552
2026-06-23 10:29:15  DEBUG     [classification.py:45]  face_20260623_102855_603.jpg ↔ face_20260623_102239_668.jpg → similarity: 0.3680
2026-06-23 10:29:15  DEBUG     [classification.py:45]  face_20260623_102904_085.jpg ↔ face_20260623_102745_750.jpg → similarity: 0.1713
2026-06-23 10:29:16  DEBUG     [classification.py:45]  face_20260623_102856_095.jpg ↔ face_20260623_102745_750.jpg → similarity: 0.2162
2026-06-23 10:29:16  DEBUG     [classification.py:45]  face_20260623_102817_827.jpg ↔ face_20260623_102745_750.jpg → similarity: 0.1945
2026-06-23 10:29:16  DEBUG     [classification.py:45]  face_20260623_102855_603.jpg ↔ face_20260623_102745_750.jpg → similarity: 0.2061
2026-06-23 10:29:16  INFO      [classification.py:91]  Created person_6 — reference: face_20260623_102751_840.jpg
2026-06-23 10:29:16  DEBUG     [classification.py:45]  face_20260623_102751_840.jpg ↔ face_20260623_102903_590.jpg → similarity: 0.8676
2026-06-23 10:29:16  DEBUG     [classification.py:45]  face_20260623_102751_840.jpg ↔ face_20260623_102855_098.jpg → similarity: 0.2219
2026-06-23 10:29:16  DEBUG     [classification.py:45]  face_20260623_102751_840.jpg ↔ face_20260623_102239_668.jpg → similarity: 0.4389
2026-06-23 10:29:16  DEBUG     [classification.py:45]  face_20260623_102751_840.jpg ↔ face_20260623_102745_750.jpg → similarity: 0.9979
2026-06-23 10:29:16  INFO      [classification.py:110]    ✔ Copied face_20260623_102745_750.jpg → person_6 (2/7)
2026-06-23 10:29:16  INFO      [classification.py:91]  Created person_7 — reference: face_20260623_102903_590.jpg
2026-06-23 10:29:16  DEBUG     [classification.py:45]  face_20260623_102903_590.jpg ↔ face_20260623_102855_098.jpg → similarity: 0.0262
2026-06-23 10:29:16  DEBUG     [classification.py:45]  face_20260623_102903_590.jpg ↔ face_20260623_102239_668.jpg → similarity: 0.1330
2026-06-23 10:29:16  INFO      [classification.py:91]  Created person_8 — reference: face_20260623_102855_098.jpg
2026-06-23 10:29:16  DEBUG     [classification.py:45]  face_20260623_102855_098.jpg ↔ face_20260623_102239_668.jpg → similarity: 0.4605
2026-06-23 10:29:16  INFO      [classification.py:91]  Created person_9 — reference: face_20260623_102239_668.jpg
2026-06-23 10:29:16  INFO      [classification.py:119]  Classification complete — 9 person(s) found for calendar 2109.
2026-06-23 10:29:16  DEBUG     [client.py:48]  POST https://192.168.1.249:5004/scl/store-classified-folders/2109
2026-06-23 10:29:16  ERROR     [client.py:59]  HTTP error on POST https://192.168.1.249:5004/scl/store-classified-folders/2109: 404
2026-06-23 10:29:16  ERROR     [student_service.py:29]  Failed to store classified folders for calendar 2109: 404 Client Error: NOT FOUND for url: https://192.168.1.249:5004/scl/store-classified-folders/2109
2026-06-23 10:29:16  DEBUG     [client.py:31]  GET https://192.168.1.249:5004/scl/get-attendance/2109
2026-06-23 10:29:16  INFO      [student_service.py:11]  Found 2 student(s) for calendar 2109
2026-06-23 10:29:16  INFO      [main.py:156]  Already present students (real-time): {'683'}
2026-06-23 10:29:16  DEBUG     [client.py:48]  POST https://192.168.1.249:5004/scl/update-attendance-student/9564
2026-06-23 10:29:16  INFO      [attendance_service.py:13]  Attendance 9564 updated - present: False.
2026-06-23 10:29:16  INFO      [main.py:180]  Student 3 marked absent.
2026-06-23 10:29:16  INFO      [main.py:175]  Student 683 already present — skipping.
2026-06-23 10:29:16  INFO      [main.py:184]  Unenrolling remaining students for calendar 2109...
2026-06-23 10:29:16  INFO      [recognition.py:115]  Unenrolled student 3 from CompreFace.
2026-06-23 10:29:16  INFO      [recognition.py:115]  Unenrolled student 683 from CompreFace.
2026-06-23 10:29:16  INFO      [dataset_cleaner.py:19]  Deleted face_crops for session 2109.
2026-06-23 10:29:16  INFO      [main.py:191]  Calendar 2109 completed.
2026-06-23 10:29:26  INFO      [main.py:53]  Checking calendars at 10:29:26
2026-06-23 10:29:26  DEBUG     [client.py:31]  GET https://192.168.1.249:5004/scl/get-all-calender
2026-06-23 10:29:27  INFO      [calendar_service.py:44]  Fetched 4 valid session(s).
2026-06-23 10:29:27  INFO      [main.py:67]  Calendar 2108 already ended — skipping.
2026-06-23 10:29:27  INFO      [main.py:67]  Calendar 2108 already ended — skipping.
2026-06-23 10:29:37  INFO      [main.py:53]  Checking calendars at 10:29:37
2026-06-23 10:29:37  DEBUG     [client.py:31]  GET https://192.168.1.249:5004/scl/get-all-calender
2026-06-23 10:29:37  INFO      [calendar_service.py:44]  Fetched 4 valid session(s).
2026-06-23 10:29:37  INFO      [main.py:67]  Calendar 2108 already ended — skipping.
2026-06-23 10:29:37  INFO      [main.py:67]  Calendar 2108 already ended — skipping.
2026-06-23 10:29:47  INFO      [main.py:53]  Checking calendars at 10:29:47
2026-06-23 10:29:47  DEBUG     [client.py:31]  GET https://192.168.1.249:5004/scl/get-all-calender
2026-06-23 10:29:47  INFO      [calendar_service.py:44]  Fetched 4 valid session(s).
2026-06-23 10:29:47  INFO      [main.py:67]  Calendar 2108 already ended — skipping.
2026-06-23 10:29:47  INFO      [main.py:67]  Calendar 2108 already ended — skipping.
2026-06-23 10:29:57  INFO      [main.py:53]  Checking calendars at 10:29:57
2026-06-23 10:29:57  DEBUG     [client.py:31]  GET https://192.168.1.249:5004/scl/get-all-calender
2026-06-23 10:29:57  INFO      [calendar_service.py:44]  Fetched 4 valid session(s).
2026-06-23 10:29:57  INFO      [main.py:67]  Calendar 2108 already ended — skipping.
2026-06-23 10:29:57  INFO      [main.py:67]  Calendar 2108 already ended — skipping.
2026-06-23 10:30:07  INFO      [main.py:53]  Checking calendars at 10:30:07
2026-06-23 10:30:07  DEBUG     [client.py:31]  GET https://192.168.1.249:5004/scl/get-all-calender
2026-06-23 10:30:07  INFO      [calendar_service.py:44]  Fetched 4 valid session(s).
2026-06-23 10:30:07  INFO      [main.py:67]  Calendar 2108 already ended — skipping.
2026-06-23 10:30:07  INFO      [main.py:67]  Calendar 2108 already ended — skipping.
2026-06-23 10:30:17  INFO      [main.py:53]  Checking calendars at 10:30:17
2026-06-23 10:30:17  DEBUG     [client.py:31]  GET https://192.168.1.249:5004/scl/get-all-calender
2026-06-23 10:30:17  INFO      [calendar_service.py:44]  Fetched 4 valid session(s).
2026-06-23 10:30:17  INFO      [main.py:67]  Calendar 2108 already ended — skipping.
2026-06-23 10:30:17  INFO      [main.py:67]  Calendar 2108 already ended — skipping.
2026-06-23 10:30:27  INFO      [main.py:53]  Checking calendars at 10:30:27
2026-06-23 10:30:27  DEBUG     [client.py:31]  GET https://192.168.1.249:5004/scl/get-all-calender
2026-06-23 10:30:27  INFO      [calendar_service.py:44]  Fetched 4 valid session(s).
2026-06-23 10:30:27  INFO      [main.py:67]  Calendar 2108 already ended — skipping.
2026-06-23 10:30:27  INFO      [main.py:67]  Calendar 2108 already ended — skipping.
2026-06-23 10:30:37  INFO      [main.py:53]  Checking calendars at 10:30:37
2026-06-23 10:30:37  DEBUG     [client.py:31]  GET https://192.168.1.249:5004/scl/get-all-calender
2026-06-23 10:30:37  INFO      [calendar_service.py:44]  Fetched 4 valid session(s).
2026-06-23 10:30:37  INFO      [main.py:67]  Calendar 2108 already ended — skipping.
2026-06-23 10:30:37  INFO      [main.py:67]  Calendar 2108 already ended — skipping.
2026-06-23 10:30:47  INFO      [main.py:53]  Checking calendars at 10:30:47
2026-06-23 10:30:47  DEBUG     [client.py:31]  GET https://192.168.1.249:5004/scl/get-all-calender
2026-06-23 10:30:47  INFO      [calendar_service.py:44]  Fetched 4 valid session(s).
2026-06-23 10:30:47  INFO      [main.py:67]  Calendar 2108 already ended — skipping.
2026-06-23 10:30:47  INFO      [main.py:67]  Calendar 2108 already ended — skipping.
2026-06-23 10:30:57  INFO      [main.py:53]  Checking calendars at 10:30:57
2026-06-23 10:30:57  DEBUG     [client.py:31]  GET https://192.168.1.249:5004/scl/get-all-calender
2026-06-23 10:30:57  INFO      [calendar_service.py:44]  Fetched 4 valid session(s).
2026-06-23 10:30:57  INFO      [main.py:67]  Calendar 2108 already ended — skipping.
2026-06-23 10:30:57  INFO      [main.py:67]  Calendar 2108 already ended — skipping.
2026-06-23 10:31:07  INFO      [main.py:53]  Checking calendars at 10:31:07
2026-06-23 10:31:07  DEBUG     [client.py:31]  GET https://192.168.1.249:5004/scl/get-all-calender
2026-06-23 10:31:07  INFO      [calendar_service.py:44]  Fetched 4 valid session(s).
2026-06-23 10:31:07  INFO      [main.py:67]  Calendar 2108 already ended — skipping.
2026-06-23 10:31:07  INFO      [main.py:67]  Calendar 2108 already ended — skipping.
2026-06-23 10:31:17  INFO      [main.py:53]  Checking calendars at 10:31:17
2026-06-23 10:31:17  DEBUG     [client.py:31]  GET https://192.168.1.249:5004/scl/get-all-calender
2026-06-23 10:31:17  INFO      [calendar_service.py:44]  Fetched 4 valid session(s).
2026-06-23 10:31:17  INFO      [main.py:67]  Calendar 2108 already ended — skipping.
2026-06-23 10:31:17  INFO      [main.py:67]  Calendar 2108 already ended — skipping.
2026-06-23 10:31:27  INFO      [main.py:53]  Checking calendars at 10:31:27
2026-06-23 10:31:27  DEBUG     [client.py:31]  GET https://192.168.1.249:5004/scl/get-all-calender
2026-06-23 10:31:27  INFO      [calendar_service.py:44]  Fetched 4 valid session(s).
2026-06-23 10:31:27  INFO      [main.py:67]  Calendar 2108 already ended — skipping.
2026-06-23 10:31:27  INFO      [main.py:67]  Calendar 2108 already ended — skipping.
2026-06-23 10:31:37  INFO      [main.py:53]  Checking calendars at 10:31:37
2026-06-23 10:31:37  DEBUG     [client.py:31]  GET https://192.168.1.249:5004/scl/get-all-calender
2026-06-23 10:31:37  INFO      [calendar_service.py:44]  Fetched 4 valid session(s).
2026-06-23 10:31:37  INFO      [main.py:67]  Calendar 2108 already ended — skipping.
2026-06-23 10:31:37  INFO      [main.py:67]  Calendar 2108 already ended — skipping.
2026-06-23 10:31:47  INFO      [main.py:53]  Checking calendars at 10:31:47
2026-06-23 10:31:47  DEBUG     [client.py:31]  GET https://192.168.1.249:5004/scl/get-all-calender
2026-06-23 10:31:47  INFO      [calendar_service.py:44]  Fetched 4 valid session(s).
2026-06-23 10:31:47  INFO      [main.py:67]  Calendar 2108 already ended — skipping.
2026-06-23 10:31:47  INFO      [main.py:67]  Calendar 2108 already ended — skipping.
2026-06-23 10:31:57  INFO      [main.py:53]  Checking calendars at 10:31:57
2026-06-23 10:31:57  DEBUG     [client.py:31]  GET https://192.168.1.249:5004/scl/get-all-calender
2026-06-23 10:31:57  INFO      [calendar_service.py:44]  Fetched 4 valid session(s).
2026-06-23 10:31:57  INFO      [main.py:67]  Calendar 2108 already ended — skipping.
2026-06-23 10:31:57  INFO      [main.py:67]  Calendar 2108 already ended — skipping.
2026-06-23 10:32:07  INFO      [main.py:53]  Checking calendars at 10:32:07
2026-06-23 10:32:07  DEBUG     [client.py:31]  GET https://192.168.1.249:5004/scl/get-all-calender
2026-06-23 10:32:07  INFO      [calendar_service.py:44]  Fetched 4 valid session(s).
2026-06-23 10:32:07  INFO      [main.py:67]  Calendar 2108 already ended — skipping.
2026-06-23 10:32:07  INFO      [main.py:67]  Calendar 2108 already ended — skipping.
2026-06-23 10:32:17  INFO      [main.py:53]  Checking calendars at 10:32:17
2026-06-23 10:32:17  DEBUG     [client.py:31]  GET https://192.168.1.249:5004/scl/get-all-calender
2026-06-23 10:32:17  INFO      [calendar_service.py:44]  Fetched 4 valid session(s).
2026-06-23 10:32:17  INFO      [main.py:67]  Calendar 2108 already ended — skipping.
2026-06-23 10:32:17  INFO      [main.py:67]  Calendar 2108 already ended — skipping.
2026-06-23 10:32:27  INFO      [main.py:53]  Checking calendars at 10:32:27
2026-06-23 10:32:27  DEBUG     [client.py:31]  GET https://192.168.1.249:5004/scl/get-all-calender
2026-06-23 10:32:27  INFO      [calendar_service.py:44]  Fetched 4 valid session(s).
2026-06-23 10:32:27  INFO      [main.py:67]  Calendar 2108 already ended — skipping.
2026-06-23 10:32:27  INFO      [main.py:67]  Calendar 2108 already ended — skipping.
2026-06-23 10:32:37  INFO      [main.py:53]  Checking calendars at 10:32:37
2026-06-23 10:32:37  DEBUG     [client.py:31]  GET https://192.168.1.249:5004/scl/get-all-calender
2026-06-23 10:32:37  INFO      [calendar_service.py:44]  Fetched 4 valid session(s).
2026-06-23 10:32:37  INFO      [main.py:67]  Calendar 2108 already ended — skipping.
2026-06-23 10:32:37  INFO      [main.py:67]  Calendar 2108 already ended — skipping.
2026-06-23 10:32:47  INFO      [main.py:53]  Checking calendars at 10:32:47
2026-06-23 10:32:47  DEBUG     [client.py:31]  GET https://192.168.1.249:5004/scl/get-all-calender
2026-06-23 10:32:47  INFO      [calendar_service.py:44]  Fetched 4 valid session(s).
2026-06-23 10:32:47  INFO      [main.py:67]  Calendar 2108 already ended — skipping.
2026-06-23 10:32:47  INFO      [main.py:67]  Calendar 2108 already ended — skipping.
2026-06-23 10:32:58  INFO      [main.py:53]  Checking calendars at 10:32:58
2026-06-23 10:32:58  DEBUG     [client.py:31]  GET https://192.168.1.249:5004/scl/get-all-calender
2026-06-23 10:32:58  INFO      [calendar_service.py:44]  Fetched 4 valid session(s).
2026-06-23 10:32:58  INFO      [main.py:67]  Calendar 2108 already ended — skipping.
2026-06-23 10:32:58  INFO      [main.py:67]  Calendar 2108 already ended — skipping.
2026-06-23 10:33:08  INFO      [main.py:53]  Checking calendars at 10:33:08
2026-06-23 10:33:08  DEBUG     [client.py:31]  GET https://192.168.1.249:5004/scl/get-all-calender
2026-06-23 10:33:08  INFO      [calendar_service.py:44]  Fetched 4 valid session(s).
2026-06-23 10:33:08  INFO      [main.py:67]  Calendar 2108 already ended — skipping.
2026-06-23 10:33:08  INFO      [main.py:67]  Calendar 2108 already ended — skipping.
2026-06-23 10:33:18  INFO      [main.py:53]  Checking calendars at 10:33:18
2026-06-23 10:33:18  DEBUG     [client.py:31]  GET https://192.168.1.249:5004/scl/get-all-calender
2026-06-23 10:33:18  INFO      [calendar_service.py:44]  Fetched 4 valid session(s).
2026-06-23 10:33:18  INFO      [main.py:67]  Calendar 2108 already ended — skipping.
2026-06-23 10:33:18  INFO      [main.py:67]  Calendar 2108 already ended — skipping.
2026-06-23 10:33:28  INFO      [main.py:53]  Checking calendars at 10:33:28
2026-06-23 10:33:28  DEBUG     [client.py:31]  GET https://192.168.1.249:5004/scl/get-all-calender
2026-06-23 10:33:28  INFO      [calendar_service.py:44]  Fetched 4 valid session(s).
2026-06-23 10:33:28  INFO      [main.py:67]  Calendar 2108 already ended — skipping.
2026-06-23 10:33:28  INFO      [main.py:67]  Calendar 2108 already ended — skipping.
2026-06-23 10:33:38  INFO      [main.py:53]  Checking calendars at 10:33:38
2026-06-23 10:33:38  DEBUG     [client.py:31]  GET https://192.168.1.249:5004/scl/get-all-calender
2026-06-23 10:33:38  INFO      [calendar_service.py:44]  Fetched 4 valid session(s).
2026-06-23 10:33:38  INFO      [main.py:67]  Calendar 2108 already ended — skipping.
2026-06-23 10:33:38  INFO      [main.py:67]  Calendar 2108 already ended — skipping.
2026-06-23 10:34:28  INFO      [main.py:33]  Server is starting...
2026-06-23 10:34:28  INFO      [auth_service.py:23]  Login successful.
2026-06-23 10:34:28  INFO      [main.py:53]  Checking calendars at 10:34:28
2026-06-23 10:34:28  DEBUG     [client.py:31]  GET https://192.168.1.249:5004/scl/get-all-calender
2026-06-23 10:34:28  INFO      [calendar_service.py:44]  Fetched 4 valid session(s).
2026-06-23 10:34:28  INFO      [main.py:67]  Calendar 2108 already ended — skipping.
2026-06-23 10:34:28  INFO      [main.py:67]  Calendar 2108 already ended — skipping.
2026-06-23 10:34:28  INFO      [main.py:67]  Calendar 2109 already ended — skipping.
2026-06-23 10:34:28  INFO      [main.py:67]  Calendar 2109 already ended — skipping.
2026-06-23 10:34:38  INFO      [main.py:53]  Checking calendars at 10:34:38
2026-06-23 10:34:38  DEBUG     [client.py:31]  GET https://192.168.1.249:5004/scl/get-all-calender
2026-06-23 10:34:38  INFO      [calendar_service.py:44]  Fetched 4 valid session(s).
2026-06-23 10:34:38  INFO      [main.py:67]  Calendar 2108 already ended — skipping.
2026-06-23 10:34:38  INFO      [main.py:67]  Calendar 2108 already ended — skipping.
2026-06-23 10:34:38  INFO      [main.py:67]  Calendar 2109 already ended — skipping.
2026-06-23 10:34:38  INFO      [main.py:67]  Calendar 2109 already ended — skipping.
2026-06-23 10:34:48  INFO      [main.py:53]  Checking calendars at 10:34:48
2026-06-23 10:34:48  DEBUG     [client.py:31]  GET https://192.168.1.249:5004/scl/get-all-calender
2026-06-23 10:34:48  INFO      [calendar_service.py:44]  Fetched 4 valid session(s).
2026-06-23 10:34:48  INFO      [main.py:67]  Calendar 2108 already ended — skipping.
2026-06-23 10:34:48  INFO      [main.py:67]  Calendar 2108 already ended — skipping.
2026-06-23 10:34:48  INFO      [main.py:67]  Calendar 2109 already ended — skipping.
2026-06-23 10:34:48  INFO      [main.py:67]  Calendar 2109 already ended — skipping.
2026-06-23 10:34:58  INFO      [main.py:53]  Checking calendars at 10:34:58
2026-06-23 10:34:58  DEBUG     [client.py:31]  GET https://192.168.1.249:5004/scl/get-all-calender
2026-06-23 10:34:58  INFO      [calendar_service.py:44]  Fetched 6 valid session(s).
2026-06-23 10:34:58  INFO      [main.py:67]  Calendar 2108 already ended — skipping.
2026-06-23 10:34:58  INFO      [main.py:67]  Calendar 2108 already ended — skipping.
2026-06-23 10:34:58  INFO      [main.py:67]  Calendar 2109 already ended — skipping.
2026-06-23 10:34:58  INFO      [main.py:67]  Calendar 2109 already ended — skipping.
2026-06-23 10:34:58  INFO      [main.py:90]  Processing calendar 2110 in room 7...
2026-06-23 10:34:58  DEBUG     [client.py:31]  GET https://192.168.1.249:5004/scl/get-all-camera-room/7
2026-06-23 10:34:58  INFO      [camera_service.py:11]  Fond 1 camera(s) in room7.
2026-06-23 10:34:58  DEBUG     [client.py:31]  GET https://192.168.1.249:5004/scl/get-attendance/2110
2026-06-23 10:34:58  INFO      [student_service.py:11]  Found 2 student(s) for calendar 2110
2026-06-23 10:34:58  INFO      [main.py:103]  Enrolling students for calendar 2110...
2026-06-23 10:34:58  INFO      [recognition.py:42]  Found 0 subject(s) already enrolled in CompreFace.
2026-06-23 10:34:58  INFO      [recognition.py:90]  Enrolled image face_20260107_095726_913.jpg for student 3.
2026-06-23 10:34:58  INFO      [recognition.py:90]  Enrolled image face_20260107_095605_990.jpg for student 3.
2026-06-23 10:34:58  INFO      [recognition.py:90]  Enrolled image face_20260107_095724_366.jpg for student 3.
2026-06-23 10:34:58  INFO      [recognition.py:90]  Enrolled image face_20260107_100121_984.jpg for student 3.
2026-06-23 10:34:59  INFO      [recognition.py:90]  Enrolled image face_20250722_113315.jpg for student 3.
2026-06-23 10:34:59  INFO      [recognition.py:90]  Enrolled image face_20250715_133750.jpg for student 3.
2026-06-23 10:34:59  INFO      [recognition.py:90]  Enrolled image face_20260107_095703_836.jpg for student 3.
2026-06-23 10:34:59  WARNING   [recognition.py:63]  Student 683 — ref_img folder not found: ../server_local_api/uploads/user_img/user_683/ref_img
2026-06-23 10:34:59  INFO      [recognition.py:98]  Enrollment complete — 1/2 student(s) enrolled.
2026-06-23 10:34:59  INFO      [detector.py:17]  Starting detection for calendar 2110 in room 7...
2026-06-23 10:34:59  INFO      [detector.py:75]  Starting webcam process — device: /dev/video0
2026-06-23 10:34:59  INFO      [detector.py:105]  Started 2 process(es) for calendar 2110 (1 camera(s) + 1 recognition worker).
2026-06-23 10:34:59  INFO      [main.py:132]  Calendar 2110 started — 2 process(es) running.
2026-06-23 10:34:59  INFO      [main.py:87]  Calendar 2110 already started — skipping.
2026-06-23 10:34:59  INFO      [main.py:194]  Calendar 2110 still running (2m 1s remaining).
2026-06-23 10:34:59  INFO      [main.py:206]  Active calendars: [2110]
2026-06-23 10:34:59  INFO      [recognition_worker.py:38]  Recognition worker started for calendar 2110 — 2 student(s) to recognize.
2026-06-23 10:34:59  INFO      [camera.py:126]  CUDA is available — using GPU.
2026-06-23 10:34:59  INFO      [camera.py:135]  YOLO model loaded successfully.
2026-06-23 10:34:59  INFO      [session.py:29]  Created dataset folders for calendar 2110.
2026-06-23 10:34:59  INFO      [camera.py:182]  Connecting to webcam: /dev/video0
2026-06-23 10:34:59  INFO      [camera.py:207]  Connected to webcam — running face detection...
2026-06-23 10:35:01  INFO      [camera.py:47]  Initializing InsightFace quality checker...
2026-06-23 10:35:02  INFO      [camera.py:51]  InsightFace ready on GPU.
2026-06-23 10:35:05  DEBUG     [camera.py:96]  Rejected — InsightFace found no face.
2026-06-23 10:35:05  INFO      [camera.py:265]  Face detected — YOLO conf: 0.892 — quality score: 0.0 — good: False
2026-06-23 10:35:05  DEBUG     [camera.py:82]  Rejected — too blurry (blur score: 28.4)
2026-06-23 10:35:05  INFO      [camera.py:265]  Face detected — YOLO conf: 0.781 — quality score: 0.0 — good: False
2026-06-23 10:35:05  DEBUG     [camera.py:96]  Rejected — InsightFace found no face.
2026-06-23 10:35:05  INFO      [camera.py:265]  Face detected — YOLO conf: 0.865 — quality score: 0.0 — good: False
2026-06-23 10:35:06  DEBUG     [camera.py:96]  Rejected — InsightFace found no face.
2026-06-23 10:35:06  INFO      [camera.py:265]  Face detected — YOLO conf: 0.894 — quality score: 0.0 — good: False
2026-06-23 10:35:07  DEBUG     [camera.py:96]  Rejected — InsightFace found no face.
2026-06-23 10:35:07  INFO      [camera.py:265]  Face detected — YOLO conf: 0.876 — quality score: 0.0 — good: False
2026-06-23 10:35:07  DEBUG     [camera.py:96]  Rejected — InsightFace found no face.
2026-06-23 10:35:07  INFO      [camera.py:265]  Face detected — YOLO conf: 0.899 — quality score: 0.0 — good: False
2026-06-23 10:35:08  DEBUG     [camera.py:96]  Rejected — InsightFace found no face.
2026-06-23 10:35:08  INFO      [camera.py:265]  Face detected — YOLO conf: 0.901 — quality score: 0.0 — good: False
2026-06-23 10:35:09  INFO      [main.py:53]  Checking calendars at 10:35:09
2026-06-23 10:35:09  DEBUG     [client.py:31]  GET https://192.168.1.249:5004/scl/get-all-calender
2026-06-23 10:35:09  INFO      [calendar_service.py:44]  Fetched 6 valid session(s).
2026-06-23 10:35:09  INFO      [main.py:67]  Calendar 2108 already ended — skipping.
2026-06-23 10:35:09  INFO      [main.py:67]  Calendar 2108 already ended — skipping.
2026-06-23 10:35:09  INFO      [main.py:67]  Calendar 2109 already ended — skipping.
2026-06-23 10:35:09  INFO      [main.py:67]  Calendar 2109 already ended — skipping.
2026-06-23 10:35:09  INFO      [main.py:87]  Calendar 2110 already started — skipping.
2026-06-23 10:35:09  INFO      [main.py:87]  Calendar 2110 already started — skipping.
2026-06-23 10:35:09  INFO      [main.py:194]  Calendar 2110 still running (1m 50s remaining).
2026-06-23 10:35:09  INFO      [main.py:206]  Active calendars: [2110]
2026-06-23 10:35:09  DEBUG     [camera.py:96]  Rejected — InsightFace found no face.
2026-06-23 10:35:09  INFO      [camera.py:265]  Face detected — YOLO conf: 0.905 — quality score: 0.0 — good: False
2026-06-23 10:35:09  DEBUG     [camera.py:96]  Rejected — InsightFace found no face.
2026-06-23 10:35:09  INFO      [camera.py:265]  Face detected — YOLO conf: 0.895 — quality score: 0.0 — good: False
2026-06-23 10:35:10  DEBUG     [camera.py:96]  Rejected — InsightFace found no face.
2026-06-23 10:35:10  INFO      [camera.py:265]  Face detected — YOLO conf: 0.898 — quality score: 0.0 — good: False
2026-06-23 10:35:10  DEBUG     [camera.py:96]  Rejected — InsightFace found no face.
2026-06-23 10:35:10  INFO      [camera.py:265]  Face detected — YOLO conf: 0.887 — quality score: 0.0 — good: False
2026-06-23 10:35:12  DEBUG     [camera.py:96]  Rejected — InsightFace found no face.
2026-06-23 10:35:12  INFO      [camera.py:265]  Face detected — YOLO conf: 0.895 — quality score: 0.0 — good: False
2026-06-23 10:35:12  DEBUG     [camera.py:96]  Rejected — InsightFace found no face.
2026-06-23 10:35:12  INFO      [camera.py:265]  Face detected — YOLO conf: 0.897 — quality score: 0.0 — good: False
2026-06-23 10:35:13  DEBUG     [camera.py:96]  Rejected — InsightFace found no face.
2026-06-23 10:35:13  INFO      [camera.py:265]  Face detected — YOLO conf: 0.865 — quality score: 0.0 — good: False
2026-06-23 10:35:13  DEBUG     [camera.py:96]  Rejected — InsightFace found no face.
2026-06-23 10:35:13  INFO      [camera.py:265]  Face detected — YOLO conf: 0.851 — quality score: 0.0 — good: False
2026-06-23 10:35:14  DEBUG     [camera.py:96]  Rejected — InsightFace found no face.
2026-06-23 10:35:14  INFO      [camera.py:265]  Face detected — YOLO conf: 0.887 — quality score: 0.0 — good: False
2026-06-23 10:35:15  DEBUG     [camera.py:96]  Rejected — InsightFace found no face.
2026-06-23 10:35:15  INFO      [camera.py:265]  Face detected — YOLO conf: 0.859 — quality score: 0.0 — good: False
2026-06-23 10:35:15  DEBUG     [camera.py:96]  Rejected — InsightFace found no face.
2026-06-23 10:35:15  INFO      [camera.py:265]  Face detected — YOLO conf: 0.860 — quality score: 0.0 — good: False
2026-06-23 10:35:16  DEBUG     [camera.py:96]  Rejected — InsightFace found no face.
2026-06-23 10:35:16  INFO      [camera.py:265]  Face detected — YOLO conf: 0.892 — quality score: 0.0 — good: False
2026-06-23 10:35:16  DEBUG     [camera.py:96]  Rejected — InsightFace found no face.
2026-06-23 10:35:16  INFO      [camera.py:265]  Face detected — YOLO conf: 0.881 — quality score: 0.0 — good: False
2026-06-23 10:35:17  DEBUG     [camera.py:96]  Rejected — InsightFace found no face.
2026-06-23 10:35:17  INFO      [camera.py:265]  Face detected — YOLO conf: 0.822 — quality score: 0.0 — good: False
2026-06-23 10:35:17  DEBUG     [camera.py:96]  Rejected — InsightFace found no face.
2026-06-23 10:35:17  INFO      [camera.py:265]  Face detected — YOLO conf: 0.813 — quality score: 0.0 — good: False
2026-06-23 10:35:18  DEBUG     [camera.py:96]  Rejected — InsightFace found no face.
2026-06-23 10:35:18  INFO      [camera.py:265]  Face detected — YOLO conf: 0.867 — quality score: 0.0 — good: False
2026-06-23 10:35:18  DEBUG     [camera.py:96]  Rejected — InsightFace found no face.
2026-06-23 10:35:18  INFO      [camera.py:265]  Face detected — YOLO conf: 0.875 — quality score: 0.0 — good: False
2026-06-23 10:35:19  DEBUG     [camera.py:96]  Rejected — InsightFace found no face.
2026-06-23 10:35:19  INFO      [camera.py:265]  Face detected — YOLO conf: 0.902 — quality score: 0.0 — good: False
2026-06-23 10:35:19  INFO      [main.py:53]  Checking calendars at 10:35:19
2026-06-23 10:35:19  DEBUG     [client.py:31]  GET https://192.168.1.249:5004/scl/get-all-calender
2026-06-23 10:35:19  INFO      [calendar_service.py:44]  Fetched 6 valid session(s).
2026-06-23 10:35:19  INFO      [main.py:67]  Calendar 2108 already ended — skipping.
2026-06-23 10:35:19  INFO      [main.py:67]  Calendar 2108 already ended — skipping.
2026-06-23 10:35:19  INFO      [main.py:67]  Calendar 2109 already ended — skipping.
2026-06-23 10:35:19  INFO      [main.py:67]  Calendar 2109 already ended — skipping.
2026-06-23 10:35:19  INFO      [main.py:87]  Calendar 2110 already started — skipping.
2026-06-23 10:35:19  INFO      [main.py:87]  Calendar 2110 already started — skipping.
2026-06-23 10:35:19  INFO      [main.py:194]  Calendar 2110 still running (1m 40s remaining).
2026-06-23 10:35:19  INFO      [main.py:206]  Active calendars: [2110]
2026-06-23 10:35:19  DEBUG     [camera.py:96]  Rejected — InsightFace found no face.
2026-06-23 10:35:19  INFO      [camera.py:265]  Face detected — YOLO conf: 0.893 — quality score: 0.0 — good: False
2026-06-23 10:35:20  DEBUG     [camera.py:96]  Rejected — InsightFace found no face.
2026-06-23 10:35:20  INFO      [camera.py:265]  Face detected — YOLO conf: 0.876 — quality score: 0.0 — good: False
2026-06-23 10:35:20  DEBUG     [camera.py:96]  Rejected — InsightFace found no face.
2026-06-23 10:35:20  INFO      [camera.py:265]  Face detected — YOLO conf: 0.899 — quality score: 0.0 — good: False
2026-06-23 10:35:21  DEBUG     [camera.py:96]  Rejected — InsightFace found no face.
2026-06-23 10:35:21  INFO      [camera.py:265]  Face detected — YOLO conf: 0.907 — quality score: 0.0 — good: False
2026-06-23 10:35:21  DEBUG     [camera.py:96]  Rejected — InsightFace found no face.
2026-06-23 10:35:21  INFO      [camera.py:265]  Face detected — YOLO conf: 0.884 — quality score: 0.0 — good: False
2026-06-23 10:35:22  DEBUG     [camera.py:96]  Rejected — InsightFace found no face.
2026-06-23 10:35:22  INFO      [camera.py:265]  Face detected — YOLO conf: 0.910 — quality score: 0.0 — good: False
2026-06-23 10:35:25  DEBUG     [camera.py:111]  Quality — score: 0.707 blur: 74.4 brightness: 94.2
2026-06-23 10:35:25  INFO      [camera.py:265]  Face detected — YOLO conf: 0.836 — quality score: 0.707 — good: True
2026-06-23 10:35:25  INFO      [camera.py:281]  Face queued for recognition: face_20260623_103525_836.jpg
2026-06-23 10:35:25  DEBUG     [recognition_worker.py:92]  Low similarity 0.7119 — skipping.
2026-06-23 10:35:26  DEBUG     [camera.py:111]  Quality — score: 0.663 blur: 263.8 brightness: 91.4
2026-06-23 10:35:26  INFO      [camera.py:265]  Face detected — YOLO conf: 0.881 — quality score: 0.663 — good: True
2026-06-23 10:35:26  INFO      [camera.py:281]  Face queued for recognition: face_20260623_103526_073.jpg
2026-06-23 10:35:26  DEBUG     [recognition_worker.py:92]  Low similarity 0.6889 — skipping.
2026-06-23 10:35:26  DEBUG     [camera.py:111]  Quality — score: 0.671 blur: 271.1 brightness: 91.8
2026-06-23 10:35:26  INFO      [camera.py:265]  Face detected — YOLO conf: 0.886 — quality score: 0.671 — good: True
2026-06-23 10:35:26  INFO      [camera.py:281]  Face queued for recognition: face_20260623_103526_585.jpg
2026-06-23 10:35:26  DEBUG     [recognition_worker.py:92]  Low similarity 0.7278 — skipping.
2026-06-23 10:35:27  DEBUG     [camera.py:111]  Quality — score: 0.660 blur: 271.5 brightness: 91.4
2026-06-23 10:35:27  INFO      [camera.py:265]  Face detected — YOLO conf: 0.882 — quality score: 0.66 — good: True
2026-06-23 10:35:27  INFO      [camera.py:281]  Face queued for recognition: face_20260623_103527_074.jpg
2026-06-23 10:35:27  DEBUG     [recognition_worker.py:92]  Low similarity 0.7179 — skipping.
2026-06-23 10:35:27  DEBUG     [camera.py:111]  Quality — score: 0.677 blur: 214.0 brightness: 92.5
2026-06-23 10:35:27  INFO      [camera.py:265]  Face detected — YOLO conf: 0.859 — quality score: 0.677 — good: True
2026-06-23 10:35:27  INFO      [camera.py:281]  Face queued for recognition: face_20260623_103527_576.jpg
2026-06-23 10:35:27  DEBUG     [recognition_worker.py:92]  Low similarity 0.7465 — skipping.
2026-06-23 10:35:28  DEBUG     [camera.py:111]  Quality — score: 0.517 blur: 54.9 brightness: 93.9
2026-06-23 10:35:28  INFO      [camera.py:265]  Face detected — YOLO conf: 0.855 — quality score: 0.517 — good: True
2026-06-23 10:35:28  INFO      [camera.py:281]  Face queued for recognition: face_20260623_103528_091.jpg
2026-06-23 10:35:28  DEBUG     [recognition_worker.py:92]  Low similarity 0.6542 — skipping.
2026-06-23 10:35:28  DEBUG     [camera.py:82]  Rejected — too blurry (blur score: 28.9)
2026-06-23 10:35:28  INFO      [camera.py:265]  Face detected — YOLO conf: 0.869 — quality score: 0.0 — good: False
2026-06-23 10:35:29  DEBUG     [camera.py:96]  Rejected — InsightFace found no face.
2026-06-23 10:35:29  INFO      [camera.py:265]  Face detected — YOLO conf: 0.837 — quality score: 0.0 — good: False
2026-06-23 10:35:29  INFO      [main.py:53]  Checking calendars at 10:35:29
2026-06-23 10:35:29  DEBUG     [client.py:31]  GET https://192.168.1.249:5004/scl/get-all-calender
2026-06-23 10:35:29  INFO      [calendar_service.py:44]  Fetched 6 valid session(s).
2026-06-23 10:35:29  INFO      [main.py:67]  Calendar 2108 already ended — skipping.
2026-06-23 10:35:29  INFO      [main.py:67]  Calendar 2108 already ended — skipping.
2026-06-23 10:35:29  INFO      [main.py:67]  Calendar 2109 already ended — skipping.
2026-06-23 10:35:29  INFO      [main.py:67]  Calendar 2109 already ended — skipping.
2026-06-23 10:35:29  INFO      [main.py:87]  Calendar 2110 already started — skipping.
2026-06-23 10:35:29  INFO      [main.py:87]  Calendar 2110 already started — skipping.
2026-06-23 10:35:29  INFO      [main.py:194]  Calendar 2110 still running (1m 30s remaining).
2026-06-23 10:35:29  INFO      [main.py:206]  Active calendars: [2110]
2026-06-23 10:35:29  DEBUG     [camera.py:96]  Rejected — InsightFace found no face.
2026-06-23 10:35:29  INFO      [camera.py:265]  Face detected — YOLO conf: 0.864 — quality score: 0.0 — good: False
2026-06-23 10:35:30  DEBUG     [camera.py:96]  Rejected — InsightFace found no face.
2026-06-23 10:35:30  INFO      [camera.py:265]  Face detected — YOLO conf: 0.881 — quality score: 0.0 — good: False
2026-06-23 10:35:30  DEBUG     [camera.py:96]  Rejected — InsightFace found no face.
2026-06-23 10:35:30  INFO      [camera.py:265]  Face detected — YOLO conf: 0.881 — quality score: 0.0 — good: False
2026-06-23 10:35:31  DEBUG     [camera.py:96]  Rejected — InsightFace found no face.
2026-06-23 10:35:31  INFO      [camera.py:265]  Face detected — YOLO conf: 0.880 — quality score: 0.0 — good: False
2026-06-23 10:35:31  DEBUG     [camera.py:96]  Rejected — InsightFace found no face.
2026-06-23 10:35:31  INFO      [camera.py:265]  Face detected — YOLO conf: 0.869 — quality score: 0.0 — good: False
2026-06-23 10:35:32  DEBUG     [camera.py:96]  Rejected — InsightFace found no face.
2026-06-23 10:35:32  INFO      [camera.py:265]  Face detected — YOLO conf: 0.867 — quality score: 0.0 — good: False
2026-06-23 10:35:32  DEBUG     [camera.py:96]  Rejected — InsightFace found no face.
2026-06-23 10:35:32  INFO      [camera.py:265]  Face detected — YOLO conf: 0.845 — quality score: 0.0 — good: False
2026-06-23 10:35:33  DEBUG     [camera.py:82]  Rejected — too blurry (blur score: 26.9)
2026-06-23 10:35:33  INFO      [camera.py:265]  Face detected — YOLO conf: 0.865 — quality score: 0.0 — good: False
2026-06-23 10:35:35  DEBUG     [camera.py:111]  Quality — score: 0.725 blur: 117.2 brightness: 115.9
2026-06-23 10:35:35  INFO      [camera.py:265]  Face detected — YOLO conf: 0.899 — quality score: 0.725 — good: True
2026-06-23 10:35:35  INFO      [camera.py:281]  Face queued for recognition: face_20260623_103535_286.jpg
2026-06-23 10:35:35  DEBUG     [recognition_worker.py:92]  Low similarity 0.4470 — skipping.
2026-06-23 10:35:35  DEBUG     [camera.py:111]  Quality — score: 0.750 blur: 80.0 brightness: 124.1
2026-06-23 10:35:35  INFO      [camera.py:265]  Face detected — YOLO conf: 0.877 — quality score: 0.75 — good: True
2026-06-23 10:35:35  INFO      [camera.py:281]  Face queued for recognition: face_20260623_103535_783.jpg
2026-06-23 10:35:35  DEBUG     [client.py:48]  POST https://192.168.1.249:5004/scl/update-attendance-student/9566
2026-06-23 10:35:35  INFO      [attendance_service.py:13]  Attendance 9566 updated - present: True.
2026-06-23 10:35:35  INFO      [recognition_worker.py:110]  ✅ Student 3 recognized (similarity=0.9156) — attendance updated.
2026-06-23 10:35:35  INFO      [recognition_worker.py:122]  Unenrolled student 3 from CompreFace.
2026-06-23 10:35:36  DEBUG     [camera.py:111]  Quality — score: 0.782 blur: 112.8 brightness: 122.4
2026-06-23 10:35:36  INFO      [camera.py:265]  Face detected — YOLO conf: 0.848 — quality score: 0.782 — good: True
2026-06-23 10:35:36  INFO      [camera.py:281]  Face queued for recognition: face_20260623_103536_287.jpg
2026-06-23 10:35:38  DEBUG     [camera.py:82]  Rejected — too blurry (blur score: 22.6)
2026-06-23 10:35:38  INFO      [camera.py:265]  Face detected — YOLO conf: 0.826 — quality score: 0.0 — good: False
2026-06-23 10:35:39  INFO      [main.py:53]  Checking calendars at 10:35:39
2026-06-23 10:35:39  DEBUG     [client.py:31]  GET https://192.168.1.249:5004/scl/get-all-calender
2026-06-23 10:35:39  INFO      [calendar_service.py:44]  Fetched 6 valid session(s).
2026-06-23 10:35:39  INFO      [main.py:67]  Calendar 2108 already ended — skipping.
2026-06-23 10:35:39  INFO      [main.py:67]  Calendar 2108 already ended — skipping.
2026-06-23 10:35:39  INFO      [main.py:67]  Calendar 2109 already ended — skipping.
2026-06-23 10:35:39  INFO      [main.py:67]  Calendar 2109 already ended — skipping.
2026-06-23 10:35:39  INFO      [main.py:87]  Calendar 2110 already started — skipping.
2026-06-23 10:35:39  INFO      [main.py:87]  Calendar 2110 already started — skipping.
2026-06-23 10:35:39  INFO      [main.py:194]  Calendar 2110 still running (1m 20s remaining).
2026-06-23 10:35:39  INFO      [main.py:206]  Active calendars: [2110]
2026-06-23 10:35:39  DEBUG     [camera.py:96]  Rejected — InsightFace found no face.
2026-06-23 10:35:39  INFO      [camera.py:265]  Face detected — YOLO conf: 0.855 — quality score: 0.0 — good: False
2026-06-23 10:35:39  DEBUG     [camera.py:111]  Quality — score: 0.602 blur: 131.8 brightness: 100.6
2026-06-23 10:35:39  INFO      [camera.py:265]  Face detected — YOLO conf: 0.863 — quality score: 0.602 — good: True
2026-06-23 10:35:39  INFO      [camera.py:281]  Face queued for recognition: face_20260623_103539_882.jpg
2026-06-23 10:35:40  DEBUG     [camera.py:111]  Quality — score: 0.683 blur: 94.9 brightness: 100.4
2026-06-23 10:35:40  INFO      [camera.py:265]  Face detected — YOLO conf: 0.857 — quality score: 0.683 — good: True
2026-06-23 10:35:40  INFO      [camera.py:281]  Face queued for recognition: face_20260623_103540_384.jpg
2026-06-23 10:35:40  DEBUG     [camera.py:111]  Quality — score: 0.752 blur: 98.4 brightness: 92.5
2026-06-23 10:35:40  INFO      [camera.py:265]  Face detected — YOLO conf: 0.893 — quality score: 0.752 — good: True
2026-06-23 10:35:40  INFO      [camera.py:281]  Face queued for recognition: face_20260623_103540_882.jpg
2026-06-23 10:35:41  DEBUG     [camera.py:111]  Quality — score: 0.680 blur: 168.4 brightness: 85.5
2026-06-23 10:35:41  INFO      [camera.py:265]  Face detected — YOLO conf: 0.856 — quality score: 0.68 — good: True
2026-06-23 10:35:41  INFO      [camera.py:281]  Face queued for recognition: face_20260623_103541_481.jpg
2026-06-23 10:35:41  DEBUG     [camera.py:111]  Quality — score: 0.637 blur: 110.7 brightness: 91.7
2026-06-23 10:35:41  INFO      [camera.py:265]  Face detected — YOLO conf: 0.875 — quality score: 0.637 — good: True
2026-06-23 10:35:41  INFO      [camera.py:281]  Face queued for recognition: face_20260623_103541_982.jpg
2026-06-23 10:35:42  DEBUG     [camera.py:111]  Quality — score: 0.792 blur: 106.3 brightness: 99.5
2026-06-23 10:35:42  INFO      [camera.py:265]  Face detected — YOLO conf: 0.892 — quality score: 0.792 — good: True
2026-06-23 10:35:42  INFO      [camera.py:281]  Face queued for recognition: face_20260623_103542_582.jpg
2026-06-23 10:35:43  DEBUG     [camera.py:111]  Quality — score: 0.753 blur: 142.0 brightness: 87.5
2026-06-23 10:35:43  INFO      [camera.py:265]  Face detected — YOLO conf: 0.881 — quality score: 0.753 — good: True
2026-06-23 10:35:43  INFO      [camera.py:281]  Face queued for recognition: face_20260623_103543_082.jpg
2026-06-23 10:35:43  DEBUG     [camera.py:111]  Quality — score: 0.820 blur: 347.7 brightness: 81.8
2026-06-23 10:35:43  INFO      [camera.py:265]  Face detected — YOLO conf: 0.869 — quality score: 0.82 — good: True
2026-06-23 10:35:43  INFO      [camera.py:281]  Face queued for recognition: face_20260623_103543_670.jpg
2026-06-23 10:35:44  DEBUG     [camera.py:111]  Quality — score: 0.848 blur: 346.3 brightness: 84.4
2026-06-23 10:35:44  INFO      [camera.py:265]  Face detected — YOLO conf: 0.888 — quality score: 0.848 — good: True
2026-06-23 10:35:44  INFO      [camera.py:281]  Face queued for recognition: face_20260623_103544_181.jpg
2026-06-23 10:35:44  DEBUG     [camera.py:111]  Quality — score: 0.828 blur: 349.1 brightness: 84.3
2026-06-23 10:35:44  INFO      [camera.py:265]  Face detected — YOLO conf: 0.896 — quality score: 0.828 — good: True
2026-06-23 10:35:44  INFO      [camera.py:281]  Face queued for recognition: face_20260623_103544_676.jpg
2026-06-23 10:35:45  DEBUG     [camera.py:111]  Quality — score: 0.778 blur: 231.0 brightness: 83.3
2026-06-23 10:35:45  INFO      [camera.py:265]  Face detected — YOLO conf: 0.904 — quality score: 0.778 — good: True
2026-06-23 10:35:45  INFO      [camera.py:281]  Face queued for recognition: face_20260623_103545_275.jpg
2026-06-23 10:35:47  DEBUG     [camera.py:88]  Rejected — bad brightness (31.1)
2026-06-23 10:35:47  INFO      [camera.py:265]  Face detected — YOLO conf: 0.831 — quality score: 0.0 — good: False
2026-06-23 10:35:48  DEBUG     [camera.py:88]  Rejected — bad brightness (28.7)
2026-06-23 10:35:48  INFO      [camera.py:265]  Face detected — YOLO conf: 0.819 — quality score: 0.0 — good: False
2026-06-23 10:35:48  DEBUG     [camera.py:88]  Rejected — bad brightness (31.3)
2026-06-23 10:35:48  INFO      [camera.py:265]  Face detected — YOLO conf: 0.855 — quality score: 0.0 — good: False
2026-06-23 10:35:49  DEBUG     [camera.py:88]  Rejected — bad brightness (28.0)
2026-06-23 10:35:49  INFO      [camera.py:265]  Face detected — YOLO conf: 0.851 — quality score: 0.0 — good: False
2026-06-23 10:35:49  INFO      [main.py:53]  Checking calendars at 10:35:49
2026-06-23 10:35:49  DEBUG     [client.py:31]  GET https://192.168.1.249:5004/scl/get-all-calender
2026-06-23 10:35:49  INFO      [calendar_service.py:44]  Fetched 6 valid session(s).
2026-06-23 10:35:49  INFO      [main.py:67]  Calendar 2108 already ended — skipping.
2026-06-23 10:35:49  INFO      [main.py:67]  Calendar 2108 already ended — skipping.
2026-06-23 10:35:49  INFO      [main.py:67]  Calendar 2109 already ended — skipping.
2026-06-23 10:35:49  INFO      [main.py:67]  Calendar 2109 already ended — skipping.
2026-06-23 10:35:49  INFO      [main.py:87]  Calendar 2110 already started — skipping.
2026-06-23 10:35:49  INFO      [main.py:87]  Calendar 2110 already started — skipping.
2026-06-23 10:35:49  INFO      [main.py:194]  Calendar 2110 still running (1m 10s remaining).
2026-06-23 10:35:49  INFO      [main.py:206]  Active calendars: [2110]
2026-06-23 10:35:49  DEBUG     [camera.py:88]  Rejected — bad brightness (28.5)
2026-06-23 10:35:49  INFO      [camera.py:265]  Face detected — YOLO conf: 0.857 — quality score: 0.0 — good: False
2026-06-23 10:35:50  DEBUG     [camera.py:88]  Rejected — bad brightness (30.6)
2026-06-23 10:35:50  INFO      [camera.py:265]  Face detected — YOLO conf: 0.871 — quality score: 0.0 — good: False
2026-06-23 10:35:50  DEBUG     [camera.py:88]  Rejected — bad brightness (30.8)
2026-06-23 10:35:50  INFO      [camera.py:265]  Face detected — YOLO conf: 0.863 — quality score: 0.0 — good: False
2026-06-23 10:35:51  DEBUG     [camera.py:88]  Rejected — bad brightness (31.1)
2026-06-23 10:35:51  INFO      [camera.py:265]  Face detected — YOLO conf: 0.869 — quality score: 0.0 — good: False
2026-06-23 10:35:51  DEBUG     [camera.py:88]  Rejected — bad brightness (33.4)
2026-06-23 10:35:51  INFO      [camera.py:265]  Face detected — YOLO conf: 0.841 — quality score: 0.0 — good: False
2026-06-23 10:35:52  DEBUG     [camera.py:88]  Rejected — bad brightness (36.1)
2026-06-23 10:35:52  INFO      [camera.py:265]  Face detected — YOLO conf: 0.819 — quality score: 0.0 — good: False
2026-06-23 10:35:53  DEBUG     [camera.py:88]  Rejected — bad brightness (27.8)
2026-06-23 10:35:53  INFO      [camera.py:265]  Face detected — YOLO conf: 0.784 — quality score: 0.0 — good: False
2026-06-23 10:35:54  DEBUG     [camera.py:88]  Rejected — bad brightness (32.8)
2026-06-23 10:35:54  INFO      [camera.py:265]  Face detected — YOLO conf: 0.812 — quality score: 0.0 — good: False
2026-06-23 10:35:55  DEBUG     [camera.py:88]  Rejected — bad brightness (30.2)
2026-06-23 10:35:55  INFO      [camera.py:265]  Face detected — YOLO conf: 0.763 — quality score: 0.0 — good: False
2026-06-23 10:35:55  DEBUG     [camera.py:88]  Rejected — bad brightness (31.6)
2026-06-23 10:35:55  INFO      [camera.py:265]  Face detected — YOLO conf: 0.863 — quality score: 0.0 — good: False
2026-06-23 10:35:56  DEBUG     [camera.py:88]  Rejected — bad brightness (32.0)
2026-06-23 10:35:56  INFO      [camera.py:265]  Face detected — YOLO conf: 0.816 — quality score: 0.0 — good: False
2026-06-23 10:35:56  DEBUG     [camera.py:88]  Rejected — bad brightness (33.9)
2026-06-23 10:35:56  INFO      [camera.py:265]  Face detected — YOLO conf: 0.832 — quality score: 0.0 — good: False
2026-06-23 10:35:57  DEBUG     [camera.py:88]  Rejected — bad brightness (34.0)
2026-06-23 10:35:57  INFO      [camera.py:265]  Face detected — YOLO conf: 0.795 — quality score: 0.0 — good: False
2026-06-23 10:35:57  DEBUG     [camera.py:88]  Rejected — bad brightness (32.6)
2026-06-23 10:35:57  INFO      [camera.py:265]  Face detected — YOLO conf: 0.773 — quality score: 0.0 — good: False
2026-06-23 10:35:58  DEBUG     [camera.py:88]  Rejected — bad brightness (28.4)
2026-06-23 10:35:58  INFO      [camera.py:265]  Face detected — YOLO conf: 0.771 — quality score: 0.0 — good: False
2026-06-23 10:35:58  DEBUG     [camera.py:88]  Rejected — bad brightness (29.7)
2026-06-23 10:35:58  INFO      [camera.py:265]  Face detected — YOLO conf: 0.781 — quality score: 0.0 — good: False
2026-06-23 10:35:59  DEBUG     [camera.py:88]  Rejected — bad brightness (32.4)
2026-06-23 10:35:59  INFO      [camera.py:265]  Face detected — YOLO conf: 0.845 — quality score: 0.0 — good: False
2026-06-23 10:35:59  INFO      [main.py:53]  Checking calendars at 10:35:59
2026-06-23 10:35:59  DEBUG     [client.py:31]  GET https://192.168.1.249:5004/scl/get-all-calender
2026-06-23 10:35:59  INFO      [calendar_service.py:44]  Fetched 6 valid session(s).
2026-06-23 10:35:59  INFO      [main.py:67]  Calendar 2108 already ended — skipping.
2026-06-23 10:35:59  INFO      [main.py:67]  Calendar 2108 already ended — skipping.
2026-06-23 10:35:59  INFO      [main.py:67]  Calendar 2109 already ended — skipping.
2026-06-23 10:35:59  INFO      [main.py:67]  Calendar 2109 already ended — skipping.
2026-06-23 10:35:59  INFO      [main.py:87]  Calendar 2110 already started — skipping.
2026-06-23 10:35:59  INFO      [main.py:87]  Calendar 2110 already started — skipping.
2026-06-23 10:35:59  INFO      [main.py:194]  Calendar 2110 still running (1m 0s remaining).
2026-06-23 10:35:59  INFO      [main.py:206]  Active calendars: [2110]
2026-06-23 10:35:59  DEBUG     [camera.py:88]  Rejected — bad brightness (31.3)
2026-06-23 10:35:59  INFO      [camera.py:265]  Face detected — YOLO conf: 0.851 — quality score: 0.0 — good: False
2026-06-23 10:36:00  DEBUG     [camera.py:88]  Rejected — bad brightness (31.8)
2026-06-23 10:36:00  INFO      [camera.py:265]  Face detected — YOLO conf: 0.846 — quality score: 0.0 — good: False
2026-06-23 10:36:00  DEBUG     [camera.py:88]  Rejected — bad brightness (31.6)
2026-06-23 10:36:00  INFO      [camera.py:265]  Face detected — YOLO conf: 0.848 — quality score: 0.0 — good: False
2026-06-23 10:36:01  DEBUG     [camera.py:88]  Rejected — bad brightness (32.3)
2026-06-23 10:36:01  INFO      [camera.py:265]  Face detected — YOLO conf: 0.862 — quality score: 0.0 — good: False
2026-06-23 10:36:01  DEBUG     [camera.py:88]  Rejected — bad brightness (31.6)
2026-06-23 10:36:01  INFO      [camera.py:265]  Face detected — YOLO conf: 0.850 — quality score: 0.0 — good: False
2026-06-23 10:36:02  DEBUG     [camera.py:88]  Rejected — bad brightness (31.5)
2026-06-23 10:36:02  INFO      [camera.py:265]  Face detected — YOLO conf: 0.854 — quality score: 0.0 — good: False
2026-06-23 10:36:02  DEBUG     [camera.py:88]  Rejected — bad brightness (32.4)
2026-06-23 10:36:02  INFO      [camera.py:265]  Face detected — YOLO conf: 0.852 — quality score: 0.0 — good: False
2026-06-23 10:36:03  DEBUG     [camera.py:88]  Rejected — bad brightness (31.6)
2026-06-23 10:36:03  INFO      [camera.py:265]  Face detected — YOLO conf: 0.847 — quality score: 0.0 — good: False
2026-06-23 10:36:03  DEBUG     [camera.py:88]  Rejected — bad brightness (31.3)
2026-06-23 10:36:03  INFO      [camera.py:265]  Face detected — YOLO conf: 0.854 — quality score: 0.0 — good: False
2026-06-23 10:36:04  DEBUG     [camera.py:88]  Rejected — bad brightness (31.8)
2026-06-23 10:36:04  INFO      [camera.py:265]  Face detected — YOLO conf: 0.858 — quality score: 0.0 — good: False
2026-06-23 10:36:04  DEBUG     [camera.py:88]  Rejected — bad brightness (27.6)
2026-06-23 10:36:04  INFO      [camera.py:265]  Face detected — YOLO conf: 0.814 — quality score: 0.0 — good: False
2026-06-23 10:36:05  DEBUG     [camera.py:88]  Rejected — bad brightness (25.8)
2026-06-23 10:36:05  INFO      [camera.py:265]  Face detected — YOLO conf: 0.815 — quality score: 0.0 — good: False
2026-06-23 10:36:05  DEBUG     [camera.py:88]  Rejected — bad brightness (25.0)
2026-06-23 10:36:05  INFO      [camera.py:265]  Face detected — YOLO conf: 0.788 — quality score: 0.0 — good: False
2026-06-23 10:36:06  DEBUG     [camera.py:88]  Rejected — bad brightness (25.7)
2026-06-23 10:36:06  INFO      [camera.py:265]  Face detected — YOLO conf: 0.785 — quality score: 0.0 — good: False
2026-06-23 10:36:06  DEBUG     [camera.py:88]  Rejected — bad brightness (30.6)
2026-06-23 10:36:06  INFO      [camera.py:265]  Face detected — YOLO conf: 0.813 — quality score: 0.0 — good: False
2026-06-23 10:36:07  DEBUG     [camera.py:88]  Rejected — bad brightness (30.9)
2026-06-23 10:36:07  INFO      [camera.py:265]  Face detected — YOLO conf: 0.863 — quality score: 0.0 — good: False
2026-06-23 10:36:07  DEBUG     [camera.py:88]  Rejected — bad brightness (27.8)
2026-06-23 10:36:07  INFO      [camera.py:265]  Face detected — YOLO conf: 0.817 — quality score: 0.0 — good: False
2026-06-23 10:36:08  DEBUG     [camera.py:88]  Rejected — bad brightness (28.8)
2026-06-23 10:36:08  INFO      [camera.py:265]  Face detected — YOLO conf: 0.856 — quality score: 0.0 — good: False
2026-06-23 10:36:08  DEBUG     [camera.py:88]  Rejected — bad brightness (29.0)
2026-06-23 10:36:08  INFO      [camera.py:265]  Face detected — YOLO conf: 0.851 — quality score: 0.0 — good: False
2026-06-23 10:36:09  DEBUG     [camera.py:88]  Rejected — bad brightness (28.2)
2026-06-23 10:36:09  INFO      [camera.py:265]  Face detected — YOLO conf: 0.852 — quality score: 0.0 — good: False
2026-06-23 10:36:09  INFO      [main.py:53]  Checking calendars at 10:36:09
2026-06-23 10:36:09  DEBUG     [client.py:31]  GET https://192.168.1.249:5004/scl/get-all-calender
2026-06-23 10:36:09  INFO      [calendar_service.py:44]  Fetched 6 valid session(s).
2026-06-23 10:36:09  INFO      [main.py:67]  Calendar 2108 already ended — skipping.
2026-06-23 10:36:09  INFO      [main.py:67]  Calendar 2108 already ended — skipping.
2026-06-23 10:36:09  INFO      [main.py:67]  Calendar 2109 already ended — skipping.
2026-06-23 10:36:09  INFO      [main.py:67]  Calendar 2109 already ended — skipping.
2026-06-23 10:36:09  INFO      [main.py:87]  Calendar 2110 already started — skipping.
2026-06-23 10:36:09  INFO      [main.py:87]  Calendar 2110 already started — skipping.
2026-06-23 10:36:09  INFO      [main.py:194]  Calendar 2110 still running (0m 50s remaining).
2026-06-23 10:36:09  INFO      [main.py:206]  Active calendars: [2110]
2026-06-23 10:36:09  DEBUG     [camera.py:88]  Rejected — bad brightness (34.6)
2026-06-23 10:36:09  INFO      [camera.py:265]  Face detected — YOLO conf: 0.896 — quality score: 0.0 — good: False
2026-06-23 10:36:10  DEBUG     [camera.py:88]  Rejected — bad brightness (34.2)
2026-06-23 10:36:10  INFO      [camera.py:265]  Face detected — YOLO conf: 0.882 — quality score: 0.0 — good: False
2026-06-23 10:36:10  DEBUG     [camera.py:88]  Rejected — bad brightness (33.7)
2026-06-23 10:36:10  INFO      [camera.py:265]  Face detected — YOLO conf: 0.897 — quality score: 0.0 — good: False
2026-06-23 10:36:11  DEBUG     [camera.py:88]  Rejected — bad brightness (34.7)
2026-06-23 10:36:11  INFO      [camera.py:265]  Face detected — YOLO conf: 0.905 — quality score: 0.0 — good: False
2026-06-23 10:36:11  DEBUG     [camera.py:88]  Rejected — bad brightness (35.5)
2026-06-23 10:36:11  INFO      [camera.py:265]  Face detected — YOLO conf: 0.902 — quality score: 0.0 — good: False
2026-06-23 10:36:12  DEBUG     [camera.py:88]  Rejected — bad brightness (35.2)
2026-06-23 10:36:12  INFO      [camera.py:265]  Face detected — YOLO conf: 0.899 — quality score: 0.0 — good: False
2026-06-23 10:36:12  DEBUG     [camera.py:88]  Rejected — bad brightness (36.8)
2026-06-23 10:36:12  INFO      [camera.py:265]  Face detected — YOLO conf: 0.899 — quality score: 0.0 — good: False
2026-06-23 10:36:13  DEBUG     [camera.py:88]  Rejected — bad brightness (36.4)
2026-06-23 10:36:13  INFO      [camera.py:265]  Face detected — YOLO conf: 0.902 — quality score: 0.0 — good: False
2026-06-23 10:36:13  DEBUG     [camera.py:88]  Rejected — bad brightness (35.1)
2026-06-23 10:36:13  INFO      [camera.py:265]  Face detected — YOLO conf: 0.911 — quality score: 0.0 — good: False
2026-06-23 10:36:14  DEBUG     [camera.py:88]  Rejected — bad brightness (36.2)
2026-06-23 10:36:14  INFO      [camera.py:265]  Face detected — YOLO conf: 0.911 — quality score: 0.0 — good: False
2026-06-23 10:36:14  DEBUG     [camera.py:88]  Rejected — bad brightness (35.9)
2026-06-23 10:36:14  INFO      [camera.py:265]  Face detected — YOLO conf: 0.912 — quality score: 0.0 — good: False
2026-06-23 10:36:15  DEBUG     [camera.py:88]  Rejected — bad brightness (35.0)
2026-06-23 10:36:15  INFO      [camera.py:265]  Face detected — YOLO conf: 0.915 — quality score: 0.0 — good: False
2026-06-23 10:36:15  DEBUG     [camera.py:88]  Rejected — bad brightness (35.0)
2026-06-23 10:36:15  INFO      [camera.py:265]  Face detected — YOLO conf: 0.904 — quality score: 0.0 — good: False
2026-06-23 10:36:16  DEBUG     [camera.py:88]  Rejected — bad brightness (36.6)
2026-06-23 10:36:16  INFO      [camera.py:265]  Face detected — YOLO conf: 0.906 — quality score: 0.0 — good: False
2026-06-23 10:36:16  DEBUG     [camera.py:88]  Rejected — bad brightness (34.6)
2026-06-23 10:36:16  INFO      [camera.py:265]  Face detected — YOLO conf: 0.913 — quality score: 0.0 — good: False
2026-06-23 10:36:17  DEBUG     [camera.py:88]  Rejected — bad brightness (34.8)
2026-06-23 10:36:17  INFO      [camera.py:265]  Face detected — YOLO conf: 0.909 — quality score: 0.0 — good: False
2026-06-23 10:36:17  DEBUG     [camera.py:88]  Rejected — bad brightness (35.5)
2026-06-23 10:36:17  INFO      [camera.py:265]  Face detected — YOLO conf: 0.915 — quality score: 0.0 — good: False
2026-06-23 10:36:18  DEBUG     [camera.py:88]  Rejected — bad brightness (35.4)
2026-06-23 10:36:18  INFO      [camera.py:265]  Face detected — YOLO conf: 0.918 — quality score: 0.0 — good: False
2026-06-23 10:36:18  DEBUG     [camera.py:88]  Rejected — bad brightness (36.8)
2026-06-23 10:36:18  INFO      [camera.py:265]  Face detected — YOLO conf: 0.903 — quality score: 0.0 — good: False
2026-06-23 10:36:19  DEBUG     [camera.py:88]  Rejected — bad brightness (35.7)
2026-06-23 10:36:19  INFO      [camera.py:265]  Face detected — YOLO conf: 0.908 — quality score: 0.0 — good: False
2026-06-23 10:36:19  INFO      [main.py:53]  Checking calendars at 10:36:19
2026-06-23 10:36:19  DEBUG     [client.py:31]  GET https://192.168.1.249:5004/scl/get-all-calender
2026-06-23 10:36:19  INFO      [calendar_service.py:44]  Fetched 6 valid session(s).
2026-06-23 10:36:19  INFO      [main.py:67]  Calendar 2108 already ended — skipping.
2026-06-23 10:36:19  INFO      [main.py:67]  Calendar 2108 already ended — skipping.
2026-06-23 10:36:19  INFO      [main.py:67]  Calendar 2109 already ended — skipping.
2026-06-23 10:36:19  INFO      [main.py:67]  Calendar 2109 already ended — skipping.
2026-06-23 10:36:19  INFO      [main.py:87]  Calendar 2110 already started — skipping.
2026-06-23 10:36:19  INFO      [main.py:87]  Calendar 2110 already started — skipping.
2026-06-23 10:36:19  INFO      [main.py:194]  Calendar 2110 still running (0m 40s remaining).
2026-06-23 10:36:19  INFO      [main.py:206]  Active calendars: [2110]
2026-06-23 10:36:19  DEBUG     [camera.py:88]  Rejected — bad brightness (35.7)
2026-06-23 10:36:19  INFO      [camera.py:265]  Face detected — YOLO conf: 0.909 — quality score: 0.0 — good: False
2026-06-23 10:36:20  DEBUG     [camera.py:88]  Rejected — bad brightness (35.7)
2026-06-23 10:36:20  INFO      [camera.py:265]  Face detected — YOLO conf: 0.914 — quality score: 0.0 — good: False
2026-06-23 10:36:20  DEBUG     [camera.py:88]  Rejected — bad brightness (35.4)
2026-06-23 10:36:20  INFO      [camera.py:265]  Face detected — YOLO conf: 0.911 — quality score: 0.0 — good: False
2026-06-23 10:36:21  DEBUG     [camera.py:88]  Rejected — bad brightness (35.3)
2026-06-23 10:36:21  INFO      [camera.py:265]  Face detected — YOLO conf: 0.911 — quality score: 0.0 — good: False
2026-06-23 10:36:21  DEBUG     [camera.py:88]  Rejected — bad brightness (35.8)
2026-06-23 10:36:21  INFO      [camera.py:265]  Face detected — YOLO conf: 0.915 — quality score: 0.0 — good: False
2026-06-23 10:36:22  DEBUG     [camera.py:88]  Rejected — bad brightness (35.6)
2026-06-23 10:36:22  INFO      [camera.py:265]  Face detected — YOLO conf: 0.899 — quality score: 0.0 — good: False
2026-06-23 10:36:22  DEBUG     [camera.py:88]  Rejected — bad brightness (35.8)
2026-06-23 10:36:22  INFO      [camera.py:265]  Face detected — YOLO conf: 0.912 — quality score: 0.0 — good: False
2026-06-23 10:36:23  DEBUG     [camera.py:88]  Rejected — bad brightness (35.2)
2026-06-23 10:36:23  INFO      [camera.py:265]  Face detected — YOLO conf: 0.906 — quality score: 0.0 — good: False
2026-06-23 10:36:23  DEBUG     [camera.py:88]  Rejected — bad brightness (35.8)
2026-06-23 10:36:23  INFO      [camera.py:265]  Face detected — YOLO conf: 0.896 — quality score: 0.0 — good: False
2026-06-23 10:36:24  DEBUG     [camera.py:88]  Rejected — bad brightness (36.3)
2026-06-23 10:36:24  INFO      [camera.py:265]  Face detected — YOLO conf: 0.900 — quality score: 0.0 — good: False
2026-06-23 10:36:24  DEBUG     [camera.py:88]  Rejected — bad brightness (36.0)
2026-06-23 10:36:24  INFO      [camera.py:265]  Face detected — YOLO conf: 0.899 — quality score: 0.0 — good: False
2026-06-23 10:36:25  DEBUG     [camera.py:88]  Rejected — bad brightness (36.7)
2026-06-23 10:36:25  INFO      [camera.py:265]  Face detected — YOLO conf: 0.888 — quality score: 0.0 — good: False
2026-06-23 10:36:25  DEBUG     [camera.py:88]  Rejected — bad brightness (36.9)
2026-06-23 10:36:25  INFO      [camera.py:265]  Face detected — YOLO conf: 0.884 — quality score: 0.0 — good: False
2026-06-23 10:36:27  DEBUG     [camera.py:88]  Rejected — bad brightness (27.8)
2026-06-23 10:36:27  INFO      [camera.py:265]  Face detected — YOLO conf: 0.846 — quality score: 0.0 — good: False
2026-06-23 10:36:27  DEBUG     [camera.py:88]  Rejected — bad brightness (30.7)
2026-06-23 10:36:27  INFO      [camera.py:265]  Face detected — YOLO conf: 0.885 — quality score: 0.0 — good: False
2026-06-23 10:36:28  DEBUG     [camera.py:88]  Rejected — bad brightness (33.7)
2026-06-23 10:36:28  INFO      [camera.py:265]  Face detected — YOLO conf: 0.892 — quality score: 0.0 — good: False
2026-06-23 10:36:28  DEBUG     [camera.py:88]  Rejected — bad brightness (34.9)
2026-06-23 10:36:28  INFO      [camera.py:265]  Face detected — YOLO conf: 0.880 — quality score: 0.0 — good: False
2026-06-23 10:36:29  DEBUG     [camera.py:88]  Rejected — bad brightness (32.3)
2026-06-23 10:36:29  INFO      [camera.py:265]  Face detected — YOLO conf: 0.896 — quality score: 0.0 — good: False
2026-06-23 10:36:29  INFO      [main.py:53]  Checking calendars at 10:36:29
2026-06-23 10:36:29  DEBUG     [client.py:31]  GET https://192.168.1.249:5004/scl/get-all-calender
2026-06-23 10:36:29  INFO      [calendar_service.py:44]  Fetched 6 valid session(s).
2026-06-23 10:36:29  INFO      [main.py:67]  Calendar 2108 already ended — skipping.
2026-06-23 10:36:29  INFO      [main.py:67]  Calendar 2108 already ended — skipping.
2026-06-23 10:36:29  INFO      [main.py:67]  Calendar 2109 already ended — skipping.
2026-06-23 10:36:29  INFO      [main.py:67]  Calendar 2109 already ended — skipping.
2026-06-23 10:36:29  INFO      [main.py:87]  Calendar 2110 already started — skipping.
2026-06-23 10:36:29  INFO      [main.py:87]  Calendar 2110 already started — skipping.
2026-06-23 10:36:29  INFO      [main.py:194]  Calendar 2110 still running (0m 30s remaining).
2026-06-23 10:36:29  INFO      [main.py:206]  Active calendars: [2110]
2026-06-23 10:36:29  DEBUG     [camera.py:88]  Rejected — bad brightness (31.5)
2026-06-23 10:36:29  INFO      [camera.py:265]  Face detected — YOLO conf: 0.888 — quality score: 0.0 — good: False
2026-06-23 10:36:30  DEBUG     [camera.py:88]  Rejected — bad brightness (32.1)
2026-06-23 10:36:30  INFO      [camera.py:265]  Face detected — YOLO conf: 0.889 — quality score: 0.0 — good: False
2026-06-23 10:36:30  DEBUG     [camera.py:88]  Rejected — bad brightness (31.8)
2026-06-23 10:36:30  INFO      [camera.py:265]  Face detected — YOLO conf: 0.910 — quality score: 0.0 — good: False
2026-06-23 10:36:31  DEBUG     [camera.py:88]  Rejected — bad brightness (32.0)
2026-06-23 10:36:31  INFO      [camera.py:265]  Face detected — YOLO conf: 0.908 — quality score: 0.0 — good: False
2026-06-23 10:36:31  DEBUG     [camera.py:88]  Rejected — bad brightness (31.7)
2026-06-23 10:36:31  INFO      [camera.py:265]  Face detected — YOLO conf: 0.891 — quality score: 0.0 — good: False
2026-06-23 10:36:32  DEBUG     [camera.py:88]  Rejected — bad brightness (32.0)
2026-06-23 10:36:32  INFO      [camera.py:265]  Face detected — YOLO conf: 0.905 — quality score: 0.0 — good: False
2026-06-23 10:36:32  DEBUG     [camera.py:88]  Rejected — bad brightness (32.1)
2026-06-23 10:36:32  INFO      [camera.py:265]  Face detected — YOLO conf: 0.911 — quality score: 0.0 — good: False
2026-06-23 10:36:33  DEBUG     [camera.py:88]  Rejected — bad brightness (31.9)
2026-06-23 10:36:33  INFO      [camera.py:265]  Face detected — YOLO conf: 0.907 — quality score: 0.0 — good: False
2026-06-23 10:36:33  DEBUG     [camera.py:88]  Rejected — bad brightness (31.6)
2026-06-23 10:36:33  INFO      [camera.py:265]  Face detected — YOLO conf: 0.903 — quality score: 0.0 — good: False
2026-06-23 10:36:34  DEBUG     [camera.py:88]  Rejected — bad brightness (31.4)
2026-06-23 10:36:34  INFO      [camera.py:265]  Face detected — YOLO conf: 0.907 — quality score: 0.0 — good: False
2026-06-23 10:36:34  DEBUG     [camera.py:88]  Rejected — bad brightness (30.8)
2026-06-23 10:36:34  INFO      [camera.py:265]  Face detected — YOLO conf: 0.903 — quality score: 0.0 — good: False
2026-06-23 10:36:35  DEBUG     [camera.py:88]  Rejected — bad brightness (32.3)
2026-06-23 10:36:35  INFO      [camera.py:265]  Face detected — YOLO conf: 0.904 — quality score: 0.0 — good: False
2026-06-23 10:36:35  DEBUG     [camera.py:88]  Rejected — bad brightness (32.5)
2026-06-23 10:36:35  INFO      [camera.py:265]  Face detected — YOLO conf: 0.907 — quality score: 0.0 — good: False
2026-06-23 10:36:36  DEBUG     [camera.py:88]  Rejected — bad brightness (32.2)
2026-06-23 10:36:36  INFO      [camera.py:265]  Face detected — YOLO conf: 0.919 — quality score: 0.0 — good: False
2026-06-23 10:36:36  DEBUG     [camera.py:88]  Rejected — bad brightness (32.0)
2026-06-23 10:36:36  INFO      [camera.py:265]  Face detected — YOLO conf: 0.901 — quality score: 0.0 — good: False
2026-06-23 10:36:37  DEBUG     [camera.py:88]  Rejected — bad brightness (31.2)
2026-06-23 10:36:37  INFO      [camera.py:265]  Face detected — YOLO conf: 0.912 — quality score: 0.0 — good: False
2026-06-23 10:36:37  DEBUG     [camera.py:88]  Rejected — bad brightness (30.6)
2026-06-23 10:36:37  INFO      [camera.py:265]  Face detected — YOLO conf: 0.913 — quality score: 0.0 — good: False
2026-06-23 10:36:38  DEBUG     [camera.py:88]  Rejected — bad brightness (32.0)
2026-06-23 10:36:38  INFO      [camera.py:265]  Face detected — YOLO conf: 0.901 — quality score: 0.0 — good: False
2026-06-23 10:36:38  DEBUG     [camera.py:88]  Rejected — bad brightness (32.2)
2026-06-23 10:36:38  INFO      [camera.py:265]  Face detected — YOLO conf: 0.904 — quality score: 0.0 — good: False
2026-06-23 10:36:39  DEBUG     [camera.py:88]  Rejected — bad brightness (33.2)
2026-06-23 10:36:39  INFO      [camera.py:265]  Face detected — YOLO conf: 0.889 — quality score: 0.0 — good: False
2026-06-23 10:36:39  INFO      [main.py:53]  Checking calendars at 10:36:39
2026-06-23 10:36:39  DEBUG     [client.py:31]  GET https://192.168.1.249:5004/scl/get-all-calender
2026-06-23 10:36:39  INFO      [calendar_service.py:44]  Fetched 6 valid session(s).
2026-06-23 10:36:39  INFO      [main.py:67]  Calendar 2108 already ended — skipping.
2026-06-23 10:36:39  INFO      [main.py:67]  Calendar 2108 already ended — skipping.
2026-06-23 10:36:39  INFO      [main.py:67]  Calendar 2109 already ended — skipping.
2026-06-23 10:36:39  INFO      [main.py:67]  Calendar 2109 already ended — skipping.
2026-06-23 10:36:39  INFO      [main.py:87]  Calendar 2110 already started — skipping.
2026-06-23 10:36:39  INFO      [main.py:87]  Calendar 2110 already started — skipping.
2026-06-23 10:36:39  INFO      [main.py:194]  Calendar 2110 still running (0m 20s remaining).
2026-06-23 10:36:39  INFO      [main.py:206]  Active calendars: [2110]
2026-06-23 10:36:39  DEBUG     [camera.py:88]  Rejected — bad brightness (32.4)
2026-06-23 10:36:39  INFO      [camera.py:265]  Face detected — YOLO conf: 0.886 — quality score: 0.0 — good: False
2026-06-23 10:36:40  DEBUG     [camera.py:88]  Rejected — bad brightness (31.7)
2026-06-23 10:36:40  INFO      [camera.py:265]  Face detected — YOLO conf: 0.865 — quality score: 0.0 — good: False
2026-06-23 10:36:41  DEBUG     [camera.py:88]  Rejected — bad brightness (31.6)
2026-06-23 10:36:41  INFO      [camera.py:265]  Face detected — YOLO conf: 0.885 — quality score: 0.0 — good: False
2026-06-23 10:36:41  DEBUG     [camera.py:88]  Rejected — bad brightness (32.5)
2026-06-23 10:36:41  INFO      [camera.py:265]  Face detected — YOLO conf: 0.868 — quality score: 0.0 — good: False
2026-06-23 10:36:42  DEBUG     [camera.py:88]  Rejected — bad brightness (36.0)
2026-06-23 10:36:42  INFO      [camera.py:265]  Face detected — YOLO conf: 0.891 — quality score: 0.0 — good: False
2026-06-23 10:36:42  DEBUG     [camera.py:111]  Quality — score: 0.621 blur: 91.2 brightness: 47.4
2026-06-23 10:36:42  INFO      [camera.py:265]  Face detected — YOLO conf: 0.808 — quality score: 0.621 — good: True
2026-06-23 10:36:42  INFO      [camera.py:281]  Face queued for recognition: face_20260623_103642_633.jpg
2026-06-23 10:36:43  DEBUG     [camera.py:96]  Rejected — InsightFace found no face.
2026-06-23 10:36:43  INFO      [camera.py:265]  Face detected — YOLO conf: 0.856 — quality score: 0.0 — good: False
2026-06-23 10:36:43  DEBUG     [camera.py:111]  Quality — score: 0.596 blur: 115.2 brightness: 51.5
2026-06-23 10:36:43  INFO      [camera.py:265]  Face detected — YOLO conf: 0.879 — quality score: 0.596 — good: True
2026-06-23 10:36:43  INFO      [camera.py:281]  Face queued for recognition: face_20260623_103643_632.jpg
2026-06-23 10:36:44  DEBUG     [camera.py:111]  Quality — score: 0.611 blur: 174.7 brightness: 50.9
2026-06-23 10:36:44  INFO      [camera.py:265]  Face detected — YOLO conf: 0.881 — quality score: 0.611 — good: True
2026-06-23 10:36:44  INFO      [camera.py:281]  Face queued for recognition: face_20260623_103644_132.jpg
2026-06-23 10:36:44  DEBUG     [camera.py:111]  Quality — score: 0.615 blur: 157.2 brightness: 52.7
2026-06-23 10:36:44  INFO      [camera.py:265]  Face detected — YOLO conf: 0.869 — quality score: 0.615 — good: True
2026-06-23 10:36:44  INFO      [camera.py:281]  Face queued for recognition: face_20260623_103644_633.jpg
2026-06-23 10:36:45  DEBUG     [camera.py:111]  Quality — score: 0.626 blur: 154.3 brightness: 48.2
2026-06-23 10:36:45  INFO      [camera.py:265]  Face detected — YOLO conf: 0.877 — quality score: 0.626 — good: True
2026-06-23 10:36:45  INFO      [camera.py:281]  Face queued for recognition: face_20260623_103645_131.jpg
2026-06-23 10:36:45  DEBUG     [camera.py:111]  Quality — score: 0.711 blur: 60.4 brightness: 46.0
2026-06-23 10:36:45  INFO      [camera.py:265]  Face detected — YOLO conf: 0.889 — quality score: 0.711 — good: True
2026-06-23 10:36:45  INFO      [camera.py:281]  Face queued for recognition: face_20260623_103645_627.jpg
2026-06-23 10:36:46  DEBUG     [camera.py:88]  Rejected — bad brightness (34.3)
2026-06-23 10:36:46  INFO      [camera.py:265]  Face detected — YOLO conf: 0.820 — quality score: 0.0 — good: False
2026-06-23 10:36:46  DEBUG     [camera.py:88]  Rejected — bad brightness (29.6)
2026-06-23 10:36:46  INFO      [camera.py:265]  Face detected — YOLO conf: 0.812 — quality score: 0.0 — good: False
2026-06-23 10:36:47  DEBUG     [camera.py:88]  Rejected — bad brightness (23.3)
2026-06-23 10:36:47  INFO      [camera.py:265]  Face detected — YOLO conf: 0.772 — quality score: 0.0 — good: False
2026-06-23 10:36:47  DEBUG     [camera.py:88]  Rejected — bad brightness (22.5)
2026-06-23 10:36:47  INFO      [camera.py:265]  Face detected — YOLO conf: 0.757 — quality score: 0.0 — good: False
2026-06-23 10:36:48  DEBUG     [camera.py:88]  Rejected — bad brightness (22.7)
2026-06-23 10:36:48  INFO      [camera.py:265]  Face detected — YOLO conf: 0.737 — quality score: 0.0 — good: False
2026-06-23 10:36:49  DEBUG     [camera.py:88]  Rejected — bad brightness (29.5)
2026-06-23 10:36:49  INFO      [camera.py:265]  Face detected — YOLO conf: 0.825 — quality score: 0.0 — good: False
2026-06-23 10:36:49  INFO      [main.py:53]  Checking calendars at 10:36:49
2026-06-23 10:36:49  DEBUG     [client.py:31]  GET https://192.168.1.249:5004/scl/get-all-calender
2026-06-23 10:36:49  DEBUG     [camera.py:88]  Rejected — bad brightness (29.7)
2026-06-23 10:36:49  INFO      [camera.py:265]  Face detected — YOLO conf: 0.826 — quality score: 0.0 — good: False
2026-06-23 10:36:49  INFO      [calendar_service.py:44]  Fetched 6 valid session(s).
2026-06-23 10:36:49  INFO      [main.py:67]  Calendar 2108 already ended — skipping.
2026-06-23 10:36:49  INFO      [main.py:67]  Calendar 2108 already ended — skipping.
2026-06-23 10:36:49  INFO      [main.py:67]  Calendar 2109 already ended — skipping.
2026-06-23 10:36:49  INFO      [main.py:67]  Calendar 2109 already ended — skipping.
2026-06-23 10:36:49  INFO      [main.py:87]  Calendar 2110 already started — skipping.
2026-06-23 10:36:49  INFO      [main.py:87]  Calendar 2110 already started — skipping.
2026-06-23 10:36:49  INFO      [main.py:194]  Calendar 2110 still running (0m 10s remaining).
2026-06-23 10:36:49  INFO      [main.py:206]  Active calendars: [2110]
2026-06-23 10:36:50  DEBUG     [camera.py:88]  Rejected — bad brightness (30.1)
2026-06-23 10:36:50  INFO      [camera.py:265]  Face detected — YOLO conf: 0.849 — quality score: 0.0 — good: False
2026-06-23 10:36:50  DEBUG     [camera.py:88]  Rejected — bad brightness (31.5)
2026-06-23 10:36:50  INFO      [camera.py:265]  Face detected — YOLO conf: 0.855 — quality score: 0.0 — good: False
2026-06-23 10:36:51  DEBUG     [camera.py:88]  Rejected — bad brightness (31.1)
2026-06-23 10:36:51  INFO      [camera.py:265]  Face detected — YOLO conf: 0.855 — quality score: 0.0 — good: False
2026-06-23 10:36:51  DEBUG     [camera.py:88]  Rejected — bad brightness (31.0)
2026-06-23 10:36:51  INFO      [camera.py:265]  Face detected — YOLO conf: 0.856 — quality score: 0.0 — good: False
2026-06-23 10:36:52  DEBUG     [camera.py:88]  Rejected — bad brightness (31.8)
2026-06-23 10:36:52  INFO      [camera.py:265]  Face detected — YOLO conf: 0.863 — quality score: 0.0 — good: False
2026-06-23 10:36:52  DEBUG     [camera.py:88]  Rejected — bad brightness (32.3)
2026-06-23 10:36:52  INFO      [camera.py:265]  Face detected — YOLO conf: 0.864 — quality score: 0.0 — good: False
2026-06-23 10:36:53  DEBUG     [camera.py:88]  Rejected — bad brightness (31.2)
2026-06-23 10:36:53  INFO      [camera.py:265]  Face detected — YOLO conf: 0.843 — quality score: 0.0 — good: False
2026-06-23 10:36:53  DEBUG     [camera.py:88]  Rejected — bad brightness (31.4)
2026-06-23 10:36:53  INFO      [camera.py:265]  Face detected — YOLO conf: 0.845 — quality score: 0.0 — good: False
2026-06-23 10:36:54  DEBUG     [camera.py:88]  Rejected — bad brightness (31.4)
2026-06-23 10:36:54  INFO      [camera.py:265]  Face detected — YOLO conf: 0.853 — quality score: 0.0 — good: False
2026-06-23 10:36:54  DEBUG     [camera.py:88]  Rejected — bad brightness (31.3)
2026-06-23 10:36:54  INFO      [camera.py:265]  Face detected — YOLO conf: 0.859 — quality score: 0.0 — good: False
2026-06-23 10:36:55  DEBUG     [camera.py:88]  Rejected — bad brightness (30.8)
2026-06-23 10:36:55  INFO      [camera.py:265]  Face detected — YOLO conf: 0.849 — quality score: 0.0 — good: False
2026-06-23 10:36:55  DEBUG     [camera.py:88]  Rejected — bad brightness (31.4)
2026-06-23 10:36:55  INFO      [camera.py:265]  Face detected — YOLO conf: 0.847 — quality score: 0.0 — good: False
2026-06-23 10:36:56  DEBUG     [camera.py:88]  Rejected — bad brightness (31.4)
2026-06-23 10:36:56  INFO      [camera.py:265]  Face detected — YOLO conf: 0.858 — quality score: 0.0 — good: False
2026-06-23 10:36:56  DEBUG     [camera.py:88]  Rejected — bad brightness (30.9)
2026-06-23 10:36:56  INFO      [camera.py:265]  Face detected — YOLO conf: 0.854 — quality score: 0.0 — good: False
2026-06-23 10:36:57  DEBUG     [camera.py:88]  Rejected — bad brightness (30.9)
2026-06-23 10:36:57  INFO      [camera.py:265]  Face detected — YOLO conf: 0.846 — quality score: 0.0 — good: False
2026-06-23 10:36:57  DEBUG     [camera.py:88]  Rejected — bad brightness (31.5)
2026-06-23 10:36:57  INFO      [camera.py:265]  Face detected — YOLO conf: 0.853 — quality score: 0.0 — good: False
2026-06-23 10:36:58  DEBUG     [camera.py:88]  Rejected — bad brightness (31.0)
2026-06-23 10:36:58  INFO      [camera.py:265]  Face detected — YOLO conf: 0.858 — quality score: 0.0 — good: False
2026-06-23 10:36:58  DEBUG     [camera.py:88]  Rejected — bad brightness (30.6)
2026-06-23 10:36:58  INFO      [camera.py:265]  Face detected — YOLO conf: 0.853 — quality score: 0.0 — good: False
2026-06-23 10:36:59  DEBUG     [camera.py:88]  Rejected — bad brightness (30.8)
2026-06-23 10:36:59  INFO      [camera.py:265]  Face detected — YOLO conf: 0.859 — quality score: 0.0 — good: False
2026-06-23 10:36:59  DEBUG     [camera.py:88]  Rejected — bad brightness (31.0)
2026-06-23 10:36:59  INFO      [camera.py:265]  Face detected — YOLO conf: 0.859 — quality score: 0.0 — good: False
2026-06-23 10:36:59  INFO      [main.py:53]  Checking calendars at 10:36:59
2026-06-23 10:36:59  DEBUG     [client.py:31]  GET https://192.168.1.249:5004/scl/get-all-calender
2026-06-23 10:36:59  INFO      [calendar_service.py:44]  Fetched 6 valid session(s).
2026-06-23 10:36:59  INFO      [main.py:67]  Calendar 2108 already ended — skipping.
2026-06-23 10:36:59  INFO      [main.py:67]  Calendar 2108 already ended — skipping.
2026-06-23 10:36:59  INFO      [main.py:67]  Calendar 2109 already ended — skipping.
2026-06-23 10:36:59  INFO      [main.py:67]  Calendar 2109 already ended — skipping.
2026-06-23 10:36:59  INFO      [main.py:87]  Calendar 2110 already started — skipping.
2026-06-23 10:36:59  INFO      [main.py:87]  Calendar 2110 already started — skipping.
2026-06-23 10:36:59  INFO      [main.py:194]  Calendar 2110 still running (0m 0s remaining).
2026-06-23 10:36:59  INFO      [main.py:206]  Active calendars: [2110]
2026-06-23 10:37:00  DEBUG     [camera.py:88]  Rejected — bad brightness (30.6)
2026-06-23 10:37:00  INFO      [camera.py:265]  Face detected — YOLO conf: 0.858 — quality score: 0.0 — good: False
2026-06-23 10:37:00  DEBUG     [camera.py:88]  Rejected — bad brightness (30.6)
2026-06-23 10:37:00  INFO      [camera.py:265]  Face detected — YOLO conf: 0.849 — quality score: 0.0 — good: False
2026-06-23 10:37:01  DEBUG     [camera.py:88]  Rejected — bad brightness (30.6)
2026-06-23 10:37:01  INFO      [camera.py:265]  Face detected — YOLO conf: 0.855 — quality score: 0.0 — good: False
2026-06-23 10:37:01  DEBUG     [camera.py:88]  Rejected — bad brightness (30.8)
2026-06-23 10:37:01  INFO      [camera.py:265]  Face detected — YOLO conf: 0.851 — quality score: 0.0 — good: False
2026-06-23 10:37:02  DEBUG     [camera.py:88]  Rejected — bad brightness (30.6)
2026-06-23 10:37:02  INFO      [camera.py:265]  Face detected — YOLO conf: 0.855 — quality score: 0.0 — good: False
2026-06-23 10:37:02  DEBUG     [camera.py:88]  Rejected — bad brightness (30.9)
2026-06-23 10:37:02  INFO      [camera.py:265]  Face detected — YOLO conf: 0.857 — quality score: 0.0 — good: False
2026-06-23 10:37:03  DEBUG     [camera.py:88]  Rejected — bad brightness (31.4)
2026-06-23 10:37:03  INFO      [camera.py:265]  Face detected — YOLO conf: 0.858 — quality score: 0.0 — good: False
2026-06-23 10:37:03  DEBUG     [camera.py:88]  Rejected — bad brightness (30.7)
2026-06-23 10:37:03  INFO      [camera.py:265]  Face detected — YOLO conf: 0.856 — quality score: 0.0 — good: False
2026-06-23 10:37:04  DEBUG     [camera.py:88]  Rejected — bad brightness (31.3)
2026-06-23 10:37:04  INFO      [camera.py:265]  Face detected — YOLO conf: 0.858 — quality score: 0.0 — good: False
2026-06-23 10:37:04  DEBUG     [camera.py:88]  Rejected — bad brightness (30.8)
2026-06-23 10:37:04  INFO      [camera.py:265]  Face detected — YOLO conf: 0.861 — quality score: 0.0 — good: False
2026-06-23 10:37:05  DEBUG     [camera.py:88]  Rejected — bad brightness (30.6)
2026-06-23 10:37:05  INFO      [camera.py:265]  Face detected — YOLO conf: 0.861 — quality score: 0.0 — good: False
2026-06-23 10:37:05  DEBUG     [camera.py:88]  Rejected — bad brightness (30.6)
2026-06-23 10:37:05  INFO      [camera.py:265]  Face detected — YOLO conf: 0.855 — quality score: 0.0 — good: False
2026-06-23 10:37:06  DEBUG     [camera.py:88]  Rejected — bad brightness (30.9)
2026-06-23 10:37:06  INFO      [camera.py:265]  Face detected — YOLO conf: 0.859 — quality score: 0.0 — good: False
2026-06-23 10:37:06  DEBUG     [camera.py:88]  Rejected — bad brightness (31.6)
2026-06-23 10:37:06  INFO      [camera.py:265]  Face detected — YOLO conf: 0.861 — quality score: 0.0 — good: False
2026-06-23 10:37:07  DEBUG     [camera.py:88]  Rejected — bad brightness (30.6)
2026-06-23 10:37:07  INFO      [camera.py:265]  Face detected — YOLO conf: 0.863 — quality score: 0.0 — good: False
2026-06-23 10:37:07  DEBUG     [camera.py:88]  Rejected — bad brightness (30.4)
2026-06-23 10:37:07  INFO      [camera.py:265]  Face detected — YOLO conf: 0.855 — quality score: 0.0 — good: False
2026-06-23 10:37:08  DEBUG     [camera.py:88]  Rejected — bad brightness (30.8)
2026-06-23 10:37:08  INFO      [camera.py:265]  Face detected — YOLO conf: 0.860 — quality score: 0.0 — good: False
2026-06-23 10:37:08  DEBUG     [camera.py:88]  Rejected — bad brightness (30.5)
2026-06-23 10:37:08  INFO      [camera.py:265]  Face detected — YOLO conf: 0.861 — quality score: 0.0 — good: False
2026-06-23 10:37:09  DEBUG     [camera.py:88]  Rejected — bad brightness (31.0)
2026-06-23 10:37:09  INFO      [camera.py:265]  Face detected — YOLO conf: 0.852 — quality score: 0.0 — good: False
2026-06-23 10:37:09  DEBUG     [camera.py:88]  Rejected — bad brightness (30.8)
2026-06-23 10:37:09  INFO      [camera.py:265]  Face detected — YOLO conf: 0.860 — quality score: 0.0 — good: False
2026-06-23 10:37:09  INFO      [main.py:53]  Checking calendars at 10:37:09
2026-06-23 10:37:09  DEBUG     [client.py:31]  GET https://192.168.1.249:5004/scl/get-all-calender
2026-06-23 10:37:09  INFO      [calendar_service.py:44]  Fetched 6 valid session(s).
2026-06-23 10:37:09  INFO      [main.py:67]  Calendar 2108 already ended — skipping.
2026-06-23 10:37:09  INFO      [main.py:67]  Calendar 2108 already ended — skipping.
2026-06-23 10:37:09  INFO      [main.py:67]  Calendar 2109 already ended — skipping.
2026-06-23 10:37:09  INFO      [main.py:67]  Calendar 2109 already ended — skipping.
2026-06-23 10:37:09  INFO      [main.py:87]  Calendar 2110 already started — skipping.
2026-06-23 10:37:09  INFO      [main.py:87]  Calendar 2110 already started — skipping.
2026-06-23 10:37:09  INFO      [main.py:138]  Calendar 2110 ended — stopping cameras...
2026-06-23 10:37:09  INFO      [detector.py:111]  Stopping detection for calendar 2110...
2026-06-23 10:37:11  INFO      [recognition_worker.py:136]  Recognition worker finished for calendar 2110 — 1 student(s) recognized.
2026-06-23 10:37:11  INFO      [detector.py:118]  All detection processes stopped for calendar 2110.
2026-06-23 10:37:11  INFO      [classification.py:78]  Starting classification for calendar 2110 — 25 image(s) found.
2026-06-23 10:37:11  INFO      [classification.py:91]  Created person_1 — reference: face_20260623_103543_082.jpg
2026-06-23 10:37:11  DEBUG     [classification.py:45]  face_20260623_103543_082.jpg ↔ face_20260623_103526_073.jpg → similarity: 0.9974
2026-06-23 10:37:11  INFO      [classification.py:110]    ✔ Copied face_20260623_103526_073.jpg → person_1 (2/7)
2026-06-23 10:37:11  DEBUG     [classification.py:45]  face_20260623_103543_082.jpg ↔ face_20260623_103540_882.jpg → similarity: 0.9977
2026-06-23 10:37:11  INFO      [classification.py:110]    ✔ Copied face_20260623_103540_882.jpg → person_1 (3/7)
2026-06-23 10:37:12  DEBUG     [classification.py:45]  face_20260623_103543_082.jpg ↔ face_20260623_103644_132.jpg → similarity: 0.9927
2026-06-23 10:37:12  INFO      [classification.py:110]    ✔ Copied face_20260623_103644_132.jpg → person_1 (4/7)
2026-06-23 10:37:12  DEBUG     [classification.py:45]  face_20260623_103543_082.jpg ↔ face_20260623_103540_384.jpg → similarity: 0.9995
2026-06-23 10:37:12  INFO      [classification.py:110]    ✔ Copied face_20260623_103540_384.jpg → person_1 (5/7)
2026-06-23 10:37:12  DEBUG     [classification.py:45]  face_20260623_103543_082.jpg ↔ face_20260623_103527_074.jpg → similarity: 0.9968
2026-06-23 10:37:12  INFO      [classification.py:110]    ✔ Copied face_20260623_103527_074.jpg → person_1 (6/7)
2026-06-23 10:37:12  DEBUG     [classification.py:45]  face_20260623_103543_082.jpg ↔ face_20260623_103536_287.jpg → similarity: 0.1131
2026-06-23 10:37:12  DEBUG     [classification.py:45]  face_20260623_103526_073.jpg ↔ face_20260623_103536_287.jpg → similarity: 0.1854
2026-06-23 10:37:12  DEBUG     [classification.py:45]  face_20260623_103540_882.jpg ↔ face_20260623_103536_287.jpg → similarity: 0.3195
2026-06-23 10:37:12  DEBUG     [classification.py:45]  face_20260623_103644_132.jpg ↔ face_20260623_103536_287.jpg → similarity: 0.1794
2026-06-23 10:37:12  DEBUG     [classification.py:45]  face_20260623_103540_384.jpg ↔ face_20260623_103536_287.jpg → similarity: 0.1648
2026-06-23 10:37:12  DEBUG     [classification.py:45]  face_20260623_103527_074.jpg ↔ face_20260623_103536_287.jpg → similarity: 0.2093
2026-06-23 10:37:12  DEBUG     [classification.py:45]  face_20260623_103543_082.jpg ↔ face_20260623_103642_633.jpg → similarity: 0.9935
2026-06-23 10:37:12  INFO      [classification.py:110]    ✔ Copied face_20260623_103642_633.jpg → person_1 (7/7)
2026-06-23 10:37:12  DEBUG     [classification.py:45]  face_20260623_103543_082.jpg ↔ face_20260623_103541_982.jpg → similarity: 0.9989
2026-06-23 10:37:12  INFO      [classification.py:112]    ⏭ Matched face_20260623_103541_982.jpg → person_1 (limit reached, skipped copy)
2026-06-23 10:37:13  DEBUG     [classification.py:45]  face_20260623_103543_082.jpg ↔ face_20260623_103527_576.jpg → similarity: 0.9977
2026-06-23 10:37:13  INFO      [classification.py:112]    ⏭ Matched face_20260623_103527_576.jpg → person_1 (limit reached, skipped copy)
2026-06-23 10:37:13  DEBUG     [classification.py:45]  face_20260623_103543_082.jpg ↔ face_20260623_103645_627.jpg → similarity: 0.9807
2026-06-23 10:37:13  INFO      [classification.py:112]    ⏭ Matched face_20260623_103645_627.jpg → person_1 (limit reached, skipped copy)
2026-06-23 10:37:13  DEBUG     [classification.py:45]  face_20260623_103543_082.jpg ↔ face_20260623_103645_131.jpg → similarity: 0.9784
2026-06-23 10:37:13  INFO      [classification.py:112]    ⏭ Matched face_20260623_103645_131.jpg → person_1 (limit reached, skipped copy)
2026-06-23 10:37:13  DEBUG     [classification.py:45]  face_20260623_103543_082.jpg ↔ face_20260623_103644_633.jpg → similarity: 0.9836
2026-06-23 10:37:13  INFO      [classification.py:112]    ⏭ Matched face_20260623_103644_633.jpg → person_1 (limit reached, skipped copy)
2026-06-23 10:37:13  DEBUG     [classification.py:45]  face_20260623_103543_082.jpg ↔ face_20260623_103526_585.jpg → similarity: 0.9975
2026-06-23 10:37:13  INFO      [classification.py:112]    ⏭ Matched face_20260623_103526_585.jpg → person_1 (limit reached, skipped copy)
2026-06-23 10:37:13  DEBUG     [classification.py:45]  face_20260623_103543_082.jpg ↔ face_20260623_103643_632.jpg → similarity: 0.9939
2026-06-23 10:37:13  INFO      [classification.py:112]    ⏭ Matched face_20260623_103643_632.jpg → person_1 (limit reached, skipped copy)
2026-06-23 10:37:13  DEBUG     [classification.py:45]  face_20260623_103543_082.jpg ↔ face_20260623_103545_275.jpg → similarity: 0.9980
2026-06-23 10:37:13  INFO      [classification.py:112]    ⏭ Matched face_20260623_103545_275.jpg → person_1 (limit reached, skipped copy)
2026-06-23 10:37:13  DEBUG     [classification.py:45]  face_20260623_103543_082.jpg ↔ face_20260623_103535_286.jpg → similarity: 0.0303
2026-06-23 10:37:13  DEBUG     [classification.py:45]  face_20260623_103526_073.jpg ↔ face_20260623_103535_286.jpg → similarity: 0.0597
2026-06-23 10:37:13  DEBUG     [classification.py:45]  face_20260623_103540_882.jpg ↔ face_20260623_103535_286.jpg → similarity: 0.0670
2026-06-23 10:37:13  DEBUG     [classification.py:45]  face_20260623_103644_132.jpg ↔ face_20260623_103535_286.jpg → similarity: 0.1320
2026-06-23 10:37:14  DEBUG     [classification.py:45]  face_20260623_103540_384.jpg ↔ face_20260623_103535_286.jpg → similarity: 0.0300
2026-06-23 10:37:14  DEBUG     [classification.py:45]  face_20260623_103527_074.jpg ↔ face_20260623_103535_286.jpg → similarity: 0.0526
2026-06-23 10:37:14  DEBUG     [classification.py:45]  face_20260623_103642_633.jpg ↔ face_20260623_103535_286.jpg → similarity: 0.0784
2026-06-23 10:37:14  DEBUG     [classification.py:45]  face_20260623_103541_982.jpg ↔ face_20260623_103535_286.jpg → similarity: 0.0508
2026-06-23 10:37:14  DEBUG     [classification.py:45]  face_20260623_103527_576.jpg ↔ face_20260623_103535_286.jpg → similarity: 0.0621
2026-06-23 10:37:14  DEBUG     [classification.py:45]  face_20260623_103645_627.jpg ↔ face_20260623_103535_286.jpg → similarity: 0.0631
2026-06-23 10:37:14  DEBUG     [classification.py:45]  face_20260623_103645_131.jpg ↔ face_20260623_103535_286.jpg → similarity: 0.1263
2026-06-23 10:37:14  DEBUG     [classification.py:45]  face_20260623_103644_633.jpg ↔ face_20260623_103535_286.jpg → similarity: 0.1428
2026-06-23 10:37:14  DEBUG     [classification.py:45]  face_20260623_103526_585.jpg ↔ face_20260623_103535_286.jpg → similarity: 0.0669
2026-06-23 10:37:14  DEBUG     [classification.py:45]  face_20260623_103643_632.jpg ↔ face_20260623_103535_286.jpg → similarity: 0.0776
2026-06-23 10:37:14  DEBUG     [classification.py:45]  face_20260623_103545_275.jpg ↔ face_20260623_103535_286.jpg → similarity: 0.0524
2026-06-23 10:37:15  DEBUG     [classification.py:45]  face_20260623_103543_082.jpg ↔ face_20260623_103539_882.jpg → similarity: 0.9998
2026-06-23 10:37:15  INFO      [classification.py:112]    ⏭ Matched face_20260623_103539_882.jpg → person_1 (limit reached, skipped copy)
2026-06-23 10:37:15  DEBUG     [classification.py:45]  face_20260623_103543_082.jpg ↔ face_20260623_103528_091.jpg → similarity: 0.9980
2026-06-23 10:37:15  INFO      [classification.py:112]    ⏭ Matched face_20260623_103528_091.jpg → person_1 (limit reached, skipped copy)
2026-06-23 10:37:15  DEBUG     [classification.py:45]  face_20260623_103543_082.jpg ↔ face_20260623_103543_670.jpg → similarity: 0.9988
2026-06-23 10:37:15  INFO      [classification.py:112]    ⏭ Matched face_20260623_103543_670.jpg → person_1 (limit reached, skipped copy)
2026-06-23 10:37:15  DEBUG     [classification.py:45]  face_20260623_103543_082.jpg ↔ face_20260623_103544_676.jpg → similarity: 0.9983
2026-06-23 10:37:15  INFO      [classification.py:112]    ⏭ Matched face_20260623_103544_676.jpg → person_1 (limit reached, skipped copy)
2026-06-23 10:37:15  DEBUG     [classification.py:45]  face_20260623_103543_082.jpg ↔ face_20260623_103544_181.jpg → similarity: 0.9981
2026-06-23 10:37:15  INFO      [classification.py:112]    ⏭ Matched face_20260623_103544_181.jpg → person_1 (limit reached, skipped copy)
2026-06-23 10:37:15  DEBUG     [classification.py:45]  face_20260623_103543_082.jpg ↔ face_20260623_103525_836.jpg → similarity: 0.9950
2026-06-23 10:37:15  INFO      [classification.py:112]    ⏭ Matched face_20260623_103525_836.jpg → person_1 (limit reached, skipped copy)
2026-06-23 10:37:15  DEBUG     [classification.py:45]  face_20260623_103543_082.jpg ↔ face_20260623_103542_582.jpg → similarity: 1.0000
2026-06-23 10:37:15  INFO      [classification.py:112]    ⏭ Matched face_20260623_103542_582.jpg → person_1 (limit reached, skipped copy)
2026-06-23 10:37:15  DEBUG     [classification.py:45]  face_20260623_103543_082.jpg ↔ face_20260623_103541_481.jpg → similarity: 0.9872
2026-06-23 10:37:15  INFO      [classification.py:112]    ⏭ Matched face_20260623_103541_481.jpg → person_1 (limit reached, skipped copy)
2026-06-23 10:37:15  INFO      [classification.py:91]  Created person_2 — reference: face_20260623_103536_287.jpg
2026-06-23 10:37:15  DEBUG     [classification.py:45]  face_20260623_103536_287.jpg ↔ face_20260623_103535_286.jpg → similarity: 0.2650
2026-06-23 10:37:15  INFO      [classification.py:91]  Created person_3 — reference: face_20260623_103535_286.jpg
2026-06-23 10:37:15  INFO      [classification.py:119]  Classification complete — 3 person(s) found for calendar 2110.
2026-06-23 10:37:15  DEBUG     [client.py:48]  POST https://192.168.1.249:5004/scl/store-classified-folders/2110
2026-06-23 10:37:15  ERROR     [client.py:59]  HTTP error on POST https://192.168.1.249:5004/scl/store-classified-folders/2110: 404
2026-06-23 10:37:15  ERROR     [student_service.py:29]  Failed to store classified folders for calendar 2110: 404 Client Error: NOT FOUND for url: https://192.168.1.249:5004/scl/store-classified-folders/2110
2026-06-23 10:37:15  DEBUG     [client.py:31]  GET https://192.168.1.249:5004/scl/get-attendance/2110
2026-06-23 10:37:15  INFO      [student_service.py:11]  Found 2 student(s) for calendar 2110
2026-06-23 10:37:15  INFO      [main.py:156]  Already present students (real-time): {'3'}
2026-06-23 10:37:15  INFO      [main.py:175]  Student 3 already present — skipping.
2026-06-23 10:37:15  DEBUG     [client.py:48]  POST https://192.168.1.249:5004/scl/update-attendance-student/9567
2026-06-23 10:37:15  INFO      [attendance_service.py:13]  Attendance 9567 updated - present: False.
2026-06-23 10:37:15  INFO      [main.py:180]  Student 683 marked absent.
2026-06-23 10:37:15  INFO      [main.py:184]  Unenrolling remaining students for calendar 2110...
2026-06-23 10:37:15  INFO      [recognition.py:115]  Unenrolled student 3 from CompreFace.
2026-06-23 10:37:15  INFO      [recognition.py:115]  Unenrolled student 683 from CompreFace.
2026-06-23 10:37:15  INFO      [dataset_cleaner.py:19]  Deleted face_crops for session 2110.
2026-06-23 10:37:15  INFO      [main.py:191]  Calendar 2110 completed.
2026-06-23 10:37:25  INFO      [main.py:53]  Checking calendars at 10:37:25
2026-06-23 10:37:25  DEBUG     [client.py:31]  GET https://192.168.1.249:5004/scl/get-all-calender
2026-06-23 10:37:25  INFO      [calendar_service.py:44]  Fetched 6 valid session(s).
2026-06-23 10:37:25  INFO      [main.py:67]  Calendar 2108 already ended — skipping.
2026-06-23 10:37:25  INFO      [main.py:67]  Calendar 2108 already ended — skipping.
2026-06-23 10:37:25  INFO      [main.py:67]  Calendar 2109 already ended — skipping.
2026-06-23 10:37:25  INFO      [main.py:67]  Calendar 2109 already ended — skipping.
2026-06-23 10:37:35  INFO      [main.py:53]  Checking calendars at 10:37:35
2026-06-23 10:37:35  DEBUG     [client.py:31]  GET https://192.168.1.249:5004/scl/get-all-calender
2026-06-23 10:37:35  INFO      [calendar_service.py:44]  Fetched 6 valid session(s).
2026-06-23 10:37:35  INFO      [main.py:67]  Calendar 2108 already ended — skipping.
2026-06-23 10:37:35  INFO      [main.py:67]  Calendar 2108 already ended — skipping.
2026-06-23 10:37:35  INFO      [main.py:67]  Calendar 2109 already ended — skipping.
2026-06-23 10:37:35  INFO      [main.py:67]  Calendar 2109 already ended — skipping.
2026-06-23 10:37:45  INFO      [main.py:53]  Checking calendars at 10:37:45
2026-06-23 10:37:45  DEBUG     [client.py:31]  GET https://192.168.1.249:5004/scl/get-all-calender
2026-06-23 10:37:45  INFO      [calendar_service.py:44]  Fetched 6 valid session(s).
2026-06-23 10:37:45  INFO      [main.py:67]  Calendar 2108 already ended — skipping.
2026-06-23 10:37:45  INFO      [main.py:67]  Calendar 2108 already ended — skipping.
2026-06-23 10:37:45  INFO      [main.py:67]  Calendar 2109 already ended — skipping.
2026-06-23 10:37:46  INFO      [main.py:67]  Calendar 2109 already ended — skipping.
2026-06-23 10:37:56  INFO      [main.py:53]  Checking calendars at 10:37:56
2026-06-23 10:37:56  DEBUG     [client.py:31]  GET https://192.168.1.249:5004/scl/get-all-calender
2026-06-23 10:37:56  INFO      [calendar_service.py:44]  Fetched 6 valid session(s).
2026-06-23 10:37:56  INFO      [main.py:67]  Calendar 2108 already ended — skipping.
2026-06-23 10:37:56  INFO      [main.py:67]  Calendar 2108 already ended — skipping.
2026-06-23 10:37:56  INFO      [main.py:67]  Calendar 2109 already ended — skipping.
2026-06-23 10:37:56  INFO      [main.py:67]  Calendar 2109 already ended — skipping.
2026-06-23 10:38:06  INFO      [main.py:53]  Checking calendars at 10:38:06
2026-06-23 10:38:06  DEBUG     [client.py:31]  GET https://192.168.1.249:5004/scl/get-all-calender
2026-06-23 10:38:06  INFO      [calendar_service.py:44]  Fetched 6 valid session(s).
2026-06-23 10:38:06  INFO      [main.py:67]  Calendar 2108 already ended — skipping.
2026-06-23 10:38:06  INFO      [main.py:67]  Calendar 2108 already ended — skipping.
2026-06-23 10:38:06  INFO      [main.py:67]  Calendar 2109 already ended — skipping.
2026-06-23 10:38:06  INFO      [main.py:67]  Calendar 2109 already ended — skipping.
2026-06-23 10:38:16  INFO      [main.py:53]  Checking calendars at 10:38:16
2026-06-23 10:38:16  DEBUG     [client.py:31]  GET https://192.168.1.249:5004/scl/get-all-calender
2026-06-23 10:38:16  INFO      [calendar_service.py:44]  Fetched 6 valid session(s).
2026-06-23 10:38:16  INFO      [main.py:67]  Calendar 2108 already ended — skipping.
2026-06-23 10:38:16  INFO      [main.py:67]  Calendar 2108 already ended — skipping.
2026-06-23 10:38:16  INFO      [main.py:67]  Calendar 2109 already ended — skipping.
2026-06-23 10:38:16  INFO      [main.py:67]  Calendar 2109 already ended — skipping.
2026-06-23 10:38:26  INFO      [main.py:53]  Checking calendars at 10:38:26
2026-06-23 10:38:26  DEBUG     [client.py:31]  GET https://192.168.1.249:5004/scl/get-all-calender
2026-06-23 10:38:26  INFO      [calendar_service.py:44]  Fetched 6 valid session(s).
2026-06-23 10:38:26  INFO      [main.py:67]  Calendar 2108 already ended — skipping.
2026-06-23 10:38:26  INFO      [main.py:67]  Calendar 2108 already ended — skipping.
2026-06-23 10:38:26  INFO      [main.py:67]  Calendar 2109 already ended — skipping.
2026-06-23 10:38:26  INFO      [main.py:67]  Calendar 2109 already ended — skipping.
2026-06-23 10:38:36  INFO      [main.py:53]  Checking calendars at 10:38:36
2026-06-23 10:38:36  DEBUG     [client.py:31]  GET https://192.168.1.249:5004/scl/get-all-calender
2026-06-23 10:38:36  INFO      [calendar_service.py:44]  Fetched 6 valid session(s).
2026-06-23 10:38:36  INFO      [main.py:67]  Calendar 2108 already ended — skipping.
2026-06-23 10:38:36  INFO      [main.py:67]  Calendar 2108 already ended — skipping.
2026-06-23 10:38:36  INFO      [main.py:67]  Calendar 2109 already ended — skipping.
2026-06-23 10:38:36  INFO      [main.py:67]  Calendar 2109 already ended — skipping.
2026-06-23 10:38:46  INFO      [main.py:53]  Checking calendars at 10:38:46
2026-06-23 10:38:46  DEBUG     [client.py:31]  GET https://192.168.1.249:5004/scl/get-all-calender
2026-06-23 10:38:46  INFO      [calendar_service.py:44]  Fetched 6 valid session(s).
2026-06-23 10:38:46  INFO      [main.py:67]  Calendar 2108 already ended — skipping.
2026-06-23 10:38:46  INFO      [main.py:67]  Calendar 2108 already ended — skipping.
2026-06-23 10:38:46  INFO      [main.py:67]  Calendar 2109 already ended — skipping.
2026-06-23 10:38:46  INFO      [main.py:67]  Calendar 2109 already ended — skipping.
2026-06-23 10:38:56  INFO      [main.py:53]  Checking calendars at 10:38:56
2026-06-23 10:38:56  DEBUG     [client.py:31]  GET https://192.168.1.249:5004/scl/get-all-calender
2026-06-23 10:38:56  INFO      [calendar_service.py:44]  Fetched 6 valid session(s).
2026-06-23 10:38:56  INFO      [main.py:67]  Calendar 2108 already ended — skipping.
2026-06-23 10:38:56  INFO      [main.py:67]  Calendar 2108 already ended — skipping.
2026-06-23 10:38:56  INFO      [main.py:67]  Calendar 2109 already ended — skipping.
2026-06-23 10:38:56  INFO      [main.py:67]  Calendar 2109 already ended — skipping.
2026-06-23 10:39:06  INFO      [main.py:53]  Checking calendars at 10:39:06
2026-06-23 10:39:06  DEBUG     [client.py:31]  GET https://192.168.1.249:5004/scl/get-all-calender
2026-06-23 10:39:06  INFO      [calendar_service.py:44]  Fetched 6 valid session(s).
2026-06-23 10:39:06  INFO      [main.py:67]  Calendar 2108 already ended — skipping.
2026-06-23 10:39:06  INFO      [main.py:67]  Calendar 2108 already ended — skipping.
2026-06-23 10:39:06  INFO      [main.py:67]  Calendar 2109 already ended — skipping.
2026-06-23 10:39:06  INFO      [main.py:67]  Calendar 2109 already ended — skipping.
2026-06-23 10:39:16  INFO      [main.py:53]  Checking calendars at 10:39:16
2026-06-23 10:39:16  DEBUG     [client.py:31]  GET https://192.168.1.249:5004/scl/get-all-calender
2026-06-23 10:39:16  INFO      [calendar_service.py:44]  Fetched 6 valid session(s).
2026-06-23 10:39:16  INFO      [main.py:67]  Calendar 2108 already ended — skipping.
2026-06-23 10:39:16  INFO      [main.py:67]  Calendar 2108 already ended — skipping.
2026-06-23 10:39:16  INFO      [main.py:67]  Calendar 2109 already ended — skipping.
2026-06-23 10:39:16  INFO      [main.py:67]  Calendar 2109 already ended — skipping.
2026-06-23 10:39:26  INFO      [main.py:53]  Checking calendars at 10:39:26
2026-06-23 10:39:26  DEBUG     [client.py:31]  GET https://192.168.1.249:5004/scl/get-all-calender
2026-06-23 10:39:26  INFO      [calendar_service.py:44]  Fetched 6 valid session(s).
2026-06-23 10:39:26  INFO      [main.py:67]  Calendar 2108 already ended — skipping.
2026-06-23 10:39:26  INFO      [main.py:67]  Calendar 2108 already ended — skipping.
2026-06-23 10:39:26  INFO      [main.py:67]  Calendar 2109 already ended — skipping.
2026-06-23 10:39:26  INFO      [main.py:67]  Calendar 2109 already ended — skipping.
2026-06-23 10:39:36  INFO      [main.py:53]  Checking calendars at 10:39:36
2026-06-23 10:39:36  DEBUG     [client.py:31]  GET https://192.168.1.249:5004/scl/get-all-calender
2026-06-23 10:39:36  INFO      [calendar_service.py:44]  Fetched 6 valid session(s).
2026-06-23 10:39:36  INFO      [main.py:67]  Calendar 2108 already ended — skipping.
2026-06-23 10:39:36  INFO      [main.py:67]  Calendar 2108 already ended — skipping.
2026-06-23 10:39:36  INFO      [main.py:67]  Calendar 2109 already ended — skipping.
2026-06-23 10:39:36  INFO      [main.py:67]  Calendar 2109 already ended — skipping.
2026-06-23 10:39:46  INFO      [main.py:53]  Checking calendars at 10:39:46
2026-06-23 10:39:46  DEBUG     [client.py:31]  GET https://192.168.1.249:5004/scl/get-all-calender
2026-06-23 10:39:46  INFO      [calendar_service.py:44]  Fetched 6 valid session(s).
2026-06-23 10:39:46  INFO      [main.py:67]  Calendar 2108 already ended — skipping.
2026-06-23 10:39:46  INFO      [main.py:67]  Calendar 2108 already ended — skipping.
2026-06-23 10:39:46  INFO      [main.py:67]  Calendar 2109 already ended — skipping.
2026-06-23 10:39:46  INFO      [main.py:67]  Calendar 2109 already ended — skipping.
2026-06-23 10:39:56  INFO      [main.py:53]  Checking calendars at 10:39:56
2026-06-23 10:39:56  DEBUG     [client.py:31]  GET https://192.168.1.249:5004/scl/get-all-calender
2026-06-23 10:39:56  INFO      [calendar_service.py:44]  Fetched 6 valid session(s).
2026-06-23 10:39:56  INFO      [main.py:67]  Calendar 2108 already ended — skipping.
2026-06-23 10:39:56  INFO      [main.py:67]  Calendar 2108 already ended — skipping.
2026-06-23 10:39:56  INFO      [main.py:67]  Calendar 2109 already ended — skipping.
2026-06-23 10:39:56  INFO      [main.py:67]  Calendar 2109 already ended — skipping.
2026-06-23 10:40:06  INFO      [main.py:53]  Checking calendars at 10:40:06
2026-06-23 10:40:06  DEBUG     [client.py:31]  GET https://192.168.1.249:5004/scl/get-all-calender
2026-06-23 10:40:06  INFO      [calendar_service.py:44]  Fetched 6 valid session(s).
2026-06-23 10:40:06  INFO      [main.py:67]  Calendar 2108 already ended — skipping.
2026-06-23 10:40:06  INFO      [main.py:67]  Calendar 2108 already ended — skipping.
2026-06-23 10:40:06  INFO      [main.py:67]  Calendar 2109 already ended — skipping.
2026-06-23 10:40:06  INFO      [main.py:67]  Calendar 2109 already ended — skipping.
2026-06-23 10:40:16  INFO      [main.py:53]  Checking calendars at 10:40:16
2026-06-23 10:40:16  DEBUG     [client.py:31]  GET https://192.168.1.249:5004/scl/get-all-calender
2026-06-23 10:40:16  INFO      [calendar_service.py:44]  Fetched 6 valid session(s).
2026-06-23 10:40:16  INFO      [main.py:67]  Calendar 2108 already ended — skipping.
2026-06-23 10:40:16  INFO      [main.py:67]  Calendar 2108 already ended — skipping.
2026-06-23 10:40:16  INFO      [main.py:67]  Calendar 2109 already ended — skipping.
2026-06-23 10:40:16  INFO      [main.py:67]  Calendar 2109 already ended — skipping.
2026-06-23 10:40:26  INFO      [main.py:53]  Checking calendars at 10:40:26
2026-06-23 10:40:26  DEBUG     [client.py:31]  GET https://192.168.1.249:5004/scl/get-all-calender
2026-06-23 10:40:26  INFO      [calendar_service.py:44]  Fetched 6 valid session(s).
2026-06-23 10:40:26  INFO      [main.py:67]  Calendar 2108 already ended — skipping.
2026-06-23 10:40:26  INFO      [main.py:67]  Calendar 2108 already ended — skipping.
2026-06-23 10:40:26  INFO      [main.py:67]  Calendar 2109 already ended — skipping.
2026-06-23 10:40:26  INFO      [main.py:67]  Calendar 2109 already ended — skipping.
2026-06-23 10:40:36  INFO      [main.py:53]  Checking calendars at 10:40:36
2026-06-23 10:40:36  DEBUG     [client.py:31]  GET https://192.168.1.249:5004/scl/get-all-calender
2026-06-23 10:40:36  INFO      [calendar_service.py:44]  Fetched 6 valid session(s).
2026-06-23 10:40:36  INFO      [main.py:67]  Calendar 2108 already ended — skipping.
2026-06-23 10:40:36  INFO      [main.py:67]  Calendar 2108 already ended — skipping.
2026-06-23 10:40:36  INFO      [main.py:67]  Calendar 2109 already ended — skipping.
2026-06-23 10:40:36  INFO      [main.py:67]  Calendar 2109 already ended — skipping.
2026-06-23 10:40:46  INFO      [main.py:53]  Checking calendars at 10:40:46
2026-06-23 10:40:46  DEBUG     [client.py:31]  GET https://192.168.1.249:5004/scl/get-all-calender
2026-06-23 10:40:46  INFO      [calendar_service.py:44]  Fetched 6 valid session(s).
2026-06-23 10:40:46  INFO      [main.py:67]  Calendar 2108 already ended — skipping.
2026-06-23 10:40:46  INFO      [main.py:67]  Calendar 2108 already ended — skipping.
2026-06-23 10:40:46  INFO      [main.py:67]  Calendar 2109 already ended — skipping.
2026-06-23 10:40:46  INFO      [main.py:67]  Calendar 2109 already ended — skipping.
2026-06-23 10:40:56  INFO      [main.py:53]  Checking calendars at 10:40:56
2026-06-23 10:40:56  DEBUG     [client.py:31]  GET https://192.168.1.249:5004/scl/get-all-calender
2026-06-23 10:40:56  INFO      [calendar_service.py:44]  Fetched 6 valid session(s).
2026-06-23 10:40:56  INFO      [main.py:67]  Calendar 2108 already ended — skipping.
2026-06-23 10:40:56  INFO      [main.py:67]  Calendar 2108 already ended — skipping.
2026-06-23 10:40:56  INFO      [main.py:67]  Calendar 2109 already ended — skipping.
2026-06-23 10:40:56  INFO      [main.py:67]  Calendar 2109 already ended — skipping.
2026-06-23 10:41:07  INFO      [main.py:53]  Checking calendars at 10:41:07
2026-06-23 10:41:07  DEBUG     [client.py:31]  GET https://192.168.1.249:5004/scl/get-all-calender
2026-06-23 10:41:07  INFO      [calendar_service.py:44]  Fetched 6 valid session(s).
2026-06-23 10:41:07  INFO      [main.py:67]  Calendar 2108 already ended — skipping.
2026-06-23 10:41:07  INFO      [main.py:67]  Calendar 2108 already ended — skipping.
2026-06-23 10:41:07  INFO      [main.py:67]  Calendar 2109 already ended — skipping.
2026-06-23 10:41:07  INFO      [main.py:67]  Calendar 2109 already ended — skipping.
2026-06-23 10:41:17  INFO      [main.py:53]  Checking calendars at 10:41:17
2026-06-23 10:41:17  DEBUG     [client.py:31]  GET https://192.168.1.249:5004/scl/get-all-calender
2026-06-23 10:41:17  INFO      [calendar_service.py:44]  Fetched 6 valid session(s).
2026-06-23 10:41:17  INFO      [main.py:67]  Calendar 2108 already ended — skipping.
2026-06-23 10:41:17  INFO      [main.py:67]  Calendar 2108 already ended — skipping.
2026-06-23 10:41:17  INFO      [main.py:67]  Calendar 2109 already ended — skipping.
2026-06-23 10:41:17  INFO      [main.py:67]  Calendar 2109 already ended — skipping.
2026-06-23 10:41:27  INFO      [main.py:53]  Checking calendars at 10:41:27
2026-06-23 10:41:27  DEBUG     [client.py:31]  GET https://192.168.1.249:5004/scl/get-all-calender
2026-06-23 10:41:27  INFO      [calendar_service.py:44]  Fetched 6 valid session(s).
2026-06-23 10:41:27  INFO      [main.py:67]  Calendar 2108 already ended — skipping.
2026-06-23 10:41:27  INFO      [main.py:67]  Calendar 2108 already ended — skipping.
2026-06-23 10:41:27  INFO      [main.py:67]  Calendar 2109 already ended — skipping.
2026-06-23 10:41:27  INFO      [main.py:67]  Calendar 2109 already ended — skipping.
2026-06-23 10:41:37  INFO      [main.py:53]  Checking calendars at 10:41:37
2026-06-23 10:41:37  DEBUG     [client.py:31]  GET https://192.168.1.249:5004/scl/get-all-calender
2026-06-23 10:41:37  INFO      [calendar_service.py:44]  Fetched 6 valid session(s).
2026-06-23 10:41:37  INFO      [main.py:67]  Calendar 2108 already ended — skipping.
2026-06-23 10:41:37  INFO      [main.py:67]  Calendar 2108 already ended — skipping.
2026-06-23 10:41:37  INFO      [main.py:67]  Calendar 2109 already ended — skipping.
2026-06-23 10:41:37  INFO      [main.py:67]  Calendar 2109 already ended — skipping.
2026-06-23 10:41:47  INFO      [main.py:53]  Checking calendars at 10:41:47
2026-06-23 10:41:47  DEBUG     [client.py:31]  GET https://192.168.1.249:5004/scl/get-all-calender
2026-06-23 10:41:47  INFO      [calendar_service.py:44]  Fetched 6 valid session(s).
2026-06-23 10:41:47  INFO      [main.py:67]  Calendar 2108 already ended — skipping.
2026-06-23 10:41:47  INFO      [main.py:67]  Calendar 2108 already ended — skipping.
2026-06-23 10:41:47  INFO      [main.py:67]  Calendar 2109 already ended — skipping.
2026-06-23 10:41:47  INFO      [main.py:67]  Calendar 2109 already ended — skipping.
2026-06-23 10:41:57  INFO      [main.py:53]  Checking calendars at 10:41:57
2026-06-23 10:41:57  DEBUG     [client.py:31]  GET https://192.168.1.249:5004/scl/get-all-calender
2026-06-23 10:41:57  INFO      [calendar_service.py:44]  Fetched 6 valid session(s).
2026-06-23 10:41:57  INFO      [main.py:67]  Calendar 2108 already ended — skipping.
2026-06-23 10:41:57  INFO      [main.py:67]  Calendar 2108 already ended — skipping.
2026-06-23 10:41:57  INFO      [main.py:67]  Calendar 2109 already ended — skipping.
2026-06-23 10:41:57  INFO      [main.py:67]  Calendar 2109 already ended — skipping.
2026-06-23 10:42:07  INFO      [main.py:53]  Checking calendars at 10:42:07
2026-06-23 10:42:07  DEBUG     [client.py:31]  GET https://192.168.1.249:5004/scl/get-all-calender
2026-06-23 10:42:07  INFO      [calendar_service.py:44]  Fetched 6 valid session(s).
2026-06-23 10:42:07  INFO      [main.py:67]  Calendar 2108 already ended — skipping.
2026-06-23 10:42:07  INFO      [main.py:67]  Calendar 2108 already ended — skipping.
2026-06-23 10:42:07  INFO      [main.py:67]  Calendar 2109 already ended — skipping.
2026-06-23 10:42:07  INFO      [main.py:67]  Calendar 2109 already ended — skipping.
2026-06-23 10:42:17  INFO      [main.py:53]  Checking calendars at 10:42:17
2026-06-23 10:42:17  DEBUG     [client.py:31]  GET https://192.168.1.249:5004/scl/get-all-calender
2026-06-23 10:42:17  INFO      [calendar_service.py:44]  Fetched 6 valid session(s).
2026-06-23 10:42:17  INFO      [main.py:67]  Calendar 2108 already ended — skipping.
2026-06-23 10:42:17  INFO      [main.py:67]  Calendar 2108 already ended — skipping.
2026-06-23 10:42:17  INFO      [main.py:67]  Calendar 2109 already ended — skipping.
2026-06-23 10:42:17  INFO      [main.py:67]  Calendar 2109 already ended — skipping.
2026-06-23 10:42:27  INFO      [main.py:53]  Checking calendars at 10:42:27
2026-06-23 10:42:27  DEBUG     [client.py:31]  GET https://192.168.1.249:5004/scl/get-all-calender
2026-06-23 10:42:27  INFO      [calendar_service.py:44]  Fetched 6 valid session(s).
2026-06-23 10:42:27  INFO      [main.py:67]  Calendar 2108 already ended — skipping.
2026-06-23 10:42:27  INFO      [main.py:67]  Calendar 2108 already ended — skipping.
2026-06-23 10:42:27  INFO      [main.py:67]  Calendar 2109 already ended — skipping.
2026-06-23 10:42:27  INFO      [main.py:67]  Calendar 2109 already ended — skipping.
2026-06-23 10:42:37  INFO      [main.py:53]  Checking calendars at 10:42:37
2026-06-23 10:42:37  DEBUG     [client.py:31]  GET https://192.168.1.249:5004/scl/get-all-calender
2026-06-23 10:42:37  INFO      [calendar_service.py:44]  Fetched 6 valid session(s).
2026-06-23 10:42:37  INFO      [main.py:67]  Calendar 2108 already ended — skipping.
2026-06-23 10:42:37  INFO      [main.py:67]  Calendar 2108 already ended — skipping.
2026-06-23 10:42:37  INFO      [main.py:67]  Calendar 2109 already ended — skipping.
2026-06-23 10:42:37  INFO      [main.py:67]  Calendar 2109 already ended — skipping.
2026-06-23 10:42:47  INFO      [main.py:53]  Checking calendars at 10:42:47
2026-06-23 10:42:47  DEBUG     [client.py:31]  GET https://192.168.1.249:5004/scl/get-all-calender
2026-06-23 10:42:47  INFO      [calendar_service.py:44]  Fetched 6 valid session(s).
2026-06-23 10:42:47  INFO      [main.py:67]  Calendar 2108 already ended — skipping.
2026-06-23 10:42:47  INFO      [main.py:67]  Calendar 2108 already ended — skipping.
2026-06-23 10:42:47  INFO      [main.py:67]  Calendar 2109 already ended — skipping.
2026-06-23 10:42:47  INFO      [main.py:67]  Calendar 2109 already ended — skipping.
2026-06-23 10:42:57  INFO      [main.py:53]  Checking calendars at 10:42:57
2026-06-23 10:42:57  DEBUG     [client.py:31]  GET https://192.168.1.249:5004/scl/get-all-calender
2026-06-23 10:42:57  INFO      [calendar_service.py:44]  Fetched 6 valid session(s).
2026-06-23 10:42:57  INFO      [main.py:67]  Calendar 2108 already ended — skipping.
2026-06-23 10:42:57  INFO      [main.py:67]  Calendar 2108 already ended — skipping.
2026-06-23 10:42:57  INFO      [main.py:67]  Calendar 2109 already ended — skipping.
2026-06-23 10:42:57  INFO      [main.py:67]  Calendar 2109 already ended — skipping.
2026-06-23 10:43:07  INFO      [main.py:53]  Checking calendars at 10:43:07
2026-06-23 10:43:07  DEBUG     [client.py:31]  GET https://192.168.1.249:5004/scl/get-all-calender
2026-06-23 10:43:07  INFO      [calendar_service.py:44]  Fetched 6 valid session(s).
2026-06-23 10:43:07  INFO      [main.py:67]  Calendar 2108 already ended — skipping.
2026-06-23 10:43:07  INFO      [main.py:67]  Calendar 2108 already ended — skipping.
2026-06-23 10:43:07  INFO      [main.py:67]  Calendar 2109 already ended — skipping.
2026-06-23 10:43:07  INFO      [main.py:67]  Calendar 2109 already ended — skipping.
2026-06-23 10:43:17  INFO      [main.py:53]  Checking calendars at 10:43:17
2026-06-23 10:43:17  DEBUG     [client.py:31]  GET https://192.168.1.249:5004/scl/get-all-calender
2026-06-23 10:43:17  INFO      [calendar_service.py:44]  Fetched 6 valid session(s).
2026-06-23 10:43:17  INFO      [main.py:67]  Calendar 2108 already ended — skipping.
2026-06-23 10:43:17  INFO      [main.py:67]  Calendar 2108 already ended — skipping.
2026-06-23 10:43:17  INFO      [main.py:67]  Calendar 2109 already ended — skipping.
2026-06-23 10:43:17  INFO      [main.py:67]  Calendar 2109 already ended — skipping.
2026-06-23 10:43:27  INFO      [main.py:53]  Checking calendars at 10:43:27
2026-06-23 10:43:27  DEBUG     [client.py:31]  GET https://192.168.1.249:5004/scl/get-all-calender
2026-06-23 10:43:27  INFO      [calendar_service.py:44]  Fetched 6 valid session(s).
2026-06-23 10:43:27  INFO      [main.py:67]  Calendar 2108 already ended — skipping.
2026-06-23 10:43:27  INFO      [main.py:67]  Calendar 2108 already ended — skipping.
2026-06-23 10:43:27  INFO      [main.py:67]  Calendar 2109 already ended — skipping.
2026-06-23 10:43:27  INFO      [main.py:67]  Calendar 2109 already ended — skipping.
2026-06-23 10:43:37  INFO      [main.py:53]  Checking calendars at 10:43:37
2026-06-23 10:43:37  DEBUG     [client.py:31]  GET https://192.168.1.249:5004/scl/get-all-calender
2026-06-23 10:43:37  INFO      [calendar_service.py:44]  Fetched 6 valid session(s).
2026-06-23 10:43:37  INFO      [main.py:67]  Calendar 2108 already ended — skipping.
2026-06-23 10:43:37  INFO      [main.py:67]  Calendar 2108 already ended — skipping.
2026-06-23 10:43:37  INFO      [main.py:67]  Calendar 2109 already ended — skipping.
2026-06-23 10:43:37  INFO      [main.py:67]  Calendar 2109 already ended — skipping.
2026-06-23 10:43:47  INFO      [main.py:53]  Checking calendars at 10:43:47
2026-06-23 10:43:47  DEBUG     [client.py:31]  GET https://192.168.1.249:5004/scl/get-all-calender
2026-06-23 10:43:47  INFO      [calendar_service.py:44]  Fetched 6 valid session(s).
2026-06-23 10:43:47  INFO      [main.py:67]  Calendar 2108 already ended — skipping.
2026-06-23 10:43:47  INFO      [main.py:67]  Calendar 2108 already ended — skipping.
2026-06-23 10:43:47  INFO      [main.py:67]  Calendar 2109 already ended — skipping.
2026-06-23 10:43:47  INFO      [main.py:67]  Calendar 2109 already ended — skipping.
2026-06-23 10:43:57  INFO      [main.py:53]  Checking calendars at 10:43:57
2026-06-23 10:43:57  DEBUG     [client.py:31]  GET https://192.168.1.249:5004/scl/get-all-calender
2026-06-23 10:43:57  INFO      [calendar_service.py:44]  Fetched 6 valid session(s).
2026-06-23 10:43:57  INFO      [main.py:67]  Calendar 2108 already ended — skipping.
2026-06-23 10:43:57  INFO      [main.py:67]  Calendar 2108 already ended — skipping.
2026-06-23 10:43:57  INFO      [main.py:67]  Calendar 2109 already ended — skipping.
2026-06-23 10:43:57  INFO      [main.py:67]  Calendar 2109 already ended — skipping.
2026-06-23 10:44:07  INFO      [main.py:53]  Checking calendars at 10:44:07
2026-06-23 10:44:07  DEBUG     [client.py:31]  GET https://192.168.1.249:5004/scl/get-all-calender
2026-06-23 10:44:07  INFO      [calendar_service.py:44]  Fetched 6 valid session(s).
2026-06-23 10:44:07  INFO      [main.py:67]  Calendar 2108 already ended — skipping.
2026-06-23 10:44:07  INFO      [main.py:67]  Calendar 2108 already ended — skipping.
2026-06-23 10:44:07  INFO      [main.py:67]  Calendar 2109 already ended — skipping.
2026-06-23 10:44:07  INFO      [main.py:67]  Calendar 2109 already ended — skipping.
2026-06-23 10:44:17  INFO      [main.py:53]  Checking calendars at 10:44:17
2026-06-23 10:44:17  DEBUG     [client.py:31]  GET https://192.168.1.249:5004/scl/get-all-calender
2026-06-23 10:44:17  INFO      [calendar_service.py:44]  Fetched 6 valid session(s).
2026-06-23 10:44:17  INFO      [main.py:67]  Calendar 2108 already ended — skipping.
2026-06-23 10:44:17  INFO      [main.py:67]  Calendar 2108 already ended — skipping.
2026-06-23 10:44:17  INFO      [main.py:67]  Calendar 2109 already ended — skipping.
2026-06-23 10:44:17  INFO      [main.py:67]  Calendar 2109 already ended — skipping.
2026-06-23 10:44:28  INFO      [main.py:53]  Checking calendars at 10:44:28
2026-06-23 10:44:28  DEBUG     [client.py:31]  GET https://192.168.1.249:5004/scl/get-all-calender
2026-06-23 10:44:28  INFO      [calendar_service.py:44]  Fetched 6 valid session(s).
2026-06-23 10:44:28  INFO      [main.py:67]  Calendar 2108 already ended — skipping.
2026-06-23 10:44:28  INFO      [main.py:67]  Calendar 2108 already ended — skipping.
2026-06-23 10:44:28  INFO      [main.py:67]  Calendar 2109 already ended — skipping.
2026-06-23 10:44:28  INFO      [main.py:67]  Calendar 2109 already ended — skipping.
2026-06-23 10:44:38  INFO      [main.py:53]  Checking calendars at 10:44:38
2026-06-23 10:44:38  DEBUG     [client.py:31]  GET https://192.168.1.249:5004/scl/get-all-calender
2026-06-23 10:44:38  INFO      [calendar_service.py:44]  Fetched 6 valid session(s).
2026-06-23 10:44:38  INFO      [main.py:67]  Calendar 2108 already ended — skipping.
2026-06-23 10:44:38  INFO      [main.py:67]  Calendar 2108 already ended — skipping.
2026-06-23 10:44:38  INFO      [main.py:67]  Calendar 2109 already ended — skipping.
2026-06-23 10:44:38  INFO      [main.py:67]  Calendar 2109 already ended — skipping.
2026-06-23 10:44:48  INFO      [main.py:53]  Checking calendars at 10:44:48
2026-06-23 10:44:48  DEBUG     [client.py:31]  GET https://192.168.1.249:5004/scl/get-all-calender
2026-06-23 10:44:48  INFO      [calendar_service.py:44]  Fetched 6 valid session(s).
2026-06-23 10:44:48  INFO      [main.py:67]  Calendar 2108 already ended — skipping.
2026-06-23 10:44:48  INFO      [main.py:67]  Calendar 2108 already ended — skipping.
2026-06-23 10:44:48  INFO      [main.py:67]  Calendar 2109 already ended — skipping.
2026-06-23 10:44:48  INFO      [main.py:67]  Calendar 2109 already ended — skipping.
2026-06-23 10:44:58  INFO      [main.py:53]  Checking calendars at 10:44:58
2026-06-23 10:44:58  DEBUG     [client.py:31]  GET https://192.168.1.249:5004/scl/get-all-calender
2026-06-23 10:44:58  INFO      [calendar_service.py:44]  Fetched 6 valid session(s).
2026-06-23 10:44:58  INFO      [main.py:67]  Calendar 2108 already ended — skipping.
2026-06-23 10:44:58  INFO      [main.py:67]  Calendar 2108 already ended — skipping.
2026-06-23 10:44:58  INFO      [main.py:67]  Calendar 2109 already ended — skipping.
2026-06-23 10:44:58  INFO      [main.py:67]  Calendar 2109 already ended — skipping.
2026-06-23 10:45:08  INFO      [main.py:53]  Checking calendars at 10:45:08
2026-06-23 10:45:08  DEBUG     [client.py:31]  GET https://192.168.1.249:5004/scl/get-all-calender
2026-06-23 10:45:08  INFO      [calendar_service.py:44]  Fetched 6 valid session(s).
2026-06-23 10:45:08  INFO      [main.py:67]  Calendar 2108 already ended — skipping.
2026-06-23 10:45:08  INFO      [main.py:67]  Calendar 2108 already ended — skipping.
2026-06-23 10:45:08  INFO      [main.py:67]  Calendar 2109 already ended — skipping.
2026-06-23 10:45:08  INFO      [main.py:67]  Calendar 2109 already ended — skipping.
2026-06-23 10:45:18  INFO      [main.py:53]  Checking calendars at 10:45:18
2026-06-23 10:45:18  DEBUG     [client.py:31]  GET https://192.168.1.249:5004/scl/get-all-calender
2026-06-23 10:45:18  INFO      [calendar_service.py:44]  Fetched 6 valid session(s).
2026-06-23 10:45:18  INFO      [main.py:67]  Calendar 2108 already ended — skipping.
2026-06-23 10:45:18  INFO      [main.py:67]  Calendar 2108 already ended — skipping.
2026-06-23 10:45:18  INFO      [main.py:67]  Calendar 2109 already ended — skipping.
2026-06-23 10:45:18  INFO      [main.py:67]  Calendar 2109 already ended — skipping.
2026-06-23 10:45:28  INFO      [main.py:53]  Checking calendars at 10:45:28
2026-06-23 10:45:28  DEBUG     [client.py:31]  GET https://192.168.1.249:5004/scl/get-all-calender
2026-06-23 10:45:28  INFO      [calendar_service.py:44]  Fetched 6 valid session(s).
2026-06-23 10:45:28  INFO      [main.py:67]  Calendar 2108 already ended — skipping.
2026-06-23 10:45:28  INFO      [main.py:67]  Calendar 2108 already ended — skipping.
2026-06-23 10:45:28  INFO      [main.py:67]  Calendar 2109 already ended — skipping.
2026-06-23 10:45:28  INFO      [main.py:67]  Calendar 2109 already ended — skipping.
2026-06-23 10:45:38  INFO      [main.py:53]  Checking calendars at 10:45:38
2026-06-23 10:45:38  DEBUG     [client.py:31]  GET https://192.168.1.249:5004/scl/get-all-calender
2026-06-23 10:45:38  INFO      [calendar_service.py:44]  Fetched 6 valid session(s).
2026-06-23 10:45:38  INFO      [main.py:67]  Calendar 2108 already ended — skipping.
2026-06-23 10:45:38  INFO      [main.py:67]  Calendar 2108 already ended — skipping.
2026-06-23 10:45:38  INFO      [main.py:67]  Calendar 2109 already ended — skipping.
2026-06-23 10:45:38  INFO      [main.py:67]  Calendar 2109 already ended — skipping.
2026-06-23 10:45:48  INFO      [main.py:53]  Checking calendars at 10:45:48
2026-06-23 10:45:48  DEBUG     [client.py:31]  GET https://192.168.1.249:5004/scl/get-all-calender
2026-06-23 10:45:48  INFO      [calendar_service.py:44]  Fetched 6 valid session(s).
2026-06-23 10:45:48  INFO      [main.py:67]  Calendar 2108 already ended — skipping.
2026-06-23 10:45:48  INFO      [main.py:67]  Calendar 2108 already ended — skipping.
2026-06-23 10:45:48  INFO      [main.py:67]  Calendar 2109 already ended — skipping.
2026-06-23 10:45:48  INFO      [main.py:67]  Calendar 2109 already ended — skipping.
2026-06-23 10:45:58  INFO      [main.py:53]  Checking calendars at 10:45:58
2026-06-23 10:45:58  DEBUG     [client.py:31]  GET https://192.168.1.249:5004/scl/get-all-calender
2026-06-23 10:45:58  INFO      [calendar_service.py:44]  Fetched 6 valid session(s).
2026-06-23 10:45:58  INFO      [main.py:67]  Calendar 2108 already ended — skipping.
2026-06-23 10:45:58  INFO      [main.py:67]  Calendar 2108 already ended — skipping.
2026-06-23 10:45:58  INFO      [main.py:67]  Calendar 2109 already ended — skipping.
2026-06-23 10:45:58  INFO      [main.py:67]  Calendar 2109 already ended — skipping.
2026-06-23 10:46:08  INFO      [main.py:53]  Checking calendars at 10:46:08
2026-06-23 10:46:08  DEBUG     [client.py:31]  GET https://192.168.1.249:5004/scl/get-all-calender
2026-06-23 10:46:08  INFO      [calendar_service.py:44]  Fetched 6 valid session(s).
2026-06-23 10:46:08  INFO      [main.py:67]  Calendar 2108 already ended — skipping.
2026-06-23 10:46:08  INFO      [main.py:67]  Calendar 2108 already ended — skipping.
2026-06-23 10:46:08  INFO      [main.py:67]  Calendar 2109 already ended — skipping.
2026-06-23 10:46:08  INFO      [main.py:67]  Calendar 2109 already ended — skipping.
2026-06-23 10:46:18  INFO      [main.py:53]  Checking calendars at 10:46:18
2026-06-23 10:46:18  DEBUG     [client.py:31]  GET https://192.168.1.249:5004/scl/get-all-calender
2026-06-23 10:46:18  INFO      [calendar_service.py:44]  Fetched 6 valid session(s).
2026-06-23 10:46:18  INFO      [main.py:67]  Calendar 2108 already ended — skipping.
2026-06-23 10:46:18  INFO      [main.py:67]  Calendar 2108 already ended — skipping.
2026-06-23 10:46:18  INFO      [main.py:67]  Calendar 2109 already ended — skipping.
2026-06-23 10:46:18  INFO      [main.py:67]  Calendar 2109 already ended — skipping.
2026-06-23 10:46:28  INFO      [main.py:53]  Checking calendars at 10:46:28
2026-06-23 10:46:28  DEBUG     [client.py:31]  GET https://192.168.1.249:5004/scl/get-all-calender
2026-06-23 10:46:28  INFO      [calendar_service.py:44]  Fetched 6 valid session(s).
2026-06-23 10:46:28  INFO      [main.py:67]  Calendar 2108 already ended — skipping.
2026-06-23 10:46:28  INFO      [main.py:67]  Calendar 2108 already ended — skipping.
2026-06-23 10:46:28  INFO      [main.py:67]  Calendar 2109 already ended — skipping.
2026-06-23 10:46:28  INFO      [main.py:67]  Calendar 2109 already ended — skipping.
2026-06-23 10:46:38  INFO      [main.py:53]  Checking calendars at 10:46:38
2026-06-23 10:46:38  DEBUG     [client.py:31]  GET https://192.168.1.249:5004/scl/get-all-calender
2026-06-23 10:46:38  INFO      [calendar_service.py:44]  Fetched 6 valid session(s).
2026-06-23 10:46:38  INFO      [main.py:67]  Calendar 2108 already ended — skipping.
2026-06-23 10:46:38  INFO      [main.py:67]  Calendar 2108 already ended — skipping.
2026-06-23 10:46:38  INFO      [main.py:67]  Calendar 2109 already ended — skipping.
2026-06-23 10:46:38  INFO      [main.py:67]  Calendar 2109 already ended — skipping.
2026-06-23 10:46:48  INFO      [main.py:53]  Checking calendars at 10:46:48
2026-06-23 10:46:48  DEBUG     [client.py:31]  GET https://192.168.1.249:5004/scl/get-all-calender
2026-06-23 10:46:48  INFO      [calendar_service.py:44]  Fetched 6 valid session(s).
2026-06-23 10:46:48  INFO      [main.py:67]  Calendar 2108 already ended — skipping.
2026-06-23 10:46:48  INFO      [main.py:67]  Calendar 2108 already ended — skipping.
2026-06-23 10:46:48  INFO      [main.py:67]  Calendar 2109 already ended — skipping.
2026-06-23 10:46:48  INFO      [main.py:67]  Calendar 2109 already ended — skipping.
2026-06-23 10:46:58  INFO      [main.py:53]  Checking calendars at 10:46:58
2026-06-23 10:46:58  DEBUG     [client.py:31]  GET https://192.168.1.249:5004/scl/get-all-calender
2026-06-23 10:46:58  INFO      [calendar_service.py:44]  Fetched 6 valid session(s).
2026-06-23 10:46:58  INFO      [main.py:67]  Calendar 2108 already ended — skipping.
2026-06-23 10:46:58  INFO      [main.py:67]  Calendar 2108 already ended — skipping.
2026-06-23 10:46:58  INFO      [main.py:67]  Calendar 2109 already ended — skipping.
2026-06-23 10:46:58  INFO      [main.py:67]  Calendar 2109 already ended — skipping.
2026-06-23 10:47:08  INFO      [main.py:53]  Checking calendars at 10:47:08
2026-06-23 10:47:08  DEBUG     [client.py:31]  GET https://192.168.1.249:5004/scl/get-all-calender
2026-06-23 10:47:08  INFO      [calendar_service.py:44]  Fetched 6 valid session(s).
2026-06-23 10:47:08  INFO      [main.py:67]  Calendar 2108 already ended — skipping.
2026-06-23 10:47:08  INFO      [main.py:67]  Calendar 2108 already ended — skipping.
2026-06-23 10:47:08  INFO      [main.py:67]  Calendar 2109 already ended — skipping.
2026-06-23 10:47:08  INFO      [main.py:67]  Calendar 2109 already ended — skipping.
2026-06-23 10:47:18  INFO      [main.py:53]  Checking calendars at 10:47:18
2026-06-23 10:47:18  DEBUG     [client.py:31]  GET https://192.168.1.249:5004/scl/get-all-calender
2026-06-23 10:47:18  INFO      [calendar_service.py:44]  Fetched 6 valid session(s).
2026-06-23 10:47:18  INFO      [main.py:67]  Calendar 2108 already ended — skipping.
2026-06-23 10:47:18  INFO      [main.py:67]  Calendar 2108 already ended — skipping.
2026-06-23 10:47:18  INFO      [main.py:67]  Calendar 2109 already ended — skipping.
2026-06-23 10:47:18  INFO      [main.py:67]  Calendar 2109 already ended — skipping.
2026-06-23 10:47:28  INFO      [main.py:53]  Checking calendars at 10:47:28
2026-06-23 10:47:28  DEBUG     [client.py:31]  GET https://192.168.1.249:5004/scl/get-all-calender
2026-06-23 10:47:28  INFO      [calendar_service.py:44]  Fetched 6 valid session(s).
2026-06-23 10:47:28  INFO      [main.py:67]  Calendar 2108 already ended — skipping.
2026-06-23 10:47:28  INFO      [main.py:67]  Calendar 2108 already ended — skipping.
2026-06-23 10:47:28  INFO      [main.py:67]  Calendar 2109 already ended — skipping.
2026-06-23 10:47:28  INFO      [main.py:67]  Calendar 2109 already ended — skipping.
2026-06-23 10:47:38  INFO      [main.py:53]  Checking calendars at 10:47:38
2026-06-23 10:47:38  DEBUG     [client.py:31]  GET https://192.168.1.249:5004/scl/get-all-calender
2026-06-23 10:47:38  INFO      [calendar_service.py:44]  Fetched 6 valid session(s).
2026-06-23 10:47:38  INFO      [main.py:67]  Calendar 2108 already ended — skipping.
2026-06-23 10:47:38  INFO      [main.py:67]  Calendar 2108 already ended — skipping.
2026-06-23 10:47:38  INFO      [main.py:67]  Calendar 2109 already ended — skipping.
2026-06-23 10:47:38  INFO      [main.py:67]  Calendar 2109 already ended — skipping.
2026-06-23 10:47:48  INFO      [main.py:53]  Checking calendars at 10:47:48
2026-06-23 10:47:48  DEBUG     [client.py:31]  GET https://192.168.1.249:5004/scl/get-all-calender
2026-06-23 10:47:48  INFO      [calendar_service.py:44]  Fetched 6 valid session(s).
2026-06-23 10:47:48  INFO      [main.py:67]  Calendar 2108 already ended — skipping.
2026-06-23 10:47:48  INFO      [main.py:67]  Calendar 2108 already ended — skipping.
2026-06-23 10:47:48  INFO      [main.py:67]  Calendar 2109 already ended — skipping.
2026-06-23 10:47:48  INFO      [main.py:67]  Calendar 2109 already ended — skipping.
2026-06-23 10:47:58  INFO      [main.py:53]  Checking calendars at 10:47:58
2026-06-23 10:47:58  DEBUG     [client.py:31]  GET https://192.168.1.249:5004/scl/get-all-calender
2026-06-23 10:47:59  INFO      [calendar_service.py:44]  Fetched 6 valid session(s).
2026-06-23 10:47:59  INFO      [main.py:67]  Calendar 2108 already ended — skipping.
2026-06-23 10:47:59  INFO      [main.py:67]  Calendar 2108 already ended — skipping.
2026-06-23 10:47:59  INFO      [main.py:67]  Calendar 2109 already ended — skipping.
2026-06-23 10:47:59  INFO      [main.py:67]  Calendar 2109 already ended — skipping.
2026-06-23 10:48:09  INFO      [main.py:53]  Checking calendars at 10:48:09
2026-06-23 10:48:09  DEBUG     [client.py:31]  GET https://192.168.1.249:5004/scl/get-all-calender
2026-06-23 10:48:09  INFO      [calendar_service.py:44]  Fetched 6 valid session(s).
2026-06-23 10:48:09  INFO      [main.py:67]  Calendar 2108 already ended — skipping.
2026-06-23 10:48:09  INFO      [main.py:67]  Calendar 2108 already ended — skipping.
2026-06-23 10:48:09  INFO      [main.py:67]  Calendar 2109 already ended — skipping.
2026-06-23 10:48:09  INFO      [main.py:67]  Calendar 2109 already ended — skipping.
2026-06-23 10:48:19  INFO      [main.py:53]  Checking calendars at 10:48:19
2026-06-23 10:48:19  DEBUG     [client.py:31]  GET https://192.168.1.249:5004/scl/get-all-calender
2026-06-23 10:48:19  INFO      [calendar_service.py:44]  Fetched 6 valid session(s).
2026-06-23 10:48:19  INFO      [main.py:67]  Calendar 2108 already ended — skipping.
2026-06-23 10:48:19  INFO      [main.py:67]  Calendar 2108 already ended — skipping.
2026-06-23 10:48:19  INFO      [main.py:67]  Calendar 2109 already ended — skipping.
2026-06-23 10:48:19  INFO      [main.py:67]  Calendar 2109 already ended — skipping.
2026-06-23 10:48:29  INFO      [main.py:53]  Checking calendars at 10:48:29
2026-06-23 10:48:29  DEBUG     [client.py:31]  GET https://192.168.1.249:5004/scl/get-all-calender
2026-06-23 10:48:29  INFO      [calendar_service.py:44]  Fetched 6 valid session(s).
2026-06-23 10:48:29  INFO      [main.py:67]  Calendar 2108 already ended — skipping.
2026-06-23 10:48:29  INFO      [main.py:67]  Calendar 2108 already ended — skipping.
2026-06-23 10:48:29  INFO      [main.py:67]  Calendar 2109 already ended — skipping.
2026-06-23 10:48:29  INFO      [main.py:67]  Calendar 2109 already ended — skipping.
2026-06-23 10:48:39  INFO      [main.py:53]  Checking calendars at 10:48:39
2026-06-23 10:48:39  DEBUG     [client.py:31]  GET https://192.168.1.249:5004/scl/get-all-calender
2026-06-23 10:48:39  INFO      [calendar_service.py:44]  Fetched 6 valid session(s).
2026-06-23 10:48:39  INFO      [main.py:67]  Calendar 2108 already ended — skipping.
2026-06-23 10:48:39  INFO      [main.py:67]  Calendar 2108 already ended — skipping.
2026-06-23 10:48:39  INFO      [main.py:67]  Calendar 2109 already ended — skipping.
2026-06-23 10:48:39  INFO      [main.py:67]  Calendar 2109 already ended — skipping.
2026-06-23 10:48:49  INFO      [main.py:53]  Checking calendars at 10:48:49
2026-06-23 10:48:49  DEBUG     [client.py:31]  GET https://192.168.1.249:5004/scl/get-all-calender
2026-06-23 10:48:49  INFO      [calendar_service.py:44]  Fetched 6 valid session(s).
2026-06-23 10:48:49  INFO      [main.py:67]  Calendar 2108 already ended — skipping.
2026-06-23 10:48:49  INFO      [main.py:67]  Calendar 2108 already ended — skipping.
2026-06-23 10:48:49  INFO      [main.py:67]  Calendar 2109 already ended — skipping.
2026-06-23 10:48:49  INFO      [main.py:67]  Calendar 2109 already ended — skipping.
2026-06-23 10:48:59  INFO      [main.py:53]  Checking calendars at 10:48:59
2026-06-23 10:48:59  DEBUG     [client.py:31]  GET https://192.168.1.249:5004/scl/get-all-calender
2026-06-23 10:48:59  INFO      [calendar_service.py:44]  Fetched 6 valid session(s).
2026-06-23 10:48:59  INFO      [main.py:67]  Calendar 2108 already ended — skipping.
2026-06-23 10:48:59  INFO      [main.py:67]  Calendar 2108 already ended — skipping.
2026-06-23 10:48:59  INFO      [main.py:67]  Calendar 2109 already ended — skipping.
2026-06-23 10:48:59  INFO      [main.py:67]  Calendar 2109 already ended — skipping.
2026-06-23 10:49:09  INFO      [main.py:53]  Checking calendars at 10:49:09
2026-06-23 10:49:09  DEBUG     [client.py:31]  GET https://192.168.1.249:5004/scl/get-all-calender
2026-06-23 10:49:09  INFO      [calendar_service.py:44]  Fetched 6 valid session(s).
2026-06-23 10:49:09  INFO      [main.py:67]  Calendar 2108 already ended — skipping.
2026-06-23 10:49:09  INFO      [main.py:67]  Calendar 2108 already ended — skipping.
2026-06-23 10:49:09  INFO      [main.py:67]  Calendar 2109 already ended — skipping.
2026-06-23 10:49:09  INFO      [main.py:67]  Calendar 2109 already ended — skipping.
2026-06-23 10:49:19  INFO      [main.py:53]  Checking calendars at 10:49:19
2026-06-23 10:49:19  DEBUG     [client.py:31]  GET https://192.168.1.249:5004/scl/get-all-calender
2026-06-23 10:49:19  INFO      [calendar_service.py:44]  Fetched 6 valid session(s).
2026-06-23 10:49:19  INFO      [main.py:67]  Calendar 2108 already ended — skipping.
2026-06-23 10:49:19  INFO      [main.py:67]  Calendar 2108 already ended — skipping.
2026-06-23 10:49:19  INFO      [main.py:67]  Calendar 2109 already ended — skipping.
2026-06-23 10:49:19  INFO      [main.py:67]  Calendar 2109 already ended — skipping.
2026-06-23 10:49:29  INFO      [main.py:53]  Checking calendars at 10:49:29
2026-06-23 10:49:29  DEBUG     [client.py:31]  GET https://192.168.1.249:5004/scl/get-all-calender
2026-06-23 10:49:29  INFO      [calendar_service.py:44]  Fetched 6 valid session(s).
2026-06-23 10:49:29  INFO      [main.py:67]  Calendar 2108 already ended — skipping.
2026-06-23 10:49:29  INFO      [main.py:67]  Calendar 2108 already ended — skipping.
2026-06-23 10:49:29  INFO      [main.py:67]  Calendar 2109 already ended — skipping.
2026-06-23 10:49:29  INFO      [main.py:67]  Calendar 2109 already ended — skipping.
2026-06-23 10:49:39  INFO      [main.py:53]  Checking calendars at 10:49:39
2026-06-23 10:49:39  DEBUG     [client.py:31]  GET https://192.168.1.249:5004/scl/get-all-calender
2026-06-23 10:49:39  INFO      [calendar_service.py:44]  Fetched 6 valid session(s).
2026-06-23 10:49:39  INFO      [main.py:67]  Calendar 2108 already ended — skipping.
2026-06-23 10:49:39  INFO      [main.py:67]  Calendar 2108 already ended — skipping.
2026-06-23 10:49:39  INFO      [main.py:67]  Calendar 2109 already ended — skipping.
2026-06-23 10:49:39  INFO      [main.py:67]  Calendar 2109 already ended — skipping.
2026-06-23 10:49:49  INFO      [main.py:53]  Checking calendars at 10:49:49
2026-06-23 10:49:49  DEBUG     [client.py:31]  GET https://192.168.1.249:5004/scl/get-all-calender
2026-06-23 10:49:49  INFO      [calendar_service.py:44]  Fetched 6 valid session(s).
2026-06-23 10:49:49  INFO      [main.py:67]  Calendar 2108 already ended — skipping.
2026-06-23 10:49:49  INFO      [main.py:67]  Calendar 2108 already ended — skipping.
2026-06-23 10:49:49  INFO      [main.py:67]  Calendar 2109 already ended — skipping.
2026-06-23 10:49:49  INFO      [main.py:67]  Calendar 2109 already ended — skipping.
2026-06-23 10:49:59  INFO      [main.py:53]  Checking calendars at 10:49:59
2026-06-23 10:49:59  DEBUG     [client.py:31]  GET https://192.168.1.249:5004/scl/get-all-calender
2026-06-23 10:49:59  INFO      [calendar_service.py:44]  Fetched 6 valid session(s).
2026-06-23 10:49:59  INFO      [main.py:67]  Calendar 2108 already ended — skipping.
2026-06-23 10:49:59  INFO      [main.py:67]  Calendar 2108 already ended — skipping.
2026-06-23 10:49:59  INFO      [main.py:67]  Calendar 2109 already ended — skipping.
2026-06-23 10:49:59  INFO      [main.py:67]  Calendar 2109 already ended — skipping.
2026-06-23 10:50:09  INFO      [main.py:53]  Checking calendars at 10:50:09
2026-06-23 10:50:09  DEBUG     [client.py:31]  GET https://192.168.1.249:5004/scl/get-all-calender
2026-06-23 10:50:09  INFO      [calendar_service.py:44]  Fetched 6 valid session(s).
2026-06-23 10:50:09  INFO      [main.py:67]  Calendar 2108 already ended — skipping.
2026-06-23 10:50:09  INFO      [main.py:67]  Calendar 2108 already ended — skipping.
2026-06-23 10:50:09  INFO      [main.py:67]  Calendar 2109 already ended — skipping.
2026-06-23 10:50:09  INFO      [main.py:67]  Calendar 2109 already ended — skipping.
2026-06-23 10:50:19  INFO      [main.py:53]  Checking calendars at 10:50:19
2026-06-23 10:50:19  DEBUG     [client.py:31]  GET https://192.168.1.249:5004/scl/get-all-calender
2026-06-23 10:50:19  INFO      [calendar_service.py:44]  Fetched 6 valid session(s).
2026-06-23 10:50:19  INFO      [main.py:67]  Calendar 2108 already ended — skipping.
2026-06-23 10:50:19  INFO      [main.py:67]  Calendar 2108 already ended — skipping.
2026-06-23 10:50:19  INFO      [main.py:67]  Calendar 2109 already ended — skipping.
2026-06-23 10:50:19  INFO      [main.py:67]  Calendar 2109 already ended — skipping.
2026-06-23 10:50:29  INFO      [main.py:53]  Checking calendars at 10:50:29
2026-06-23 10:50:29  DEBUG     [client.py:31]  GET https://192.168.1.249:5004/scl/get-all-calender
2026-06-23 10:50:29  INFO      [calendar_service.py:44]  Fetched 6 valid session(s).
2026-06-23 10:50:29  INFO      [main.py:67]  Calendar 2108 already ended — skipping.
2026-06-23 10:50:29  INFO      [main.py:67]  Calendar 2108 already ended — skipping.
2026-06-23 10:50:29  INFO      [main.py:67]  Calendar 2109 already ended — skipping.
2026-06-23 10:50:29  INFO      [main.py:67]  Calendar 2109 already ended — skipping.
2026-06-23 10:50:39  INFO      [main.py:53]  Checking calendars at 10:50:39
2026-06-23 10:50:39  DEBUG     [client.py:31]  GET https://192.168.1.249:5004/scl/get-all-calender
2026-06-23 10:50:39  INFO      [calendar_service.py:44]  Fetched 6 valid session(s).
2026-06-23 10:50:39  INFO      [main.py:67]  Calendar 2108 already ended — skipping.
2026-06-23 10:50:39  INFO      [main.py:67]  Calendar 2108 already ended — skipping.
2026-06-23 10:50:39  INFO      [main.py:67]  Calendar 2109 already ended — skipping.
2026-06-23 10:50:39  INFO      [main.py:67]  Calendar 2109 already ended — skipping.
2026-06-23 10:50:49  INFO      [main.py:53]  Checking calendars at 10:50:49
2026-06-23 10:50:49  DEBUG     [client.py:31]  GET https://192.168.1.249:5004/scl/get-all-calender
2026-06-23 10:50:49  INFO      [calendar_service.py:44]  Fetched 6 valid session(s).
2026-06-23 10:50:49  INFO      [main.py:67]  Calendar 2108 already ended — skipping.
2026-06-23 10:50:49  INFO      [main.py:67]  Calendar 2108 already ended — skipping.
2026-06-23 10:50:49  INFO      [main.py:67]  Calendar 2109 already ended — skipping.
2026-06-23 10:50:49  INFO      [main.py:67]  Calendar 2109 already ended — skipping.
2026-06-23 10:50:59  INFO      [main.py:53]  Checking calendars at 10:50:59
2026-06-23 10:50:59  DEBUG     [client.py:31]  GET https://192.168.1.249:5004/scl/get-all-calender
2026-06-23 10:50:59  INFO      [calendar_service.py:44]  Fetched 6 valid session(s).
2026-06-23 10:50:59  INFO      [main.py:67]  Calendar 2108 already ended — skipping.
2026-06-23 10:50:59  INFO      [main.py:67]  Calendar 2108 already ended — skipping.
2026-06-23 10:50:59  INFO      [main.py:67]  Calendar 2109 already ended — skipping.
2026-06-23 10:50:59  INFO      [main.py:67]  Calendar 2109 already ended — skipping.
2026-06-23 10:51:09  INFO      [main.py:53]  Checking calendars at 10:51:09
2026-06-23 10:51:09  DEBUG     [client.py:31]  GET https://192.168.1.249:5004/scl/get-all-calender
2026-06-23 10:51:09  INFO      [calendar_service.py:44]  Fetched 6 valid session(s).
2026-06-23 10:51:09  INFO      [main.py:67]  Calendar 2108 already ended — skipping.
2026-06-23 10:51:09  INFO      [main.py:67]  Calendar 2108 already ended — skipping.
2026-06-23 10:51:09  INFO      [main.py:67]  Calendar 2109 already ended — skipping.
2026-06-23 10:51:09  INFO      [main.py:67]  Calendar 2109 already ended — skipping.
2026-06-23 10:51:19  INFO      [main.py:53]  Checking calendars at 10:51:19
2026-06-23 10:51:19  DEBUG     [client.py:31]  GET https://192.168.1.249:5004/scl/get-all-calender
2026-06-23 10:51:19  INFO      [calendar_service.py:44]  Fetched 6 valid session(s).
2026-06-23 10:51:19  INFO      [main.py:67]  Calendar 2108 already ended — skipping.
2026-06-23 10:51:19  INFO      [main.py:67]  Calendar 2108 already ended — skipping.
2026-06-23 10:51:19  INFO      [main.py:67]  Calendar 2109 already ended — skipping.
2026-06-23 10:51:19  INFO      [main.py:67]  Calendar 2109 already ended — skipping.
2026-06-23 10:51:29  INFO      [main.py:53]  Checking calendars at 10:51:29
2026-06-23 10:51:29  DEBUG     [client.py:31]  GET https://192.168.1.249:5004/scl/get-all-calender
2026-06-23 10:51:30  INFO      [calendar_service.py:44]  Fetched 6 valid session(s).
2026-06-23 10:51:30  INFO      [main.py:67]  Calendar 2108 already ended — skipping.
2026-06-23 10:51:30  INFO      [main.py:67]  Calendar 2108 already ended — skipping.
2026-06-23 10:51:30  INFO      [main.py:67]  Calendar 2109 already ended — skipping.
2026-06-23 10:51:30  INFO      [main.py:67]  Calendar 2109 already ended — skipping.
2026-06-23 10:51:40  INFO      [main.py:53]  Checking calendars at 10:51:40
2026-06-23 10:51:40  DEBUG     [client.py:31]  GET https://192.168.1.249:5004/scl/get-all-calender
2026-06-23 10:51:40  INFO      [calendar_service.py:44]  Fetched 6 valid session(s).
2026-06-23 10:51:40  INFO      [main.py:67]  Calendar 2108 already ended — skipping.
2026-06-23 10:51:40  INFO      [main.py:67]  Calendar 2108 already ended — skipping.
2026-06-23 10:51:40  INFO      [main.py:67]  Calendar 2109 already ended — skipping.
2026-06-23 10:51:40  INFO      [main.py:67]  Calendar 2109 already ended — skipping.
2026-06-23 10:51:50  INFO      [main.py:53]  Checking calendars at 10:51:50
2026-06-23 10:51:50  DEBUG     [client.py:31]  GET https://192.168.1.249:5004/scl/get-all-calender
2026-06-23 10:51:50  INFO      [calendar_service.py:44]  Fetched 6 valid session(s).
2026-06-23 10:51:50  INFO      [main.py:67]  Calendar 2108 already ended — skipping.
2026-06-23 10:51:50  INFO      [main.py:67]  Calendar 2108 already ended — skipping.
2026-06-23 10:51:50  INFO      [main.py:67]  Calendar 2109 already ended — skipping.
2026-06-23 10:51:50  INFO      [main.py:67]  Calendar 2109 already ended — skipping.
2026-06-23 10:52:00  INFO      [main.py:53]  Checking calendars at 10:52:00
2026-06-23 10:52:00  DEBUG     [client.py:31]  GET https://192.168.1.249:5004/scl/get-all-calender
2026-06-23 10:52:00  INFO      [calendar_service.py:44]  Fetched 6 valid session(s).
2026-06-23 10:52:00  INFO      [main.py:67]  Calendar 2108 already ended — skipping.
2026-06-23 10:52:00  INFO      [main.py:67]  Calendar 2108 already ended — skipping.
2026-06-23 10:52:00  INFO      [main.py:67]  Calendar 2109 already ended — skipping.
2026-06-23 10:52:00  INFO      [main.py:67]  Calendar 2109 already ended — skipping.
2026-06-23 10:52:10  INFO      [main.py:53]  Checking calendars at 10:52:10
2026-06-23 10:52:10  DEBUG     [client.py:31]  GET https://192.168.1.249:5004/scl/get-all-calender
2026-06-23 10:52:10  INFO      [calendar_service.py:44]  Fetched 6 valid session(s).
2026-06-23 10:52:10  INFO      [main.py:67]  Calendar 2108 already ended — skipping.
2026-06-23 10:52:10  INFO      [main.py:67]  Calendar 2108 already ended — skipping.
2026-06-23 10:52:10  INFO      [main.py:67]  Calendar 2109 already ended — skipping.
2026-06-23 10:52:10  INFO      [main.py:67]  Calendar 2109 already ended — skipping.
2026-06-23 10:52:20  INFO      [main.py:53]  Checking calendars at 10:52:20
2026-06-23 10:52:20  DEBUG     [client.py:31]  GET https://192.168.1.249:5004/scl/get-all-calender
2026-06-23 10:52:20  INFO      [calendar_service.py:44]  Fetched 6 valid session(s).
2026-06-23 10:52:20  INFO      [main.py:67]  Calendar 2108 already ended — skipping.
2026-06-23 10:52:20  INFO      [main.py:67]  Calendar 2108 already ended — skipping.
2026-06-23 10:52:20  INFO      [main.py:67]  Calendar 2109 already ended — skipping.
2026-06-23 10:52:20  INFO      [main.py:67]  Calendar 2109 already ended — skipping.
2026-06-23 10:52:30  INFO      [main.py:53]  Checking calendars at 10:52:30
2026-06-23 10:52:30  DEBUG     [client.py:31]  GET https://192.168.1.249:5004/scl/get-all-calender
2026-06-23 10:52:30  INFO      [calendar_service.py:44]  Fetched 6 valid session(s).
2026-06-23 10:52:30  INFO      [main.py:67]  Calendar 2108 already ended — skipping.
2026-06-23 10:52:30  INFO      [main.py:67]  Calendar 2108 already ended — skipping.
2026-06-23 10:52:30  INFO      [main.py:67]  Calendar 2109 already ended — skipping.
2026-06-23 10:52:30  INFO      [main.py:67]  Calendar 2109 already ended — skipping.
2026-06-23 10:52:40  INFO      [main.py:53]  Checking calendars at 10:52:40
2026-06-23 10:52:40  DEBUG     [client.py:31]  GET https://192.168.1.249:5004/scl/get-all-calender
2026-06-23 10:52:40  INFO      [calendar_service.py:44]  Fetched 6 valid session(s).
2026-06-23 10:52:40  INFO      [main.py:67]  Calendar 2108 already ended — skipping.
2026-06-23 10:52:40  INFO      [main.py:67]  Calendar 2108 already ended — skipping.
2026-06-23 10:52:40  INFO      [main.py:67]  Calendar 2109 already ended — skipping.
2026-06-23 10:52:40  INFO      [main.py:67]  Calendar 2109 already ended — skipping.
2026-06-23 10:52:50  INFO      [main.py:53]  Checking calendars at 10:52:50
2026-06-23 10:52:50  DEBUG     [client.py:31]  GET https://192.168.1.249:5004/scl/get-all-calender
2026-06-23 10:52:50  INFO      [calendar_service.py:44]  Fetched 6 valid session(s).
2026-06-23 10:52:50  INFO      [main.py:67]  Calendar 2108 already ended — skipping.
2026-06-23 10:52:50  INFO      [main.py:67]  Calendar 2108 already ended — skipping.
2026-06-23 10:52:50  INFO      [main.py:67]  Calendar 2109 already ended — skipping.
2026-06-23 10:52:50  INFO      [main.py:67]  Calendar 2109 already ended — skipping.
2026-06-23 10:53:00  INFO      [main.py:53]  Checking calendars at 10:53:00
2026-06-23 10:53:00  DEBUG     [client.py:31]  GET https://192.168.1.249:5004/scl/get-all-calender
2026-06-23 10:53:00  INFO      [calendar_service.py:44]  Fetched 6 valid session(s).
2026-06-23 10:53:00  INFO      [main.py:67]  Calendar 2108 already ended — skipping.
2026-06-23 10:53:00  INFO      [main.py:67]  Calendar 2108 already ended — skipping.
2026-06-23 10:53:00  INFO      [main.py:67]  Calendar 2109 already ended — skipping.
2026-06-23 10:53:00  INFO      [main.py:67]  Calendar 2109 already ended — skipping.
2026-06-23 10:53:10  INFO      [main.py:53]  Checking calendars at 10:53:10
2026-06-23 10:53:10  DEBUG     [client.py:31]  GET https://192.168.1.249:5004/scl/get-all-calender
2026-06-23 10:53:10  INFO      [calendar_service.py:44]  Fetched 6 valid session(s).
2026-06-23 10:53:10  INFO      [main.py:67]  Calendar 2108 already ended — skipping.
2026-06-23 10:53:10  INFO      [main.py:67]  Calendar 2108 already ended — skipping.
2026-06-23 10:53:10  INFO      [main.py:67]  Calendar 2109 already ended — skipping.
2026-06-23 10:53:10  INFO      [main.py:67]  Calendar 2109 already ended — skipping.
2026-06-23 10:53:20  INFO      [main.py:53]  Checking calendars at 10:53:20
2026-06-23 10:53:20  DEBUG     [client.py:31]  GET https://192.168.1.249:5004/scl/get-all-calender
2026-06-23 10:53:20  INFO      [calendar_service.py:44]  Fetched 6 valid session(s).
2026-06-23 10:53:20  INFO      [main.py:67]  Calendar 2108 already ended — skipping.
2026-06-23 10:53:20  INFO      [main.py:67]  Calendar 2108 already ended — skipping.
2026-06-23 10:53:20  INFO      [main.py:67]  Calendar 2109 already ended — skipping.
2026-06-23 10:53:20  INFO      [main.py:67]  Calendar 2109 already ended — skipping.
2026-06-23 10:53:30  INFO      [main.py:53]  Checking calendars at 10:53:30
2026-06-23 10:53:30  DEBUG     [client.py:31]  GET https://192.168.1.249:5004/scl/get-all-calender
2026-06-23 10:53:30  INFO      [calendar_service.py:44]  Fetched 6 valid session(s).
2026-06-23 10:53:30  INFO      [main.py:67]  Calendar 2108 already ended — skipping.
2026-06-23 10:53:30  INFO      [main.py:67]  Calendar 2108 already ended — skipping.
2026-06-23 10:53:30  INFO      [main.py:67]  Calendar 2109 already ended — skipping.
2026-06-23 10:53:30  INFO      [main.py:67]  Calendar 2109 already ended — skipping.
2026-06-23 10:53:40  INFO      [main.py:53]  Checking calendars at 10:53:40
2026-06-23 10:53:40  DEBUG     [client.py:31]  GET https://192.168.1.249:5004/scl/get-all-calender
2026-06-23 10:53:40  INFO      [calendar_service.py:44]  Fetched 6 valid session(s).
2026-06-23 10:53:40  INFO      [main.py:67]  Calendar 2108 already ended — skipping.
2026-06-23 10:53:40  INFO      [main.py:67]  Calendar 2108 already ended — skipping.
2026-06-23 10:53:40  INFO      [main.py:67]  Calendar 2109 already ended — skipping.
2026-06-23 10:53:40  INFO      [main.py:67]  Calendar 2109 already ended — skipping.
2026-06-23 10:53:50  INFO      [main.py:53]  Checking calendars at 10:53:50
2026-06-23 10:53:50  DEBUG     [client.py:31]  GET https://192.168.1.249:5004/scl/get-all-calender
2026-06-23 10:53:50  INFO      [calendar_service.py:44]  Fetched 6 valid session(s).
2026-06-23 10:53:50  INFO      [main.py:67]  Calendar 2108 already ended — skipping.
2026-06-23 10:53:50  INFO      [main.py:67]  Calendar 2108 already ended — skipping.
2026-06-23 10:53:50  INFO      [main.py:67]  Calendar 2109 already ended — skipping.
2026-06-23 10:53:50  INFO      [main.py:67]  Calendar 2109 already ended — skipping.
2026-06-23 10:54:00  INFO      [main.py:53]  Checking calendars at 10:54:00
2026-06-23 10:54:00  DEBUG     [client.py:31]  GET https://192.168.1.249:5004/scl/get-all-calender
2026-06-23 10:54:00  INFO      [calendar_service.py:44]  Fetched 6 valid session(s).
2026-06-23 10:54:00  INFO      [main.py:67]  Calendar 2108 already ended — skipping.
2026-06-23 10:54:00  INFO      [main.py:67]  Calendar 2108 already ended — skipping.
2026-06-23 10:54:00  INFO      [main.py:67]  Calendar 2109 already ended — skipping.
2026-06-23 10:54:00  INFO      [main.py:67]  Calendar 2109 already ended — skipping.
